--
-- app
--
INSERT INTO app_portfolio.app (id, app_name, url, logo, enabled, app_category_id) VALUES (0,'Admin', 'https://localhost/admin', '/admin/images/logo.png', 1, null);
--
-- setting_type
--
INSERT INTO app_portfolio.setting_type (id, setting_type_name, app_id) VALUES (1, 'APP_THEME', 0);
INSERT INTO app_portfolio.setting_type (id, setting_type_name, app_id) VALUES (2, 'PAPER_SIZE', 0);
INSERT INTO app_portfolio.setting_type (id, setting_type_name, app_id) VALUES (3, 'TIMEZONE', 0);
INSERT INTO app_portfolio.setting_type (id, setting_type_name, app_id) VALUES (4, 'NUMBER_SYSTEM', 0);
INSERT INTO app_portfolio.setting_type (id, setting_type_name, app_id) VALUES (5, 'DIRECTION', 0);
INSERT INTO app_portfolio.setting_type (id, setting_type_name, app_id) VALUES (6, 'ARABIC_SCRIPT', 0);
INSERT INTO app_portfolio.setting_type (id, setting_type_name, app_id) VALUES (7, 'CALENDAR_TYPE', 0);
INSERT INTO app_portfolio.setting_type (id, setting_type_name, app_id) VALUES (8, 'CALENDAR_HIJRI_TYPE', 0);
INSERT INTO app_portfolio.setting_type (id, setting_type_name, app_id) VALUES (9, 'MAP_TYPE', 0);
--
-- setting
--
INSERT INTO app_portfolio.setting (description, data, data2, data3, data4, data5, setting_type_id) VALUES ('Light','1',NULL,NULL,NULL,NULL,1);
INSERT INTO app_portfolio.setting (description, data, data2, data3, data4, data5, setting_type_id) VALUES ('Dark','2',NULL,NULL,NULL,NULL,1);
INSERT INTO app_portfolio.setting (description, data, data2, data3, data4, data5, setting_type_id) VALUES ('Caffè Latte','3',NULL,NULL,NULL,NULL,1);

INSERT INTO app_portfolio.setting (description, data, data2, data3, data4, data5, setting_type_id) VALUES ('A4 (210 x 297 mm) portrait','A4',NULL,NULL,NULL,NULL,2);
INSERT INTO app_portfolio.setting (description, data, data2, data3, data4, data5, setting_type_id) VALUES ('Letter (8.5in x 11 in) portrait','Letter',NULL,NULL,NULL,NULL,2);

INSERT INTO app_portfolio.setting (description, data, data2, data3, data4, data5, setting_type_id) VALUES ('Africa/Abidjan','Africa/Abidjan',NULL,NULL,NULL,NULL,3);
INSERT INTO app_portfolio.setting (description, data, data2, data3, data4, data5, setting_type_id) VALUES ('Africa/Accra','Africa/Accra',NULL,NULL,NULL,NULL,3);
INSERT INTO app_portfolio.setting (description, data, data2, data3, data4, data5, setting_type_id) VALUES ('Africa/Addis_Ababa','Africa/Addis_Ababa',NULL,NULL,NULL,NULL,3);
INSERT INTO app_portfolio.setting (description, data, data2, data3, data4, data5, setting_type_id) VALUES ('Africa/Algiers','Africa/Algiers',NULL,NULL,NULL,NULL,3);
INSERT INTO app_portfolio.setting (description, data, data2, data3, data4, data5, setting_type_id) VALUES ('Africa/Asmara','Africa/Asmara',NULL,NULL,NULL,NULL,3);
INSERT INTO app_portfolio.setting (description, data, data2, data3, data4, data5, setting_type_id) VALUES ('Africa/Bamako','Africa/Bamako',NULL,NULL,NULL,NULL,3);
INSERT INTO app_portfolio.setting (description, data, data2, data3, data4, data5, setting_type_id) VALUES ('Africa/Bangui','Africa/Bangui',NULL,NULL,NULL,NULL,3);
INSERT INTO app_portfolio.setting (description, data, data2, data3, data4, data5, setting_type_id) VALUES ('Africa/Banjul','Africa/Banjul',NULL,NULL,NULL,NULL,3);
INSERT INTO app_portfolio.setting (description, data, data2, data3, data4, data5, setting_type_id) VALUES ('Africa/Bissau','Africa/Bissau',NULL,NULL,NULL,NULL,3);
INSERT INTO app_portfolio.setting (description, data, data2, data3, data4, data5, setting_type_id) VALUES ('Africa/Blantyre','Africa/Blantyre',NULL,NULL,NULL,NULL,3);
INSERT INTO app_portfolio.setting (description, data, data2, data3, data4, data5, setting_type_id) VALUES ('Africa/Brazzaville','Africa/Brazzaville',NULL,NULL,NULL,NULL,3);
INSERT INTO app_portfolio.setting (description, data, data2, data3, data4, data5, setting_type_id) VALUES ('Africa/Bujumbura','Africa/Bujumbura',NULL,NULL,NULL,NULL,3);
INSERT INTO app_portfolio.setting (description, data, data2, data3, data4, data5, setting_type_id) VALUES ('Africa/Cairo','Africa/Cairo',NULL,NULL,NULL,NULL,3);
INSERT INTO app_portfolio.setting (description, data, data2, data3, data4, data5, setting_type_id) VALUES ('Africa/Casablanca','Africa/Casablanca',NULL,NULL,NULL,NULL,3);
INSERT INTO app_portfolio.setting (description, data, data2, data3, data4, data5, setting_type_id) VALUES ('Africa/Ceuta','Africa/Ceuta',NULL,NULL,NULL,NULL,3);
INSERT INTO app_portfolio.setting (description, data, data2, data3, data4, data5, setting_type_id) VALUES ('Africa/Conakry','Africa/Conakry',NULL,NULL,NULL,NULL,3);
INSERT INTO app_portfolio.setting (description, data, data2, data3, data4, data5, setting_type_id) VALUES ('Africa/Dakar','Africa/Dakar',NULL,NULL,NULL,NULL,3);
INSERT INTO app_portfolio.setting (description, data, data2, data3, data4, data5, setting_type_id) VALUES ('Africa/Dar_es_Salaam','Africa/Dar_es_Salaam',NULL,NULL,NULL,NULL,3);
INSERT INTO app_portfolio.setting (description, data, data2, data3, data4, data5, setting_type_id) VALUES ('Africa/Djibouti','Africa/Djibouti',NULL,NULL,NULL,NULL,3);
INSERT INTO app_portfolio.setting (description, data, data2, data3, data4, data5, setting_type_id) VALUES ('Africa/Douala','Africa/Douala',NULL,NULL,NULL,NULL,3);
INSERT INTO app_portfolio.setting (description, data, data2, data3, data4, data5, setting_type_id) VALUES ('Africa/El_Aaiun','Africa/El_Aaiun',NULL,NULL,NULL,NULL,3);
INSERT INTO app_portfolio.setting (description, data, data2, data3, data4, data5, setting_type_id) VALUES ('Africa/Freetown','Africa/Freetown',NULL,NULL,NULL,NULL,3);
INSERT INTO app_portfolio.setting (description, data, data2, data3, data4, data5, setting_type_id) VALUES ('Africa/Gaborone','Africa/Gaborone',NULL,NULL,NULL,NULL,3);
INSERT INTO app_portfolio.setting (description, data, data2, data3, data4, data5, setting_type_id) VALUES ('Africa/Harare','Africa/Harare',NULL,NULL,NULL,NULL,3);
INSERT INTO app_portfolio.setting (description, data, data2, data3, data4, data5, setting_type_id) VALUES ('Africa/Johannesburg','Africa/Johannesburg',NULL,NULL,NULL,NULL,3);
INSERT INTO app_portfolio.setting (description, data, data2, data3, data4, data5, setting_type_id) VALUES ('Africa/Juba','Africa/Juba',NULL,NULL,NULL,NULL,3);
INSERT INTO app_portfolio.setting (description, data, data2, data3, data4, data5, setting_type_id) VALUES ('Africa/Kampala','Africa/Kampala',NULL,NULL,NULL,NULL,3);
INSERT INTO app_portfolio.setting (description, data, data2, data3, data4, data5, setting_type_id) VALUES ('Africa/Khartoum','Africa/Khartoum',NULL,NULL,NULL,NULL,3);
INSERT INTO app_portfolio.setting (description, data, data2, data3, data4, data5, setting_type_id) VALUES ('Africa/Kigali','Africa/Kigali',NULL,NULL,NULL,NULL,3);
INSERT INTO app_portfolio.setting (description, data, data2, data3, data4, data5, setting_type_id) VALUES ('Africa/Kinshasa','Africa/Kinshasa',NULL,NULL,NULL,NULL,3);
INSERT INTO app_portfolio.setting (description, data, data2, data3, data4, data5, setting_type_id) VALUES ('Africa/Lagos','Africa/Lagos',NULL,NULL,NULL,NULL,3);
INSERT INTO app_portfolio.setting (description, data, data2, data3, data4, data5, setting_type_id) VALUES ('Africa/Libreville','Africa/Libreville',NULL,NULL,NULL,NULL,3);
INSERT INTO app_portfolio.setting (description, data, data2, data3, data4, data5, setting_type_id) VALUES ('Africa/Lome','Africa/Lome',NULL,NULL,NULL,NULL,3);
INSERT INTO app_portfolio.setting (description, data, data2, data3, data4, data5, setting_type_id) VALUES ('Africa/Luanda','Africa/Luanda',NULL,NULL,NULL,NULL,3);
INSERT INTO app_portfolio.setting (description, data, data2, data3, data4, data5, setting_type_id) VALUES ('Africa/Lubumbashi','Africa/Lubumbashi',NULL,NULL,NULL,NULL,3);
INSERT INTO app_portfolio.setting (description, data, data2, data3, data4, data5, setting_type_id) VALUES ('Africa/Lusaka','Africa/Lusaka',NULL,NULL,NULL,NULL,3);
INSERT INTO app_portfolio.setting (description, data, data2, data3, data4, data5, setting_type_id) VALUES ('Africa/Malabo','Africa/Malabo',NULL,NULL,NULL,NULL,3);
INSERT INTO app_portfolio.setting (description, data, data2, data3, data4, data5, setting_type_id) VALUES ('Africa/Maputo','Africa/Maputo',NULL,NULL,NULL,NULL,3);
INSERT INTO app_portfolio.setting (description, data, data2, data3, data4, data5, setting_type_id) VALUES ('Africa/Maseru','Africa/Maseru',NULL,NULL,NULL,NULL,3);
INSERT INTO app_portfolio.setting (description, data, data2, data3, data4, data5, setting_type_id) VALUES ('Africa/Mbabane','Africa/Mbabane',NULL,NULL,NULL,NULL,3);
INSERT INTO app_portfolio.setting (description, data, data2, data3, data4, data5, setting_type_id) VALUES ('Africa/Mogadishu','Africa/Mogadishu',NULL,NULL,NULL,NULL,3);
INSERT INTO app_portfolio.setting (description, data, data2, data3, data4, data5, setting_type_id) VALUES ('Africa/Monrovia','Africa/Monrovia',NULL,NULL,NULL,NULL,3);
INSERT INTO app_portfolio.setting (description, data, data2, data3, data4, data5, setting_type_id) VALUES ('Africa/Nairobi','Africa/Nairobi',NULL,NULL,NULL,NULL,3);
INSERT INTO app_portfolio.setting (description, data, data2, data3, data4, data5, setting_type_id) VALUES ('Africa/Ndjamena','Africa/Ndjamena',NULL,NULL,NULL,NULL,3);
INSERT INTO app_portfolio.setting (description, data, data2, data3, data4, data5, setting_type_id) VALUES ('Africa/Niamey','Africa/Niamey',NULL,NULL,NULL,NULL,3);
INSERT INTO app_portfolio.setting (description, data, data2, data3, data4, data5, setting_type_id) VALUES ('Africa/Nouakchott','Africa/Nouakchott',NULL,NULL,NULL,NULL,3);
INSERT INTO app_portfolio.setting (description, data, data2, data3, data4, data5, setting_type_id) VALUES ('Africa/Ouagadougou','Africa/Ouagadougou',NULL,NULL,NULL,NULL,3);
INSERT INTO app_portfolio.setting (description, data, data2, data3, data4, data5, setting_type_id) VALUES ('Africa/Porto-Novo','Africa/Porto-Novo',NULL,NULL,NULL,NULL,3);
INSERT INTO app_portfolio.setting (description, data, data2, data3, data4, data5, setting_type_id) VALUES ('Africa/Sao_Tome','Africa/Sao_Tome',NULL,NULL,NULL,NULL,3);
INSERT INTO app_portfolio.setting (description, data, data2, data3, data4, data5, setting_type_id) VALUES ('Africa/Tripoli','Africa/Tripoli',NULL,NULL,NULL,NULL,3);
INSERT INTO app_portfolio.setting (description, data, data2, data3, data4, data5, setting_type_id) VALUES ('Africa/Tunis','Africa/Tunis',NULL,NULL,NULL,NULL,3);
INSERT INTO app_portfolio.setting (description, data, data2, data3, data4, data5, setting_type_id) VALUES ('Africa/Windhoek','Africa/Windhoek',NULL,NULL,NULL,NULL,3);
INSERT INTO app_portfolio.setting (description, data, data2, data3, data4, data5, setting_type_id) VALUES ('America/Adak','America/Adak',NULL,NULL,NULL,NULL,3);
INSERT INTO app_portfolio.setting (description, data, data2, data3, data4, data5, setting_type_id) VALUES ('America/Anchorage','America/Anchorage',NULL,NULL,NULL,NULL,3);
INSERT INTO app_portfolio.setting (description, data, data2, data3, data4, data5, setting_type_id) VALUES ('America/Anguilla','America/Anguilla',NULL,NULL,NULL,NULL,3);
INSERT INTO app_portfolio.setting (description, data, data2, data3, data4, data5, setting_type_id) VALUES ('America/Antigua','America/Antigua',NULL,NULL,NULL,NULL,3);
INSERT INTO app_portfolio.setting (description, data, data2, data3, data4, data5, setting_type_id) VALUES ('America/Araguaina','America/Araguaina',NULL,NULL,NULL,NULL,3);
INSERT INTO app_portfolio.setting (description, data, data2, data3, data4, data5, setting_type_id) VALUES ('America/Argentina/Buenos_Aires','America/Argentina/Buenos_Aires',NULL,NULL,NULL,NULL,3);
INSERT INTO app_portfolio.setting (description, data, data2, data3, data4, data5, setting_type_id) VALUES ('America/Argentina/Catamarca','America/Argentina/Catamarca',NULL,NULL,NULL,NULL,3);
INSERT INTO app_portfolio.setting (description, data, data2, data3, data4, data5, setting_type_id) VALUES ('America/Argentina/Cordoba','America/Argentina/Cordoba',NULL,NULL,NULL,NULL,3);
INSERT INTO app_portfolio.setting (description, data, data2, data3, data4, data5, setting_type_id) VALUES ('America/Argentina/Jujuy','America/Argentina/Jujuy',NULL,NULL,NULL,NULL,3);
INSERT INTO app_portfolio.setting (description, data, data2, data3, data4, data5, setting_type_id) VALUES ('America/Argentina/La_Rioja','America/Argentina/La_Rioja',NULL,NULL,NULL,NULL,3);
INSERT INTO app_portfolio.setting (description, data, data2, data3, data4, data5, setting_type_id) VALUES ('America/Argentina/Mendoza','America/Argentina/Mendoza',NULL,NULL,NULL,NULL,3);
INSERT INTO app_portfolio.setting (description, data, data2, data3, data4, data5, setting_type_id) VALUES ('America/Argentina/Rio_Gallegos','America/Argentina/Rio_Gallegos',NULL,NULL,NULL,NULL,3);
INSERT INTO app_portfolio.setting (description, data, data2, data3, data4, data5, setting_type_id) VALUES ('America/Argentina/Salta','America/Argentina/Salta',NULL,NULL,NULL,NULL,3);
INSERT INTO app_portfolio.setting (description, data, data2, data3, data4, data5, setting_type_id) VALUES ('America/Argentina/San_Juan','America/Argentina/San_Juan',NULL,NULL,NULL,NULL,3);
INSERT INTO app_portfolio.setting (description, data, data2, data3, data4, data5, setting_type_id) VALUES ('America/Argentina/San_Luis','America/Argentina/San_Luis',NULL,NULL,NULL,NULL,3);
INSERT INTO app_portfolio.setting (description, data, data2, data3, data4, data5, setting_type_id) VALUES ('America/Argentina/Tucuman','America/Argentina/Tucuman',NULL,NULL,NULL,NULL,3);
INSERT INTO app_portfolio.setting (description, data, data2, data3, data4, data5, setting_type_id) VALUES ('America/Argentina/Ushuaia','America/Argentina/Ushuaia',NULL,NULL,NULL,NULL,3);
INSERT INTO app_portfolio.setting (description, data, data2, data3, data4, data5, setting_type_id) VALUES ('America/Aruba','America/Aruba',NULL,NULL,NULL,NULL,3);
INSERT INTO app_portfolio.setting (description, data, data2, data3, data4, data5, setting_type_id) VALUES ('America/Asuncion','America/Asuncion',NULL,NULL,NULL,NULL,3);
INSERT INTO app_portfolio.setting (description, data, data2, data3, data4, data5, setting_type_id) VALUES ('America/Atikokan','America/Atikokan',NULL,NULL,NULL,NULL,3);
INSERT INTO app_portfolio.setting (description, data, data2, data3, data4, data5, setting_type_id) VALUES ('America/Bahia','America/Bahia',NULL,NULL,NULL,NULL,3);
INSERT INTO app_portfolio.setting (description, data, data2, data3, data4, data5, setting_type_id) VALUES ('America/Bahia_Banderas','America/Bahia_Banderas',NULL,NULL,NULL,NULL,3);
INSERT INTO app_portfolio.setting (description, data, data2, data3, data4, data5, setting_type_id) VALUES ('America/Barbados','America/Barbados',NULL,NULL,NULL,NULL,3);
INSERT INTO app_portfolio.setting (description, data, data2, data3, data4, data5, setting_type_id) VALUES ('America/Belem','America/Belem',NULL,NULL,NULL,NULL,3);
INSERT INTO app_portfolio.setting (description, data, data2, data3, data4, data5, setting_type_id) VALUES ('America/Belize','America/Belize',NULL,NULL,NULL,NULL,3);
INSERT INTO app_portfolio.setting (description, data, data2, data3, data4, data5, setting_type_id) VALUES ('America/Blanc-Sablon','America/Blanc-Sablon',NULL,NULL,NULL,NULL,3);
INSERT INTO app_portfolio.setting (description, data, data2, data3, data4, data5, setting_type_id) VALUES ('America/Boa_Vista','America/Boa_Vista',NULL,NULL,NULL,NULL,3);
INSERT INTO app_portfolio.setting (description, data, data2, data3, data4, data5, setting_type_id) VALUES ('America/Bogota','America/Bogota',NULL,NULL,NULL,NULL,3);
INSERT INTO app_portfolio.setting (description, data, data2, data3, data4, data5, setting_type_id) VALUES ('America/Boise','America/Boise',NULL,NULL,NULL,NULL,3);
INSERT INTO app_portfolio.setting (description, data, data2, data3, data4, data5, setting_type_id) VALUES ('America/Cambridge_Bay','America/Cambridge_Bay',NULL,NULL,NULL,NULL,3);
INSERT INTO app_portfolio.setting (description, data, data2, data3, data4, data5, setting_type_id) VALUES ('America/Campo_Grande','America/Campo_Grande',NULL,NULL,NULL,NULL,3);
INSERT INTO app_portfolio.setting (description, data, data2, data3, data4, data5, setting_type_id) VALUES ('America/Cancun','America/Cancun',NULL,NULL,NULL,NULL,3);
INSERT INTO app_portfolio.setting (description, data, data2, data3, data4, data5, setting_type_id) VALUES ('America/Caracas','America/Caracas',NULL,NULL,NULL,NULL,3);
INSERT INTO app_portfolio.setting (description, data, data2, data3, data4, data5, setting_type_id) VALUES ('America/Cayenne','America/Cayenne',NULL,NULL,NULL,NULL,3);
INSERT INTO app_portfolio.setting (description, data, data2, data3, data4, data5, setting_type_id) VALUES ('America/Cayman','America/Cayman',NULL,NULL,NULL,NULL,3);
INSERT INTO app_portfolio.setting (description, data, data2, data3, data4, data5, setting_type_id) VALUES ('America/Chicago','America/Chicago',NULL,NULL,NULL,NULL,3);
INSERT INTO app_portfolio.setting (description, data, data2, data3, data4, data5, setting_type_id) VALUES ('America/Chihuahua','America/Chihuahua',NULL,NULL,NULL,NULL,3);
INSERT INTO app_portfolio.setting (description, data, data2, data3, data4, data5, setting_type_id) VALUES ('America/Coral_Harbour','America/Coral_Harbour',NULL,NULL,NULL,NULL,3);
INSERT INTO app_portfolio.setting (description, data, data2, data3, data4, data5, setting_type_id) VALUES ('America/Costa_Rica','America/Costa_Rica',NULL,NULL,NULL,NULL,3);
INSERT INTO app_portfolio.setting (description, data, data2, data3, data4, data5, setting_type_id) VALUES ('America/Creston','America/Creston',NULL,NULL,NULL,NULL,3);
INSERT INTO app_portfolio.setting (description, data, data2, data3, data4, data5, setting_type_id) VALUES ('America/Cuiaba','America/Cuiaba',NULL,NULL,NULL,NULL,3);
INSERT INTO app_portfolio.setting (description, data, data2, data3, data4, data5, setting_type_id) VALUES ('America/Curacao','America/Curacao',NULL,NULL,NULL,NULL,3);
INSERT INTO app_portfolio.setting (description, data, data2, data3, data4, data5, setting_type_id) VALUES ('America/Danmarkshavn','America/Danmarkshavn',NULL,NULL,NULL,NULL,3);
INSERT INTO app_portfolio.setting (description, data, data2, data3, data4, data5, setting_type_id) VALUES ('America/Dawson','America/Dawson',NULL,NULL,NULL,NULL,3);
INSERT INTO app_portfolio.setting (description, data, data2, data3, data4, data5, setting_type_id) VALUES ('America/Dawson_Creek','America/Dawson_Creek',NULL,NULL,NULL,NULL,3);
INSERT INTO app_portfolio.setting (description, data, data2, data3, data4, data5, setting_type_id) VALUES ('America/Denver','America/Denver',NULL,NULL,NULL,NULL,3);
INSERT INTO app_portfolio.setting (description, data, data2, data3, data4, data5, setting_type_id) VALUES ('America/Detroit','America/Detroit',NULL,NULL,NULL,NULL,3);
INSERT INTO app_portfolio.setting (description, data, data2, data3, data4, data5, setting_type_id) VALUES ('America/Dominica','America/Dominica',NULL,NULL,NULL,NULL,3);
INSERT INTO app_portfolio.setting (description, data, data2, data3, data4, data5, setting_type_id) VALUES ('America/Edmonton','America/Edmonton',NULL,NULL,NULL,NULL,3);
INSERT INTO app_portfolio.setting (description, data, data2, data3, data4, data5, setting_type_id) VALUES ('America/Eirunepe','America/Eirunepe',NULL,NULL,NULL,NULL,3);
INSERT INTO app_portfolio.setting (description, data, data2, data3, data4, data5, setting_type_id) VALUES ('America/El_Salvador','America/El_Salvador',NULL,NULL,NULL,NULL,3);
INSERT INTO app_portfolio.setting (description, data, data2, data3, data4, data5, setting_type_id) VALUES ('America/Fort_Nelson','America/Fort_Nelson',NULL,NULL,NULL,NULL,3);
INSERT INTO app_portfolio.setting (description, data, data2, data3, data4, data5, setting_type_id) VALUES ('America/Fortaleza','America/Fortaleza',NULL,NULL,NULL,NULL,3);
INSERT INTO app_portfolio.setting (description, data, data2, data3, data4, data5, setting_type_id) VALUES ('America/Glace_Bay','America/Glace_Bay',NULL,NULL,NULL,NULL,3);
INSERT INTO app_portfolio.setting (description, data, data2, data3, data4, data5, setting_type_id) VALUES ('America/Godthab','America/Godthab',NULL,NULL,NULL,NULL,3);
INSERT INTO app_portfolio.setting (description, data, data2, data3, data4, data5, setting_type_id) VALUES ('America/Goose_Bay','America/Goose_Bay',NULL,NULL,NULL,NULL,3);
INSERT INTO app_portfolio.setting (description, data, data2, data3, data4, data5, setting_type_id) VALUES ('America/Grand_Turk','America/Grand_Turk',NULL,NULL,NULL,NULL,3);
INSERT INTO app_portfolio.setting (description, data, data2, data3, data4, data5, setting_type_id) VALUES ('America/Grenada','America/Grenada',NULL,NULL,NULL,NULL,3);
INSERT INTO app_portfolio.setting (description, data, data2, data3, data4, data5, setting_type_id) VALUES ('America/Guadeloupe','America/Guadeloupe',NULL,NULL,NULL,NULL,3);
INSERT INTO app_portfolio.setting (description, data, data2, data3, data4, data5, setting_type_id) VALUES ('America/Guatemala','America/Guatemala',NULL,NULL,NULL,NULL,3);
INSERT INTO app_portfolio.setting (description, data, data2, data3, data4, data5, setting_type_id) VALUES ('America/Guayaquil','America/Guayaquil',NULL,NULL,NULL,NULL,3);
INSERT INTO app_portfolio.setting (description, data, data2, data3, data4, data5, setting_type_id) VALUES ('America/Guyana','America/Guyana',NULL,NULL,NULL,NULL,3);
INSERT INTO app_portfolio.setting (description, data, data2, data3, data4, data5, setting_type_id) VALUES ('America/Halifax','America/Halifax',NULL,NULL,NULL,NULL,3);
INSERT INTO app_portfolio.setting (description, data, data2, data3, data4, data5, setting_type_id) VALUES ('America/Havana','America/Havana',NULL,NULL,NULL,NULL,3);
INSERT INTO app_portfolio.setting (description, data, data2, data3, data4, data5, setting_type_id) VALUES ('America/Hermosillo','America/Hermosillo',NULL,NULL,NULL,NULL,3);
INSERT INTO app_portfolio.setting (description, data, data2, data3, data4, data5, setting_type_id) VALUES ('America/Indiana/Indianapolis','America/Indiana/Indianapolis',NULL,NULL,NULL,NULL,3);
INSERT INTO app_portfolio.setting (description, data, data2, data3, data4, data5, setting_type_id) VALUES ('America/Indiana/Knox','America/Indiana/Knox',NULL,NULL,NULL,NULL,3);
INSERT INTO app_portfolio.setting (description, data, data2, data3, data4, data5, setting_type_id) VALUES ('America/Indiana/Marengo','America/Indiana/Marengo',NULL,NULL,NULL,NULL,3);
INSERT INTO app_portfolio.setting (description, data, data2, data3, data4, data5, setting_type_id) VALUES ('America/Indiana/Petersburg','America/Indiana/Petersburg',NULL,NULL,NULL,NULL,3);
INSERT INTO app_portfolio.setting (description, data, data2, data3, data4, data5, setting_type_id) VALUES ('America/Indiana/Tell_City','America/Indiana/Tell_City',NULL,NULL,NULL,NULL,3);
INSERT INTO app_portfolio.setting (description, data, data2, data3, data4, data5, setting_type_id) VALUES ('America/Indiana/Vevay','America/Indiana/Vevay',NULL,NULL,NULL,NULL,3);
INSERT INTO app_portfolio.setting (description, data, data2, data3, data4, data5, setting_type_id) VALUES ('America/Indiana/Vincennes','America/Indiana/Vincennes',NULL,NULL,NULL,NULL,3);
INSERT INTO app_portfolio.setting (description, data, data2, data3, data4, data5, setting_type_id) VALUES ('America/Indiana/Winamac','America/Indiana/Winamac',NULL,NULL,NULL,NULL,3);
INSERT INTO app_portfolio.setting (description, data, data2, data3, data4, data5, setting_type_id) VALUES ('America/Inuvik','America/Inuvik',NULL,NULL,NULL,NULL,3);
INSERT INTO app_portfolio.setting (description, data, data2, data3, data4, data5, setting_type_id) VALUES ('America/Iqaluit','America/Iqaluit',NULL,NULL,NULL,NULL,3);
INSERT INTO app_portfolio.setting (description, data, data2, data3, data4, data5, setting_type_id) VALUES ('America/Jamaica','America/Jamaica',NULL,NULL,NULL,NULL,3);
INSERT INTO app_portfolio.setting (description, data, data2, data3, data4, data5, setting_type_id) VALUES ('America/Juneau','America/Juneau',NULL,NULL,NULL,NULL,3);
INSERT INTO app_portfolio.setting (description, data, data2, data3, data4, data5, setting_type_id) VALUES ('America/Kentucky/Louisville','America/Kentucky/Louisville',NULL,NULL,NULL,NULL,3);
INSERT INTO app_portfolio.setting (description, data, data2, data3, data4, data5, setting_type_id) VALUES ('America/Kentucky/Monticello','America/Kentucky/Monticello',NULL,NULL,NULL,NULL,3);
INSERT INTO app_portfolio.setting (description, data, data2, data3, data4, data5, setting_type_id) VALUES ('America/Kralendijk','America/Kralendijk',NULL,NULL,NULL,NULL,3);
INSERT INTO app_portfolio.setting (description, data, data2, data3, data4, data5, setting_type_id) VALUES ('America/La_Paz','America/La_Paz',NULL,NULL,NULL,NULL,3);
INSERT INTO app_portfolio.setting (description, data, data2, data3, data4, data5, setting_type_id) VALUES ('America/Lima','America/Lima',NULL,NULL,NULL,NULL,3);
INSERT INTO app_portfolio.setting (description, data, data2, data3, data4, data5, setting_type_id) VALUES ('America/Los_Angeles','America/Los_Angeles',NULL,NULL,NULL,NULL,3);
INSERT INTO app_portfolio.setting (description, data, data2, data3, data4, data5, setting_type_id) VALUES ('America/Lower_Princes','America/Lower_Princes',NULL,NULL,NULL,NULL,3);
INSERT INTO app_portfolio.setting (description, data, data2, data3, data4, data5, setting_type_id) VALUES ('America/Maceio','America/Maceio',NULL,NULL,NULL,NULL,3);
INSERT INTO app_portfolio.setting (description, data, data2, data3, data4, data5, setting_type_id) VALUES ('America/Managua','America/Managua',NULL,NULL,NULL,NULL,3);
INSERT INTO app_portfolio.setting (description, data, data2, data3, data4, data5, setting_type_id) VALUES ('America/Manaus','America/Manaus',NULL,NULL,NULL,NULL,3);
INSERT INTO app_portfolio.setting (description, data, data2, data3, data4, data5, setting_type_id) VALUES ('America/Marigot','America/Marigot',NULL,NULL,NULL,NULL,3);
INSERT INTO app_portfolio.setting (description, data, data2, data3, data4, data5, setting_type_id) VALUES ('America/Martinique','America/Martinique',NULL,NULL,NULL,NULL,3);
INSERT INTO app_portfolio.setting (description, data, data2, data3, data4, data5, setting_type_id) VALUES ('America/Matamoros','America/Matamoros',NULL,NULL,NULL,NULL,3);
INSERT INTO app_portfolio.setting (description, data, data2, data3, data4, data5, setting_type_id) VALUES ('America/Mazatlan','America/Mazatlan',NULL,NULL,NULL,NULL,3);
INSERT INTO app_portfolio.setting (description, data, data2, data3, data4, data5, setting_type_id) VALUES ('America/Menominee','America/Menominee',NULL,NULL,NULL,NULL,3);
INSERT INTO app_portfolio.setting (description, data, data2, data3, data4, data5, setting_type_id) VALUES ('America/Merida','America/Merida',NULL,NULL,NULL,NULL,3);
INSERT INTO app_portfolio.setting (description, data, data2, data3, data4, data5, setting_type_id) VALUES ('America/Metlakatla','America/Metlakatla',NULL,NULL,NULL,NULL,3);
INSERT INTO app_portfolio.setting (description, data, data2, data3, data4, data5, setting_type_id) VALUES ('America/Mexico_City','America/Mexico_City',NULL,NULL,NULL,NULL,3);
INSERT INTO app_portfolio.setting (description, data, data2, data3, data4, data5, setting_type_id) VALUES ('America/Miquelon','America/Miquelon',NULL,NULL,NULL,NULL,3);
INSERT INTO app_portfolio.setting (description, data, data2, data3, data4, data5, setting_type_id) VALUES ('America/Moncton','America/Moncton',NULL,NULL,NULL,NULL,3);
INSERT INTO app_portfolio.setting (description, data, data2, data3, data4, data5, setting_type_id) VALUES ('America/Monterrey','America/Monterrey',NULL,NULL,NULL,NULL,3);
INSERT INTO app_portfolio.setting (description, data, data2, data3, data4, data5, setting_type_id) VALUES ('America/Montevideo','America/Montevideo',NULL,NULL,NULL,NULL,3);
INSERT INTO app_portfolio.setting (description, data, data2, data3, data4, data5, setting_type_id) VALUES ('America/Montreal','America/Montreal',NULL,NULL,NULL,NULL,3);
INSERT INTO app_portfolio.setting (description, data, data2, data3, data4, data5, setting_type_id) VALUES ('America/Montserrat','America/Montserrat',NULL,NULL,NULL,NULL,3);
INSERT INTO app_portfolio.setting (description, data, data2, data3, data4, data5, setting_type_id) VALUES ('America/Nassau','America/Nassau',NULL,NULL,NULL,NULL,3);
INSERT INTO app_portfolio.setting (description, data, data2, data3, data4, data5, setting_type_id) VALUES ('America/New_York','America/New_York',NULL,NULL,NULL,NULL,3);
INSERT INTO app_portfolio.setting (description, data, data2, data3, data4, data5, setting_type_id) VALUES ('America/Nipigon','America/Nipigon',NULL,NULL,NULL,NULL,3);
INSERT INTO app_portfolio.setting (description, data, data2, data3, data4, data5, setting_type_id) VALUES ('America/Nome','America/Nome',NULL,NULL,NULL,NULL,3);
INSERT INTO app_portfolio.setting (description, data, data2, data3, data4, data5, setting_type_id) VALUES ('America/Noronha','America/Noronha',NULL,NULL,NULL,NULL,3);
INSERT INTO app_portfolio.setting (description, data, data2, data3, data4, data5, setting_type_id) VALUES ('America/North_Dakota/Beulah','America/North_Dakota/Beulah',NULL,NULL,NULL,NULL,3);
INSERT INTO app_portfolio.setting (description, data, data2, data3, data4, data5, setting_type_id) VALUES ('America/North_Dakota/Center','America/North_Dakota/Center',NULL,NULL,NULL,NULL,3);
INSERT INTO app_portfolio.setting (description, data, data2, data3, data4, data5, setting_type_id) VALUES ('America/North_Dakota/New_Salem','America/North_Dakota/New_Salem',NULL,NULL,NULL,NULL,3);
INSERT INTO app_portfolio.setting (description, data, data2, data3, data4, data5, setting_type_id) VALUES ('America/Ojinaga','America/Ojinaga',NULL,NULL,NULL,NULL,3);
INSERT INTO app_portfolio.setting (description, data, data2, data3, data4, data5, setting_type_id) VALUES ('America/Panama','America/Panama',NULL,NULL,NULL,NULL,3);
INSERT INTO app_portfolio.setting (description, data, data2, data3, data4, data5, setting_type_id) VALUES ('America/Pangnirtung','America/Pangnirtung',NULL,NULL,NULL,NULL,3);
INSERT INTO app_portfolio.setting (description, data, data2, data3, data4, data5, setting_type_id) VALUES ('America/Paramaribo','America/Paramaribo',NULL,NULL,NULL,NULL,3);
INSERT INTO app_portfolio.setting (description, data, data2, data3, data4, data5, setting_type_id) VALUES ('America/Phoenix','America/Phoenix',NULL,NULL,NULL,NULL,3);
INSERT INTO app_portfolio.setting (description, data, data2, data3, data4, data5, setting_type_id) VALUES ('America/Port_of_Spain','America/Port_of_Spain',NULL,NULL,NULL,NULL,3);
INSERT INTO app_portfolio.setting (description, data, data2, data3, data4, data5, setting_type_id) VALUES ('America/Port-au-Prince','America/Port-au-Prince',NULL,NULL,NULL,NULL,3);
INSERT INTO app_portfolio.setting (description, data, data2, data3, data4, data5, setting_type_id) VALUES ('America/Porto_Velho','America/Porto_Velho',NULL,NULL,NULL,NULL,3);
INSERT INTO app_portfolio.setting (description, data, data2, data3, data4, data5, setting_type_id) VALUES ('America/Puerto_Rico','America/Puerto_Rico',NULL,NULL,NULL,NULL,3);
INSERT INTO app_portfolio.setting (description, data, data2, data3, data4, data5, setting_type_id) VALUES ('America/Rainy_River','America/Rainy_River',NULL,NULL,NULL,NULL,3);
INSERT INTO app_portfolio.setting (description, data, data2, data3, data4, data5, setting_type_id) VALUES ('America/Rankin_Inlet','America/Rankin_Inlet',NULL,NULL,NULL,NULL,3);
INSERT INTO app_portfolio.setting (description, data, data2, data3, data4, data5, setting_type_id) VALUES ('America/Recife','America/Recife',NULL,NULL,NULL,NULL,3);
INSERT INTO app_portfolio.setting (description, data, data2, data3, data4, data5, setting_type_id) VALUES ('America/Regina','America/Regina',NULL,NULL,NULL,NULL,3);
INSERT INTO app_portfolio.setting (description, data, data2, data3, data4, data5, setting_type_id) VALUES ('America/Resolute','America/Resolute',NULL,NULL,NULL,NULL,3);
INSERT INTO app_portfolio.setting (description, data, data2, data3, data4, data5, setting_type_id) VALUES ('America/Rio_Branco','America/Rio_Branco',NULL,NULL,NULL,NULL,3);
INSERT INTO app_portfolio.setting (description, data, data2, data3, data4, data5, setting_type_id) VALUES ('America/Santarem','America/Santarem',NULL,NULL,NULL,NULL,3);
INSERT INTO app_portfolio.setting (description, data, data2, data3, data4, data5, setting_type_id) VALUES ('America/Santiago','America/Santiago',NULL,NULL,NULL,NULL,3);
INSERT INTO app_portfolio.setting (description, data, data2, data3, data4, data5, setting_type_id) VALUES ('America/Santo_Domingo','America/Santo_Domingo',NULL,NULL,NULL,NULL,3);
INSERT INTO app_portfolio.setting (description, data, data2, data3, data4, data5, setting_type_id) VALUES ('America/Sao_Paulo','America/Sao_Paulo',NULL,NULL,NULL,NULL,3);
INSERT INTO app_portfolio.setting (description, data, data2, data3, data4, data5, setting_type_id) VALUES ('America/Scoresbysund','America/Scoresbysund',NULL,NULL,NULL,NULL,3);
INSERT INTO app_portfolio.setting (description, data, data2, data3, data4, data5, setting_type_id) VALUES ('America/Sitka','America/Sitka',NULL,NULL,NULL,NULL,3);
INSERT INTO app_portfolio.setting (description, data, data2, data3, data4, data5, setting_type_id) VALUES ('America/St_Barthelemy','America/St_Barthelemy',NULL,NULL,NULL,NULL,3);
INSERT INTO app_portfolio.setting (description, data, data2, data3, data4, data5, setting_type_id) VALUES ('America/St_Johns','America/St_Johns',NULL,NULL,NULL,NULL,3);
INSERT INTO app_portfolio.setting (description, data, data2, data3, data4, data5, setting_type_id) VALUES ('America/St_Kitts','America/St_Kitts',NULL,NULL,NULL,NULL,3);
INSERT INTO app_portfolio.setting (description, data, data2, data3, data4, data5, setting_type_id) VALUES ('America/St_Lucia','America/St_Lucia',NULL,NULL,NULL,NULL,3);
INSERT INTO app_portfolio.setting (description, data, data2, data3, data4, data5, setting_type_id) VALUES ('America/St_Thomas','America/St_Thomas',NULL,NULL,NULL,NULL,3);
INSERT INTO app_portfolio.setting (description, data, data2, data3, data4, data5, setting_type_id) VALUES ('America/St_Vincent','America/St_Vincent',NULL,NULL,NULL,NULL,3);
INSERT INTO app_portfolio.setting (description, data, data2, data3, data4, data5, setting_type_id) VALUES ('America/Swift_Current','America/Swift_Current',NULL,NULL,NULL,NULL,3);
INSERT INTO app_portfolio.setting (description, data, data2, data3, data4, data5, setting_type_id) VALUES ('America/Tegucigalpa','America/Tegucigalpa',NULL,NULL,NULL,NULL,3);
INSERT INTO app_portfolio.setting (description, data, data2, data3, data4, data5, setting_type_id) VALUES ('America/Thule','America/Thule',NULL,NULL,NULL,NULL,3);
INSERT INTO app_portfolio.setting (description, data, data2, data3, data4, data5, setting_type_id) VALUES ('America/Thunder_Bay','America/Thunder_Bay',NULL,NULL,NULL,NULL,3);
INSERT INTO app_portfolio.setting (description, data, data2, data3, data4, data5, setting_type_id) VALUES ('America/Tijuana','America/Tijuana',NULL,NULL,NULL,NULL,3);
INSERT INTO app_portfolio.setting (description, data, data2, data3, data4, data5, setting_type_id) VALUES ('America/Toronto','America/Toronto',NULL,NULL,NULL,NULL,3);
INSERT INTO app_portfolio.setting (description, data, data2, data3, data4, data5, setting_type_id) VALUES ('America/Tortola','America/Tortola',NULL,NULL,NULL,NULL,3);
INSERT INTO app_portfolio.setting (description, data, data2, data3, data4, data5, setting_type_id) VALUES ('America/Vancouver','America/Vancouver',NULL,NULL,NULL,NULL,3);
INSERT INTO app_portfolio.setting (description, data, data2, data3, data4, data5, setting_type_id) VALUES ('America/Whitehorse','America/Whitehorse',NULL,NULL,NULL,NULL,3);
INSERT INTO app_portfolio.setting (description, data, data2, data3, data4, data5, setting_type_id) VALUES ('America/Winnipeg','America/Winnipeg',NULL,NULL,NULL,NULL,3);
INSERT INTO app_portfolio.setting (description, data, data2, data3, data4, data5, setting_type_id) VALUES ('America/Yakutat','America/Yakutat',NULL,NULL,NULL,NULL,3);
INSERT INTO app_portfolio.setting (description, data, data2, data3, data4, data5, setting_type_id) VALUES ('America/Yellowknife','America/Yellowknife',NULL,NULL,NULL,NULL,3);
INSERT INTO app_portfolio.setting (description, data, data2, data3, data4, data5, setting_type_id) VALUES ('Antarctica/Macquarie','Antarctica/Macquarie',NULL,NULL,NULL,NULL,3);
INSERT INTO app_portfolio.setting (description, data, data2, data3, data4, data5, setting_type_id) VALUES ('Arctic/Longyearbyen','Arctic/Longyearbyen',NULL,NULL,NULL,NULL,3);
INSERT INTO app_portfolio.setting (description, data, data2, data3, data4, data5, setting_type_id) VALUES ('Asia/Aden','Asia/Aden',NULL,NULL,NULL,NULL,3);
INSERT INTO app_portfolio.setting (description, data, data2, data3, data4, data5, setting_type_id) VALUES ('Asia/Almaty','Asia/Almaty',NULL,NULL,NULL,NULL,3);
INSERT INTO app_portfolio.setting (description, data, data2, data3, data4, data5, setting_type_id) VALUES ('Asia/Amman','Asia/Amman',NULL,NULL,NULL,NULL,3);
INSERT INTO app_portfolio.setting (description, data, data2, data3, data4, data5, setting_type_id) VALUES ('Asia/Anadyr','Asia/Anadyr',NULL,NULL,NULL,NULL,3);
INSERT INTO app_portfolio.setting (description, data, data2, data3, data4, data5, setting_type_id) VALUES ('Asia/Aqtau','Asia/Aqtau',NULL,NULL,NULL,NULL,3);
INSERT INTO app_portfolio.setting (description, data, data2, data3, data4, data5, setting_type_id) VALUES ('Asia/Aqtobe','Asia/Aqtobe',NULL,NULL,NULL,NULL,3);
INSERT INTO app_portfolio.setting (description, data, data2, data3, data4, data5, setting_type_id) VALUES ('Asia/Ashgabat','Asia/Ashgabat',NULL,NULL,NULL,NULL,3);
INSERT INTO app_portfolio.setting (description, data, data2, data3, data4, data5, setting_type_id) VALUES ('Asia/Baghdad','Asia/Baghdad',NULL,NULL,NULL,NULL,3);
INSERT INTO app_portfolio.setting (description, data, data2, data3, data4, data5, setting_type_id) VALUES ('Asia/Bahrain','Asia/Bahrain',NULL,NULL,NULL,NULL,3);
INSERT INTO app_portfolio.setting (description, data, data2, data3, data4, data5, setting_type_id) VALUES ('Asia/Baku','Asia/Baku',NULL,NULL,NULL,NULL,3);
INSERT INTO app_portfolio.setting (description, data, data2, data3, data4, data5, setting_type_id) VALUES ('Asia/Bangkok','Asia/Bangkok',NULL,NULL,NULL,NULL,3);
INSERT INTO app_portfolio.setting (description, data, data2, data3, data4, data5, setting_type_id) VALUES ('Asia/Barnaul','Asia/Barnaul',NULL,NULL,NULL,NULL,3);
INSERT INTO app_portfolio.setting (description, data, data2, data3, data4, data5, setting_type_id) VALUES ('Asia/Beirut','Asia/Beirut',NULL,NULL,NULL,NULL,3);
INSERT INTO app_portfolio.setting (description, data, data2, data3, data4, data5, setting_type_id) VALUES ('Asia/Bishkek','Asia/Bishkek',NULL,NULL,NULL,NULL,3);
INSERT INTO app_portfolio.setting (description, data, data2, data3, data4, data5, setting_type_id) VALUES ('Asia/Brunei','Asia/Brunei',NULL,NULL,NULL,NULL,3);
INSERT INTO app_portfolio.setting (description, data, data2, data3, data4, data5, setting_type_id) VALUES ('Asia/Chita','Asia/Chita',NULL,NULL,NULL,NULL,3);
INSERT INTO app_portfolio.setting (description, data, data2, data3, data4, data5, setting_type_id) VALUES ('Asia/Choibalsan','Asia/Choibalsan',NULL,NULL,NULL,NULL,3);
INSERT INTO app_portfolio.setting (description, data, data2, data3, data4, data5, setting_type_id) VALUES ('Asia/Chongqing','Asia/Chongqing',NULL,NULL,NULL,NULL,3);
INSERT INTO app_portfolio.setting (description, data, data2, data3, data4, data5, setting_type_id) VALUES ('Asia/Colombo','Asia/Colombo',NULL,NULL,NULL,NULL,3);
INSERT INTO app_portfolio.setting (description, data, data2, data3, data4, data5, setting_type_id) VALUES ('Asia/Damascus','Asia/Damascus',NULL,NULL,NULL,NULL,3);
INSERT INTO app_portfolio.setting (description, data, data2, data3, data4, data5, setting_type_id) VALUES ('Asia/Dhaka','Asia/Dhaka',NULL,NULL,NULL,NULL,3);
INSERT INTO app_portfolio.setting (description, data, data2, data3, data4, data5, setting_type_id) VALUES ('Asia/Dili','Asia/Dili',NULL,NULL,NULL,NULL,3);
INSERT INTO app_portfolio.setting (description, data, data2, data3, data4, data5, setting_type_id) VALUES ('Asia/Dubai','Asia/Dubai',NULL,NULL,NULL,NULL,3);
INSERT INTO app_portfolio.setting (description, data, data2, data3, data4, data5, setting_type_id) VALUES ('Asia/Dushanbe','Asia/Dushanbe',NULL,NULL,NULL,NULL,3);
INSERT INTO app_portfolio.setting (description, data, data2, data3, data4, data5, setting_type_id) VALUES ('Asia/Gaza','Asia/Gaza',NULL,NULL,NULL,NULL,3);
INSERT INTO app_portfolio.setting (description, data, data2, data3, data4, data5, setting_type_id) VALUES ('Asia/Harbin','Asia/Harbin',NULL,NULL,NULL,NULL,3);
INSERT INTO app_portfolio.setting (description, data, data2, data3, data4, data5, setting_type_id) VALUES ('Asia/Hebron','Asia/Hebron',NULL,NULL,NULL,NULL,3);
INSERT INTO app_portfolio.setting (description, data, data2, data3, data4, data5, setting_type_id) VALUES ('Asia/Ho_Chi_Minh','Asia/Ho_Chi_Minh',NULL,NULL,NULL,NULL,3);
INSERT INTO app_portfolio.setting (description, data, data2, data3, data4, data5, setting_type_id) VALUES ('Asia/Hong_Kong','Asia/Hong_Kong',NULL,NULL,NULL,NULL,3);
INSERT INTO app_portfolio.setting (description, data, data2, data3, data4, data5, setting_type_id) VALUES ('Asia/Hovd','Asia/Hovd',NULL,NULL,NULL,NULL,3);
INSERT INTO app_portfolio.setting (description, data, data2, data3, data4, data5, setting_type_id) VALUES ('Asia/Irkutsk','Asia/Irkutsk',NULL,NULL,NULL,NULL,3);
INSERT INTO app_portfolio.setting (description, data, data2, data3, data4, data5, setting_type_id) VALUES ('Asia/Jakarta','Asia/Jakarta',NULL,NULL,NULL,NULL,3);
INSERT INTO app_portfolio.setting (description, data, data2, data3, data4, data5, setting_type_id) VALUES ('Asia/Jayapura','Asia/Jayapura',NULL,NULL,NULL,NULL,3);
INSERT INTO app_portfolio.setting (description, data, data2, data3, data4, data5, setting_type_id) VALUES ('Asia/Jerusalem','Asia/Jerusalem',NULL,NULL,NULL,NULL,3);
INSERT INTO app_portfolio.setting (description, data, data2, data3, data4, data5, setting_type_id) VALUES ('Asia/Kabul','Asia/Kabul',NULL,NULL,NULL,NULL,3);
INSERT INTO app_portfolio.setting (description, data, data2, data3, data4, data5, setting_type_id) VALUES ('Asia/Kamchatka','Asia/Kamchatka',NULL,NULL,NULL,NULL,3);
INSERT INTO app_portfolio.setting (description, data, data2, data3, data4, data5, setting_type_id) VALUES ('Asia/Karachi','Asia/Karachi',NULL,NULL,NULL,NULL,3);
INSERT INTO app_portfolio.setting (description, data, data2, data3, data4, data5, setting_type_id) VALUES ('Asia/Kashgar','Asia/Kashgar',NULL,NULL,NULL,NULL,3);
INSERT INTO app_portfolio.setting (description, data, data2, data3, data4, data5, setting_type_id) VALUES ('Asia/Kathmandu','Asia/Kathmandu',NULL,NULL,NULL,NULL,3);
INSERT INTO app_portfolio.setting (description, data, data2, data3, data4, data5, setting_type_id) VALUES ('Asia/Khandyga','Asia/Khandyga',NULL,NULL,NULL,NULL,3);
INSERT INTO app_portfolio.setting (description, data, data2, data3, data4, data5, setting_type_id) VALUES ('Asia/Kolkata','Asia/Kolkata',NULL,NULL,NULL,NULL,3);
INSERT INTO app_portfolio.setting (description, data, data2, data3, data4, data5, setting_type_id) VALUES ('Asia/Krasnoyarsk','Asia/Krasnoyarsk',NULL,NULL,NULL,NULL,3);
INSERT INTO app_portfolio.setting (description, data, data2, data3, data4, data5, setting_type_id) VALUES ('Asia/Kuala_Lumpur','Asia/Kuala_Lumpur',NULL,NULL,NULL,NULL,3);
INSERT INTO app_portfolio.setting (description, data, data2, data3, data4, data5, setting_type_id) VALUES ('Asia/Kuching','Asia/Kuching',NULL,NULL,NULL,NULL,3);
INSERT INTO app_portfolio.setting (description, data, data2, data3, data4, data5, setting_type_id) VALUES ('Asia/Kuwait','Asia/Kuwait',NULL,NULL,NULL,NULL,3);
INSERT INTO app_portfolio.setting (description, data, data2, data3, data4, data5, setting_type_id) VALUES ('Asia/Macau','Asia/Macau',NULL,NULL,NULL,NULL,3);
INSERT INTO app_portfolio.setting (description, data, data2, data3, data4, data5, setting_type_id) VALUES ('Asia/Magadan','Asia/Magadan',NULL,NULL,NULL,NULL,3);
INSERT INTO app_portfolio.setting (description, data, data2, data3, data4, data5, setting_type_id) VALUES ('Asia/Makassar','Asia/Makassar',NULL,NULL,NULL,NULL,3);
INSERT INTO app_portfolio.setting (description, data, data2, data3, data4, data5, setting_type_id) VALUES ('Asia/Manila','Asia/Manila',NULL,NULL,NULL,NULL,3);
INSERT INTO app_portfolio.setting (description, data, data2, data3, data4, data5, setting_type_id) VALUES ('Asia/Muscat','Asia/Muscat',NULL,NULL,NULL,NULL,3);
INSERT INTO app_portfolio.setting (description, data, data2, data3, data4, data5, setting_type_id) VALUES ('Asia/Nicosia','Asia/Nicosia',NULL,NULL,NULL,NULL,3);
INSERT INTO app_portfolio.setting (description, data, data2, data3, data4, data5, setting_type_id) VALUES ('Asia/Novokuznetsk','Asia/Novokuznetsk',NULL,NULL,NULL,NULL,3);
INSERT INTO app_portfolio.setting (description, data, data2, data3, data4, data5, setting_type_id) VALUES ('Asia/Novosibirsk','Asia/Novosibirsk',NULL,NULL,NULL,NULL,3);
INSERT INTO app_portfolio.setting (description, data, data2, data3, data4, data5, setting_type_id) VALUES ('Asia/Omsk','Asia/Omsk',NULL,NULL,NULL,NULL,3);
INSERT INTO app_portfolio.setting (description, data, data2, data3, data4, data5, setting_type_id) VALUES ('Asia/Oral','Asia/Oral',NULL,NULL,NULL,NULL,3);
INSERT INTO app_portfolio.setting (description, data, data2, data3, data4, data5, setting_type_id) VALUES ('Asia/Phnom_Penh','Asia/Phnom_Penh',NULL,NULL,NULL,NULL,3);
INSERT INTO app_portfolio.setting (description, data, data2, data3, data4, data5, setting_type_id) VALUES ('Asia/Pontianak','Asia/Pontianak',NULL,NULL,NULL,NULL,3);
INSERT INTO app_portfolio.setting (description, data, data2, data3, data4, data5, setting_type_id) VALUES ('Asia/Pyongyang','Asia/Pyongyang',NULL,NULL,NULL,NULL,3);
INSERT INTO app_portfolio.setting (description, data, data2, data3, data4, data5, setting_type_id) VALUES ('Asia/Qatar','Asia/Qatar',NULL,NULL,NULL,NULL,3);
INSERT INTO app_portfolio.setting (description, data, data2, data3, data4, data5, setting_type_id) VALUES ('Asia/Qyzylorda','Asia/Qyzylorda',NULL,NULL,NULL,NULL,3);
INSERT INTO app_portfolio.setting (description, data, data2, data3, data4, data5, setting_type_id) VALUES ('Asia/Rangoon','Asia/Rangoon',NULL,NULL,NULL,NULL,3);
INSERT INTO app_portfolio.setting (description, data, data2, data3, data4, data5, setting_type_id) VALUES ('Asia/Riyadh','Asia/Riyadh',NULL,NULL,NULL,NULL,3);
INSERT INTO app_portfolio.setting (description, data, data2, data3, data4, data5, setting_type_id) VALUES ('Asia/Sakhalin','Asia/Sakhalin',NULL,NULL,NULL,NULL,3);
INSERT INTO app_portfolio.setting (description, data, data2, data3, data4, data5, setting_type_id) VALUES ('Asia/Samarkand','Asia/Samarkand',NULL,NULL,NULL,NULL,3);
INSERT INTO app_portfolio.setting (description, data, data2, data3, data4, data5, setting_type_id) VALUES ('Asia/Seoul','Asia/Seoul',NULL,NULL,NULL,NULL,3);
INSERT INTO app_portfolio.setting (description, data, data2, data3, data4, data5, setting_type_id) VALUES ('Asia/Shanghai','Asia/Shanghai',NULL,NULL,NULL,NULL,3);
INSERT INTO app_portfolio.setting (description, data, data2, data3, data4, data5, setting_type_id) VALUES ('Asia/Singapore','Asia/Singapore',NULL,NULL,NULL,NULL,3);
INSERT INTO app_portfolio.setting (description, data, data2, data3, data4, data5, setting_type_id) VALUES ('Asia/Srednekolymsk','Asia/Srednekolymsk',NULL,NULL,NULL,NULL,3);
INSERT INTO app_portfolio.setting (description, data, data2, data3, data4, data5, setting_type_id) VALUES ('Asia/Taipei','Asia/Taipei',NULL,NULL,NULL,NULL,3);
INSERT INTO app_portfolio.setting (description, data, data2, data3, data4, data5, setting_type_id) VALUES ('Asia/Tashkent','Asia/Tashkent',NULL,NULL,NULL,NULL,3);
INSERT INTO app_portfolio.setting (description, data, data2, data3, data4, data5, setting_type_id) VALUES ('Asia/Tbilisi','Asia/Tbilisi',NULL,NULL,NULL,NULL,3);
INSERT INTO app_portfolio.setting (description, data, data2, data3, data4, data5, setting_type_id) VALUES ('Asia/Tehran','Asia/Tehran',NULL,NULL,NULL,NULL,3);
INSERT INTO app_portfolio.setting (description, data, data2, data3, data4, data5, setting_type_id) VALUES ('Asia/Thimphu','Asia/Thimphu',NULL,NULL,NULL,NULL,3);
INSERT INTO app_portfolio.setting (description, data, data2, data3, data4, data5, setting_type_id) VALUES ('Asia/Tokyo','Asia/Tokyo',NULL,NULL,NULL,NULL,3);
INSERT INTO app_portfolio.setting (description, data, data2, data3, data4, data5, setting_type_id) VALUES ('Asia/Tomsk','Asia/Tomsk',NULL,NULL,NULL,NULL,3);
INSERT INTO app_portfolio.setting (description, data, data2, data3, data4, data5, setting_type_id) VALUES ('Asia/Ulaanbaatar','Asia/Ulaanbaatar',NULL,NULL,NULL,NULL,3);
INSERT INTO app_portfolio.setting (description, data, data2, data3, data4, data5, setting_type_id) VALUES ('Asia/Urumqi','Asia/Urumqi',NULL,NULL,NULL,NULL,3);
INSERT INTO app_portfolio.setting (description, data, data2, data3, data4, data5, setting_type_id) VALUES ('Asia/Ust-Nera','Asia/Ust-Nera',NULL,NULL,NULL,NULL,3);
INSERT INTO app_portfolio.setting (description, data, data2, data3, data4, data5, setting_type_id) VALUES ('Asia/Vientiane','Asia/Vientiane',NULL,NULL,NULL,NULL,3);
INSERT INTO app_portfolio.setting (description, data, data2, data3, data4, data5, setting_type_id) VALUES ('Asia/Vladivostok','Asia/Vladivostok',NULL,NULL,NULL,NULL,3);
INSERT INTO app_portfolio.setting (description, data, data2, data3, data4, data5, setting_type_id) VALUES ('Asia/Yakutsk','Asia/Yakutsk',NULL,NULL,NULL,NULL,3);
INSERT INTO app_portfolio.setting (description, data, data2, data3, data4, data5, setting_type_id) VALUES ('Asia/Yekaterinburg','Asia/Yekaterinburg',NULL,NULL,NULL,NULL,3);
INSERT INTO app_portfolio.setting (description, data, data2, data3, data4, data5, setting_type_id) VALUES ('Asia/Yerevan','Asia/Yerevan',NULL,NULL,NULL,NULL,3);
INSERT INTO app_portfolio.setting (description, data, data2, data3, data4, data5, setting_type_id) VALUES ('Atlantic/Azores','Atlantic/Azores',NULL,NULL,NULL,NULL,3);
INSERT INTO app_portfolio.setting (description, data, data2, data3, data4, data5, setting_type_id) VALUES ('Atlantic/Bermuda','Atlantic/Bermuda',NULL,NULL,NULL,NULL,3);
INSERT INTO app_portfolio.setting (description, data, data2, data3, data4, data5, setting_type_id) VALUES ('Atlantic/Canary','Atlantic/Canary',NULL,NULL,NULL,NULL,3);
INSERT INTO app_portfolio.setting (description, data, data2, data3, data4, data5, setting_type_id) VALUES ('Atlantic/Cape_Verde','Atlantic/Cape_Verde',NULL,NULL,NULL,NULL,3);
INSERT INTO app_portfolio.setting (description, data, data2, data3, data4, data5, setting_type_id) VALUES ('Atlantic/Faroe','Atlantic/Faroe',NULL,NULL,NULL,NULL,3);
INSERT INTO app_portfolio.setting (description, data, data2, data3, data4, data5, setting_type_id) VALUES ('Atlantic/Madeira','Atlantic/Madeira',NULL,NULL,NULL,NULL,3);
INSERT INTO app_portfolio.setting (description, data, data2, data3, data4, data5, setting_type_id) VALUES ('Atlantic/Reykjavik','Atlantic/Reykjavik',NULL,NULL,NULL,NULL,3);
INSERT INTO app_portfolio.setting (description, data, data2, data3, data4, data5, setting_type_id) VALUES ('Atlantic/South_Georgia','Atlantic/South_Georgia',NULL,NULL,NULL,NULL,3);
INSERT INTO app_portfolio.setting (description, data, data2, data3, data4, data5, setting_type_id) VALUES ('Atlantic/St_Helena','Atlantic/St_Helena',NULL,NULL,NULL,NULL,3);
INSERT INTO app_portfolio.setting (description, data, data2, data3, data4, data5, setting_type_id) VALUES ('Atlantic/Stanley','Atlantic/Stanley',NULL,NULL,NULL,NULL,3);
INSERT INTO app_portfolio.setting (description, data, data2, data3, data4, data5, setting_type_id) VALUES ('Australia/Adelaide','Australia/Adelaide',NULL,NULL,NULL,NULL,3);
INSERT INTO app_portfolio.setting (description, data, data2, data3, data4, data5, setting_type_id) VALUES ('Australia/Brisbane','Australia/Brisbane',NULL,NULL,NULL,NULL,3);
INSERT INTO app_portfolio.setting (description, data, data2, data3, data4, data5, setting_type_id) VALUES ('Australia/Broken_Hill','Australia/Broken_Hill',NULL,NULL,NULL,NULL,3);
INSERT INTO app_portfolio.setting (description, data, data2, data3, data4, data5, setting_type_id) VALUES ('Australia/Currie','Australia/Currie',NULL,NULL,NULL,NULL,3);
INSERT INTO app_portfolio.setting (description, data, data2, data3, data4, data5, setting_type_id) VALUES ('Australia/Darwin','Australia/Darwin',NULL,NULL,NULL,NULL,3);
INSERT INTO app_portfolio.setting (description, data, data2, data3, data4, data5, setting_type_id) VALUES ('Australia/Eucla','Australia/Eucla',NULL,NULL,NULL,NULL,3);
INSERT INTO app_portfolio.setting (description, data, data2, data3, data4, data5, setting_type_id) VALUES ('Australia/Hobart','Australia/Hobart',NULL,NULL,NULL,NULL,3);
INSERT INTO app_portfolio.setting (description, data, data2, data3, data4, data5, setting_type_id) VALUES ('Australia/Lindeman','Australia/Lindeman',NULL,NULL,NULL,NULL,3);
INSERT INTO app_portfolio.setting (description, data, data2, data3, data4, data5, setting_type_id) VALUES ('Australia/Lord_Howe','Australia/Lord_Howe',NULL,NULL,NULL,NULL,3);
INSERT INTO app_portfolio.setting (description, data, data2, data3, data4, data5, setting_type_id) VALUES ('Australia/Melbourne','Australia/Melbourne',NULL,NULL,NULL,NULL,3);
INSERT INTO app_portfolio.setting (description, data, data2, data3, data4, data5, setting_type_id) VALUES ('Australia/Perth','Australia/Perth',NULL,NULL,NULL,NULL,3);
INSERT INTO app_portfolio.setting (description, data, data2, data3, data4, data5, setting_type_id) VALUES ('Australia/Sydney','Australia/Sydney',NULL,NULL,NULL,NULL,3);
INSERT INTO app_portfolio.setting (description, data, data2, data3, data4, data5, setting_type_id) VALUES ('Europe/Amsterdam','Europe/Amsterdam',NULL,NULL,NULL,NULL,3);
INSERT INTO app_portfolio.setting (description, data, data2, data3, data4, data5, setting_type_id) VALUES ('Europe/Andorra','Europe/Andorra',NULL,NULL,NULL,NULL,3);
INSERT INTO app_portfolio.setting (description, data, data2, data3, data4, data5, setting_type_id) VALUES ('Europe/Astrakhan','Europe/Astrakhan',NULL,NULL,NULL,NULL,3);
INSERT INTO app_portfolio.setting (description, data, data2, data3, data4, data5, setting_type_id) VALUES ('Europe/Athens','Europe/Athens',NULL,NULL,NULL,NULL,3);
INSERT INTO app_portfolio.setting (description, data, data2, data3, data4, data5, setting_type_id) VALUES ('Europe/Belgrade','Europe/Belgrade',NULL,NULL,NULL,NULL,3);
INSERT INTO app_portfolio.setting (description, data, data2, data3, data4, data5, setting_type_id) VALUES ('Europe/Berlin','Europe/Berlin',NULL,NULL,NULL,NULL,3);
INSERT INTO app_portfolio.setting (description, data, data2, data3, data4, data5, setting_type_id) VALUES ('Europe/Bratislava','Europe/Bratislava',NULL,NULL,NULL,NULL,3);
INSERT INTO app_portfolio.setting (description, data, data2, data3, data4, data5, setting_type_id) VALUES ('Europe/Brussels','Europe/Brussels',NULL,NULL,NULL,NULL,3);
INSERT INTO app_portfolio.setting (description, data, data2, data3, data4, data5, setting_type_id) VALUES ('Europe/Bucharest','Europe/Bucharest',NULL,NULL,NULL,NULL,3);
INSERT INTO app_portfolio.setting (description, data, data2, data3, data4, data5, setting_type_id) VALUES ('Europe/Budapest','Europe/Budapest',NULL,NULL,NULL,NULL,3);
INSERT INTO app_portfolio.setting (description, data, data2, data3, data4, data5, setting_type_id) VALUES ('Europe/Busingen','Europe/Busingen',NULL,NULL,NULL,NULL,3);
INSERT INTO app_portfolio.setting (description, data, data2, data3, data4, data5, setting_type_id) VALUES ('Europe/Chisinau','Europe/Chisinau',NULL,NULL,NULL,NULL,3);
INSERT INTO app_portfolio.setting (description, data, data2, data3, data4, data5, setting_type_id) VALUES ('Europe/Copenhagen','Europe/Copenhagen',NULL,NULL,NULL,NULL,3);
INSERT INTO app_portfolio.setting (description, data, data2, data3, data4, data5, setting_type_id) VALUES ('Europe/Dublin','Europe/Dublin',NULL,NULL,NULL,NULL,3);
INSERT INTO app_portfolio.setting (description, data, data2, data3, data4, data5, setting_type_id) VALUES ('Europe/Gibraltar','Europe/Gibraltar',NULL,NULL,NULL,NULL,3);
INSERT INTO app_portfolio.setting (description, data, data2, data3, data4, data5, setting_type_id) VALUES ('Europe/Guernsey','Europe/Guernsey',NULL,NULL,NULL,NULL,3);
INSERT INTO app_portfolio.setting (description, data, data2, data3, data4, data5, setting_type_id) VALUES ('Europe/Helsinki','Europe/Helsinki',NULL,NULL,NULL,NULL,3);
INSERT INTO app_portfolio.setting (description, data, data2, data3, data4, data5, setting_type_id) VALUES ('Europe/Isle_of_Man','Europe/Isle_of_Man',NULL,NULL,NULL,NULL,3);
INSERT INTO app_portfolio.setting (description, data, data2, data3, data4, data5, setting_type_id) VALUES ('Europe/Istanbul','Europe/Istanbul',NULL,NULL,NULL,NULL,3);
INSERT INTO app_portfolio.setting (description, data, data2, data3, data4, data5, setting_type_id) VALUES ('Europe/Jersey','Europe/Jersey',NULL,NULL,NULL,NULL,3);
INSERT INTO app_portfolio.setting (description, data, data2, data3, data4, data5, setting_type_id) VALUES ('Europe/Kaliningrad','Europe/Kaliningrad',NULL,NULL,NULL,NULL,3);
INSERT INTO app_portfolio.setting (description, data, data2, data3, data4, data5, setting_type_id) VALUES ('Europe/Kiev','Europe/Kiev',NULL,NULL,NULL,NULL,3);
INSERT INTO app_portfolio.setting (description, data, data2, data3, data4, data5, setting_type_id) VALUES ('Europe/Kirov','Europe/Kirov',NULL,NULL,NULL,NULL,3);
INSERT INTO app_portfolio.setting (description, data, data2, data3, data4, data5, setting_type_id) VALUES ('Europe/Lisbon','Europe/Lisbon',NULL,NULL,NULL,NULL,3);
INSERT INTO app_portfolio.setting (description, data, data2, data3, data4, data5, setting_type_id) VALUES ('Europe/Ljubljana','Europe/Ljubljana',NULL,NULL,NULL,NULL,3);
INSERT INTO app_portfolio.setting (description, data, data2, data3, data4, data5, setting_type_id) VALUES ('Europe/London','Europe/London',NULL,NULL,NULL,NULL,3);
INSERT INTO app_portfolio.setting (description, data, data2, data3, data4, data5, setting_type_id) VALUES ('Europe/Luxembourg','Europe/Luxembourg',NULL,NULL,NULL,NULL,3);
INSERT INTO app_portfolio.setting (description, data, data2, data3, data4, data5, setting_type_id) VALUES ('Europe/Madrid','Europe/Madrid',NULL,NULL,NULL,NULL,3);
INSERT INTO app_portfolio.setting (description, data, data2, data3, data4, data5, setting_type_id) VALUES ('Europe/Malta','Europe/Malta',NULL,NULL,NULL,NULL,3);
INSERT INTO app_portfolio.setting (description, data, data2, data3, data4, data5, setting_type_id) VALUES ('Europe/Mariehamn','Europe/Mariehamn',NULL,NULL,NULL,NULL,3);
INSERT INTO app_portfolio.setting (description, data, data2, data3, data4, data5, setting_type_id) VALUES ('Europe/Minsk','Europe/Minsk',NULL,NULL,NULL,NULL,3);
INSERT INTO app_portfolio.setting (description, data, data2, data3, data4, data5, setting_type_id) VALUES ('Europe/Monaco','Europe/Monaco',NULL,NULL,NULL,NULL,3);
INSERT INTO app_portfolio.setting (description, data, data2, data3, data4, data5, setting_type_id) VALUES ('Europe/Moscow','Europe/Moscow',NULL,NULL,NULL,NULL,3);
INSERT INTO app_portfolio.setting (description, data, data2, data3, data4, data5, setting_type_id) VALUES ('Europe/Oslo','Europe/Oslo',NULL,NULL,NULL,NULL,3);
INSERT INTO app_portfolio.setting (description, data, data2, data3, data4, data5, setting_type_id) VALUES ('Europe/Paris','Europe/Paris',NULL,NULL,NULL,NULL,3);
INSERT INTO app_portfolio.setting (description, data, data2, data3, data4, data5, setting_type_id) VALUES ('Europe/Podgorica','Europe/Podgorica',NULL,NULL,NULL,NULL,3);
INSERT INTO app_portfolio.setting (description, data, data2, data3, data4, data5, setting_type_id) VALUES ('Europe/Prague','Europe/Prague',NULL,NULL,NULL,NULL,3);
INSERT INTO app_portfolio.setting (description, data, data2, data3, data4, data5, setting_type_id) VALUES ('Europe/Riga','Europe/Riga',NULL,NULL,NULL,NULL,3);
INSERT INTO app_portfolio.setting (description, data, data2, data3, data4, data5, setting_type_id) VALUES ('Europe/Rome','Europe/Rome',NULL,NULL,NULL,NULL,3);
INSERT INTO app_portfolio.setting (description, data, data2, data3, data4, data5, setting_type_id) VALUES ('Europe/Samara','Europe/Samara',NULL,NULL,NULL,NULL,3);
INSERT INTO app_portfolio.setting (description, data, data2, data3, data4, data5, setting_type_id) VALUES ('Europe/San_Marino','Europe/San_Marino',NULL,NULL,NULL,NULL,3);
INSERT INTO app_portfolio.setting (description, data, data2, data3, data4, data5, setting_type_id) VALUES ('Europe/Sarajevo','Europe/Sarajevo',NULL,NULL,NULL,NULL,3);
INSERT INTO app_portfolio.setting (description, data, data2, data3, data4, data5, setting_type_id) VALUES ('Europe/Simferopol','Europe/Simferopol',NULL,NULL,NULL,NULL,3);
INSERT INTO app_portfolio.setting (description, data, data2, data3, data4, data5, setting_type_id) VALUES ('Europe/Skopje','Europe/Skopje',NULL,NULL,NULL,NULL,3);
INSERT INTO app_portfolio.setting (description, data, data2, data3, data4, data5, setting_type_id) VALUES ('Europe/Sofia','Europe/Sofia',NULL,NULL,NULL,NULL,3);
INSERT INTO app_portfolio.setting (description, data, data2, data3, data4, data5, setting_type_id) VALUES ('Europe/Stockholm','Europe/Stockholm',NULL,NULL,NULL,NULL,3);
INSERT INTO app_portfolio.setting (description, data, data2, data3, data4, data5, setting_type_id) VALUES ('Europe/Tallinn','Europe/Tallinn',NULL,NULL,NULL,NULL,3);
INSERT INTO app_portfolio.setting (description, data, data2, data3, data4, data5, setting_type_id) VALUES ('Europe/Tirane','Europe/Tirane',NULL,NULL,NULL,NULL,3);
INSERT INTO app_portfolio.setting (description, data, data2, data3, data4, data5, setting_type_id) VALUES ('Europe/Ulyanovsk','Europe/Ulyanovsk',NULL,NULL,NULL,NULL,3);
INSERT INTO app_portfolio.setting (description, data, data2, data3, data4, data5, setting_type_id) VALUES ('Europe/Uzhgorod','Europe/Uzhgorod',NULL,NULL,NULL,NULL,3);
INSERT INTO app_portfolio.setting (description, data, data2, data3, data4, data5, setting_type_id) VALUES ('Europe/Vaduz','Europe/Vaduz',NULL,NULL,NULL,NULL,3);
INSERT INTO app_portfolio.setting (description, data, data2, data3, data4, data5, setting_type_id) VALUES ('Europe/Vatican','Europe/Vatican',NULL,NULL,NULL,NULL,3);
INSERT INTO app_portfolio.setting (description, data, data2, data3, data4, data5, setting_type_id) VALUES ('Europe/Vienna','Europe/Vienna',NULL,NULL,NULL,NULL,3);
INSERT INTO app_portfolio.setting (description, data, data2, data3, data4, data5, setting_type_id) VALUES ('Europe/Vilnius','Europe/Vilnius',NULL,NULL,NULL,NULL,3);
INSERT INTO app_portfolio.setting (description, data, data2, data3, data4, data5, setting_type_id) VALUES ('Europe/Volgograd','Europe/Volgograd',NULL,NULL,NULL,NULL,3);
INSERT INTO app_portfolio.setting (description, data, data2, data3, data4, data5, setting_type_id) VALUES ('Europe/Warsaw','Europe/Warsaw',NULL,NULL,NULL,NULL,3);
INSERT INTO app_portfolio.setting (description, data, data2, data3, data4, data5, setting_type_id) VALUES ('Europe/Zagreb','Europe/Zagreb',NULL,NULL,NULL,NULL,3);
INSERT INTO app_portfolio.setting (description, data, data2, data3, data4, data5, setting_type_id) VALUES ('Europe/Zaporozhye','Europe/Zaporozhye',NULL,NULL,NULL,NULL,3);
INSERT INTO app_portfolio.setting (description, data, data2, data3, data4, data5, setting_type_id) VALUES ('Europe/Zurich','Europe/Zurich',NULL,NULL,NULL,NULL,3);
INSERT INTO app_portfolio.setting (description, data, data2, data3, data4, data5, setting_type_id) VALUES ('Indian/Antananarivo','Indian/Antananarivo',NULL,NULL,NULL,NULL,3);
INSERT INTO app_portfolio.setting (description, data, data2, data3, data4, data5, setting_type_id) VALUES ('Indian/Chagos','Indian/Chagos',NULL,NULL,NULL,NULL,3);
INSERT INTO app_portfolio.setting (description, data, data2, data3, data4, data5, setting_type_id) VALUES ('Indian/Christmas','Indian/Christmas',NULL,NULL,NULL,NULL,3);
INSERT INTO app_portfolio.setting (description, data, data2, data3, data4, data5, setting_type_id) VALUES ('Indian/Cocos','Indian/Cocos',NULL,NULL,NULL,NULL,3);
INSERT INTO app_portfolio.setting (description, data, data2, data3, data4, data5, setting_type_id) VALUES ('Indian/Comoro','Indian/Comoro',NULL,NULL,NULL,NULL,3);
INSERT INTO app_portfolio.setting (description, data, data2, data3, data4, data5, setting_type_id) VALUES ('Indian/Kerguelen','Indian/Kerguelen',NULL,NULL,NULL,NULL,3);
INSERT INTO app_portfolio.setting (description, data, data2, data3, data4, data5, setting_type_id) VALUES ('Indian/Mahe','Indian/Mahe',NULL,NULL,NULL,NULL,3);
INSERT INTO app_portfolio.setting (description, data, data2, data3, data4, data5, setting_type_id) VALUES ('Indian/Maldives','Indian/Maldives',NULL,NULL,NULL,NULL,3);
INSERT INTO app_portfolio.setting (description, data, data2, data3, data4, data5, setting_type_id) VALUES ('Indian/Mauritius','Indian/Mauritius',NULL,NULL,NULL,NULL,3);
INSERT INTO app_portfolio.setting (description, data, data2, data3, data4, data5, setting_type_id) VALUES ('Indian/Mayotte','Indian/Mayotte',NULL,NULL,NULL,NULL,3);
INSERT INTO app_portfolio.setting (description, data, data2, data3, data4, data5, setting_type_id) VALUES ('Indian/Reunion','Indian/Reunion',NULL,NULL,NULL,NULL,3);
INSERT INTO app_portfolio.setting (description, data, data2, data3, data4, data5, setting_type_id) VALUES ('Pacific/Apia','Pacific/Apia',NULL,NULL,NULL,NULL,3);
INSERT INTO app_portfolio.setting (description, data, data2, data3, data4, data5, setting_type_id) VALUES ('Pacific/Auckland','Pacific/Auckland',NULL,NULL,NULL,NULL,3);
INSERT INTO app_portfolio.setting (description, data, data2, data3, data4, data5, setting_type_id) VALUES ('Pacific/Bougainville','Pacific/Bougainville',NULL,NULL,NULL,NULL,3);
INSERT INTO app_portfolio.setting (description, data, data2, data3, data4, data5, setting_type_id) VALUES ('Pacific/Chatham','Pacific/Chatham',NULL,NULL,NULL,NULL,3);
INSERT INTO app_portfolio.setting (description, data, data2, data3, data4, data5, setting_type_id) VALUES ('Pacific/Chuuk','Pacific/Chuuk',NULL,NULL,NULL,NULL,3);
INSERT INTO app_portfolio.setting (description, data, data2, data3, data4, data5, setting_type_id) VALUES ('Pacific/Easter','Pacific/Easter',NULL,NULL,NULL,NULL,3);
INSERT INTO app_portfolio.setting (description, data, data2, data3, data4, data5, setting_type_id) VALUES ('Pacific/Efate','Pacific/Efate',NULL,NULL,NULL,NULL,3);
INSERT INTO app_portfolio.setting (description, data, data2, data3, data4, data5, setting_type_id) VALUES ('Pacific/Enderbury','Pacific/Enderbury',NULL,NULL,NULL,NULL,3);
INSERT INTO app_portfolio.setting (description, data, data2, data3, data4, data5, setting_type_id) VALUES ('Pacific/Fakaofo','Pacific/Fakaofo',NULL,NULL,NULL,NULL,3);
INSERT INTO app_portfolio.setting (description, data, data2, data3, data4, data5, setting_type_id) VALUES ('Pacific/Fiji','Pacific/Fiji',NULL,NULL,NULL,NULL,3);
INSERT INTO app_portfolio.setting (description, data, data2, data3, data4, data5, setting_type_id) VALUES ('Pacific/Funafuti','Pacific/Funafuti',NULL,NULL,NULL,NULL,3);
INSERT INTO app_portfolio.setting (description, data, data2, data3, data4, data5, setting_type_id) VALUES ('Pacific/Galapagos','Pacific/Galapagos',NULL,NULL,NULL,NULL,3);
INSERT INTO app_portfolio.setting (description, data, data2, data3, data4, data5, setting_type_id) VALUES ('Pacific/Gambier','Pacific/Gambier',NULL,NULL,NULL,NULL,3);
INSERT INTO app_portfolio.setting (description, data, data2, data3, data4, data5, setting_type_id) VALUES ('Pacific/Guadalcanal','Pacific/Guadalcanal',NULL,NULL,NULL,NULL,3);
INSERT INTO app_portfolio.setting (description, data, data2, data3, data4, data5, setting_type_id) VALUES ('Pacific/Guam','Pacific/Guam',NULL,NULL,NULL,NULL,3);
INSERT INTO app_portfolio.setting (description, data, data2, data3, data4, data5, setting_type_id) VALUES ('Pacific/Honolulu','Pacific/Honolulu',NULL,NULL,NULL,NULL,3);
INSERT INTO app_portfolio.setting (description, data, data2, data3, data4, data5, setting_type_id) VALUES ('Pacific/Johnston','Pacific/Johnston',NULL,NULL,NULL,NULL,3);
INSERT INTO app_portfolio.setting (description, data, data2, data3, data4, data5, setting_type_id) VALUES ('Pacific/Kiritimati','Pacific/Kiritimati',NULL,NULL,NULL,NULL,3);
INSERT INTO app_portfolio.setting (description, data, data2, data3, data4, data5, setting_type_id) VALUES ('Pacific/Kosrae','Pacific/Kosrae',NULL,NULL,NULL,NULL,3);
INSERT INTO app_portfolio.setting (description, data, data2, data3, data4, data5, setting_type_id) VALUES ('Pacific/Kwajalein','Pacific/Kwajalein',NULL,NULL,NULL,NULL,3);
INSERT INTO app_portfolio.setting (description, data, data2, data3, data4, data5, setting_type_id) VALUES ('Pacific/Majuro','Pacific/Majuro',NULL,NULL,NULL,NULL,3);
INSERT INTO app_portfolio.setting (description, data, data2, data3, data4, data5, setting_type_id) VALUES ('Pacific/Marquesas','Pacific/Marquesas',NULL,NULL,NULL,NULL,3);
INSERT INTO app_portfolio.setting (description, data, data2, data3, data4, data5, setting_type_id) VALUES ('Pacific/Midway','Pacific/Midway',NULL,NULL,NULL,NULL,3);
INSERT INTO app_portfolio.setting (description, data, data2, data3, data4, data5, setting_type_id) VALUES ('Pacific/Nauru','Pacific/Nauru',NULL,NULL,NULL,NULL,3);
INSERT INTO app_portfolio.setting (description, data, data2, data3, data4, data5, setting_type_id) VALUES ('Pacific/Niue','Pacific/Niue',NULL,NULL,NULL,NULL,3);
INSERT INTO app_portfolio.setting (description, data, data2, data3, data4, data5, setting_type_id) VALUES ('Pacific/Norfolk','Pacific/Norfolk',NULL,NULL,NULL,NULL,3);
INSERT INTO app_portfolio.setting (description, data, data2, data3, data4, data5, setting_type_id) VALUES ('Pacific/Noumea','Pacific/Noumea',NULL,NULL,NULL,NULL,3);
INSERT INTO app_portfolio.setting (description, data, data2, data3, data4, data5, setting_type_id) VALUES ('Pacific/Pago_Pago','Pacific/Pago_Pago',NULL,NULL,NULL,NULL,3);
INSERT INTO app_portfolio.setting (description, data, data2, data3, data4, data5, setting_type_id) VALUES ('Pacific/Palau','Pacific/Palau',NULL,NULL,NULL,NULL,3);
INSERT INTO app_portfolio.setting (description, data, data2, data3, data4, data5, setting_type_id) VALUES ('Pacific/Pitcairn','Pacific/Pitcairn',NULL,NULL,NULL,NULL,3);
INSERT INTO app_portfolio.setting (description, data, data2, data3, data4, data5, setting_type_id) VALUES ('Pacific/Pohnpei','Pacific/Pohnpei',NULL,NULL,NULL,NULL,3);
INSERT INTO app_portfolio.setting (description, data, data2, data3, data4, data5, setting_type_id) VALUES ('Pacific/Port_Moresby','Pacific/Port_Moresby',NULL,NULL,NULL,NULL,3);
INSERT INTO app_portfolio.setting (description, data, data2, data3, data4, data5, setting_type_id) VALUES ('Pacific/Rarotonga','Pacific/Rarotonga',NULL,NULL,NULL,NULL,3);
INSERT INTO app_portfolio.setting (description, data, data2, data3, data4, data5, setting_type_id) VALUES ('Pacific/Saipan','Pacific/Saipan',NULL,NULL,NULL,NULL,3);
INSERT INTO app_portfolio.setting (description, data, data2, data3, data4, data5, setting_type_id) VALUES ('Pacific/Tahiti','Pacific/Tahiti',NULL,NULL,NULL,NULL,3);
INSERT INTO app_portfolio.setting (description, data, data2, data3, data4, data5, setting_type_id) VALUES ('Pacific/Tarawa','Pacific/Tarawa',NULL,NULL,NULL,NULL,3);
INSERT INTO app_portfolio.setting (description, data, data2, data3, data4, data5, setting_type_id) VALUES ('Pacific/Tongatapu','Pacific/Tongatapu',NULL,NULL,NULL,NULL,3);
INSERT INTO app_portfolio.setting (description, data, data2, data3, data4, data5, setting_type_id) VALUES ('Pacific/Wake','Pacific/Wake',NULL,NULL,NULL,NULL,3);
INSERT INTO app_portfolio.setting (description, data, data2, data3, data4, data5, setting_type_id) VALUES ('Pacific/Wallis','Pacific/Wallis',NULL,NULL,NULL,NULL,3);
INSERT INTO app_portfolio.setting (description, data, data2, data3, data4, data5, setting_type_id) VALUES ('Pacific/Yap','Pacific/Yap',NULL,NULL,NULL,NULL,3);
INSERT INTO app_portfolio.setting (description, data, data2, data3, data4, data5, setting_type_id) VALUES ('uninhabited','uninhabited',NULL,NULL,NULL,NULL,3);
INSERT INTO app_portfolio.setting (description, data, data2, data3, data4, data5, setting_type_id) VALUES ('UTC','UTC',NULL,NULL,NULL,NULL,3);
INSERT INTO app_portfolio.setting (description, data, data2, data3, data4, data5, setting_type_id) VALUES ('Etc/GMT+12','Etc/GMT+12',NULL,NULL,NULL,NULL,3);
INSERT INTO app_portfolio.setting (description, data, data2, data3, data4, data5, setting_type_id) VALUES ('Etc/GMT+11','Etc/GMT+11',NULL,NULL,NULL,NULL,3);
INSERT INTO app_portfolio.setting (description, data, data2, data3, data4, data5, setting_type_id) VALUES ('Etc/GMT+10','Etc/GMT+10',NULL,NULL,NULL,NULL,3);
INSERT INTO app_portfolio.setting (description, data, data2, data3, data4, data5, setting_type_id) VALUES ('Etc/GMT+9','Etc/GMT+9',NULL,NULL,NULL,NULL,3);
INSERT INTO app_portfolio.setting (description, data, data2, data3, data4, data5, setting_type_id) VALUES ('Etc/GMT+8','Etc/GMT+8',NULL,NULL,NULL,NULL,3);
INSERT INTO app_portfolio.setting (description, data, data2, data3, data4, data5, setting_type_id) VALUES ('Etc/GMT+7','Etc/GMT+7',NULL,NULL,NULL,NULL,3);
INSERT INTO app_portfolio.setting (description, data, data2, data3, data4, data5, setting_type_id) VALUES ('Etc/GMT+6','Etc/GMT+6',NULL,NULL,NULL,NULL,3);
INSERT INTO app_portfolio.setting (description, data, data2, data3, data4, data5, setting_type_id) VALUES ('Etc/GMT+5','Etc/GMT+5',NULL,NULL,NULL,NULL,3);
INSERT INTO app_portfolio.setting (description, data, data2, data3, data4, data5, setting_type_id) VALUES ('Etc/GMT+4','Etc/GMT+4',NULL,NULL,NULL,NULL,3);
INSERT INTO app_portfolio.setting (description, data, data2, data3, data4, data5, setting_type_id) VALUES ('Etc/GMT+3','Etc/GMT+3',NULL,NULL,NULL,NULL,3);
INSERT INTO app_portfolio.setting (description, data, data2, data3, data4, data5, setting_type_id) VALUES ('Etc/GMT+2','Etc/GMT+2',NULL,NULL,NULL,NULL,3);
INSERT INTO app_portfolio.setting (description, data, data2, data3, data4, data5, setting_type_id) VALUES ('Etc/GMT+1','Etc/GMT+1',NULL,NULL,NULL,NULL,3);
INSERT INTO app_portfolio.setting (description, data, data2, data3, data4, data5, setting_type_id) VALUES ('Etc/GMT+0','Etc/GMT+0',NULL,NULL,NULL,NULL,3);
INSERT INTO app_portfolio.setting (description, data, data2, data3, data4, data5, setting_type_id) VALUES ('Etc/GMT0','Etc/GMT0',NULL,NULL,NULL,NULL,3);
INSERT INTO app_portfolio.setting (description, data, data2, data3, data4, data5, setting_type_id) VALUES ('Etc/GMT-0','Etc/GMT-0',NULL,NULL,NULL,NULL,3);
INSERT INTO app_portfolio.setting (description, data, data2, data3, data4, data5, setting_type_id) VALUES ('Etc/GMT-1','Etc/GMT-1',NULL,NULL,NULL,NULL,3);
INSERT INTO app_portfolio.setting (description, data, data2, data3, data4, data5, setting_type_id) VALUES ('Etc/GMT-2','Etc/GMT-2',NULL,NULL,NULL,NULL,3);
INSERT INTO app_portfolio.setting (description, data, data2, data3, data4, data5, setting_type_id) VALUES ('Etc/GMT-3','Etc/GMT-3',NULL,NULL,NULL,NULL,3);
INSERT INTO app_portfolio.setting (description, data, data2, data3, data4, data5, setting_type_id) VALUES ('Etc/GMT-4','Etc/GMT-4',NULL,NULL,NULL,NULL,3);
INSERT INTO app_portfolio.setting (description, data, data2, data3, data4, data5, setting_type_id) VALUES ('Etc/GMT-5','Etc/GMT-5',NULL,NULL,NULL,NULL,3);
INSERT INTO app_portfolio.setting (description, data, data2, data3, data4, data5, setting_type_id) VALUES ('Etc/GMT-6','Etc/GMT-6',NULL,NULL,NULL,NULL,3);
INSERT INTO app_portfolio.setting (description, data, data2, data3, data4, data5, setting_type_id) VALUES ('Etc/GMT-7','Etc/GMT-7',NULL,NULL,NULL,NULL,3);
INSERT INTO app_portfolio.setting (description, data, data2, data3, data4, data5, setting_type_id) VALUES ('Etc/GMT-8','Etc/GMT-8',NULL,NULL,NULL,NULL,3);
INSERT INTO app_portfolio.setting (description, data, data2, data3, data4, data5, setting_type_id) VALUES ('Etc/GMT-9','Etc/GMT-9',NULL,NULL,NULL,NULL,3);
INSERT INTO app_portfolio.setting (description, data, data2, data3, data4, data5, setting_type_id) VALUES ('Etc/GMT-10','Etc/GMT-10',NULL,NULL,NULL,NULL,3);
INSERT INTO app_portfolio.setting (description, data, data2, data3, data4, data5, setting_type_id) VALUES ('Etc/GMT-11','Etc/GMT-11',NULL,NULL,NULL,NULL,3);
INSERT INTO app_portfolio.setting (description, data, data2, data3, data4, data5, setting_type_id) VALUES ('Etc/GMT-12','Etc/GMT-12',NULL,NULL,NULL,NULL,3);
INSERT INTO app_portfolio.setting (description, data, data2, data3, data4, data5, setting_type_id) VALUES ('Etc/GMT-13','Etc/GMT-13',NULL,NULL,NULL,NULL,3);
INSERT INTO app_portfolio.setting (description, data, data2, data3, data4, data5, setting_type_id) VALUES ('Etc/GMT-14','Etc/GMT-14',NULL,NULL,NULL,NULL,3);
INSERT INTO app_portfolio.setting (description, data, data2, data3, data4, data5, setting_type_id) VALUES ('Etc/GMT','Etc/GMT',NULL,NULL,NULL,NULL,3);
INSERT INTO app_portfolio.setting (description, data, data2, data3, data4, data5, setting_type_id) VALUES ('Etc/Greenwich','Etc/Greenwich',NULL,NULL,NULL,NULL,3);
INSERT INTO app_portfolio.setting (description, data, data2, data3, data4, data5, setting_type_id) VALUES ('Etc/UCT','Etc/UCT',NULL,NULL,NULL,NULL,3);
INSERT INTO app_portfolio.setting (description, data, data2, data3, data4, data5, setting_type_id) VALUES ('Etc/UTC','Etc/UTC',NULL,NULL,NULL,NULL,3);
INSERT INTO app_portfolio.setting (description, data, data2, data3, data4, data5, setting_type_id) VALUES ('Etc/Universal','Etc/Universal',NULL,NULL,NULL,NULL,3);
INSERT INTO app_portfolio.setting (description, data, data2, data3, data4, data5, setting_type_id) VALUES ('Etc/Zulu','Etc/Zulu',NULL,NULL,NULL,NULL,3);

INSERT INTO app_portfolio.setting (description, data, data2, data3, data4, data5, setting_type_id) VALUES ('arab','arab',NULL,NULL,NULL,NULL,4);
INSERT INTO app_portfolio.setting (description, data, data2, data3, data4, data5, setting_type_id) VALUES ('arabext','arabext',NULL,NULL,NULL,NULL,4);
INSERT INTO app_portfolio.setting (description, data, data2, data3, data4, data5, setting_type_id) VALUES ('bali','bali',NULL,NULL,NULL,NULL,4);
INSERT INTO app_portfolio.setting (description, data, data2, data3, data4, data5, setting_type_id) VALUES ('beng','beng',NULL,NULL,NULL,NULL,4);
INSERT INTO app_portfolio.setting (description, data, data2, data3, data4, data5, setting_type_id) VALUES ('deva','deva',NULL,NULL,NULL,NULL,4);
INSERT INTO app_portfolio.setting (description, data, data2, data3, data4, data5, setting_type_id) VALUES ('gujr','gujr',NULL,NULL,NULL,NULL,4);
INSERT INTO app_portfolio.setting (description, data, data2, data3, data4, data5, setting_type_id) VALUES ('guru','guru',NULL,NULL,NULL,NULL,4);
INSERT INTO app_portfolio.setting (description, data, data2, data3, data4, data5, setting_type_id) VALUES ('hanidec','hanidec',NULL,NULL,NULL,NULL,4);
INSERT INTO app_portfolio.setting (description, data, data2, data3, data4, data5, setting_type_id) VALUES ('khmr','khmr',NULL,NULL,NULL,NULL,4);
INSERT INTO app_portfolio.setting (description, data, data2, data3, data4, data5, setting_type_id) VALUES ('knda','knda',NULL,NULL,NULL,NULL,4);
INSERT INTO app_portfolio.setting (description, data, data2, data3, data4, data5, setting_type_id) VALUES ('laoo','laoo',NULL,NULL,NULL,NULL,4);
INSERT INTO app_portfolio.setting (description, data, data2, data3, data4, data5, setting_type_id) VALUES ('latn','latn',NULL,NULL,NULL,NULL,4);
INSERT INTO app_portfolio.setting (description, data, data2, data3, data4, data5, setting_type_id) VALUES ('limb','limb',NULL,NULL,NULL,NULL,4);
INSERT INTO app_portfolio.setting (description, data, data2, data3, data4, data5, setting_type_id) VALUES ('mlym','mlym',NULL,NULL,NULL,NULL,4);
INSERT INTO app_portfolio.setting (description, data, data2, data3, data4, data5, setting_type_id) VALUES ('mong','mong',NULL,NULL,NULL,NULL,4);
INSERT INTO app_portfolio.setting (description, data, data2, data3, data4, data5, setting_type_id) VALUES ('mymr','mymr',NULL,NULL,NULL,NULL,4);
INSERT INTO app_portfolio.setting (description, data, data2, data3, data4, data5, setting_type_id) VALUES ('orya','orya',NULL,NULL,NULL,NULL,4);
INSERT INTO app_portfolio.setting (description, data, data2, data3, data4, data5, setting_type_id) VALUES ('tamldec','tamldec',NULL,NULL,NULL,NULL,4);
INSERT INTO app_portfolio.setting (description, data, data2, data3, data4, data5, setting_type_id) VALUES ('telu','telu',NULL,NULL,NULL,NULL,4);
INSERT INTO app_portfolio.setting (description, data, data2, data3, data4, data5, setting_type_id) VALUES ('thai','thai',NULL,NULL,NULL,NULL,4);
INSERT INTO app_portfolio.setting (description, data, data2, data3, data4, data5, setting_type_id) VALUES ('tibt','tibt',NULL,NULL,NULL,NULL,4);

INSERT INTO app_portfolio.setting (description, data, data2, data3, data4, data5, setting_type_id) VALUES ('ltr','ltr',NULL,NULL,NULL,NULL,5);
INSERT INTO app_portfolio.setting (description, data, data2, data3, data4, data5, setting_type_id) VALUES ('rtl','rtl',NULL,NULL,NULL,NULL,5);

INSERT INTO app_portfolio.setting (description, data, data2, data3, data4, data5, setting_type_id) VALUES ('Arabic Sans','font_arabic_sans',NULL,NULL,NULL,NULL,6);
INSERT INTO app_portfolio.setting (description, data, data2, data3, data4, data5, setting_type_id) VALUES ('Arabic Kufi','font_arabic_kufi',NULL,NULL,NULL,NULL,6);
INSERT INTO app_portfolio.setting (description, data, data2, data3, data4, data5, setting_type_id) VALUES ('Arabic Nashk','font_arabic_nashk',NULL,NULL,NULL,NULL,6);
INSERT INTO app_portfolio.setting (description, data, data2, data3, data4, data5, setting_type_id) VALUES ('Arabic Nastaliq','font_arabic_nastaliq',NULL,NULL,NULL,NULL,6);

INSERT INTO app_portfolio.setting (description, data, data2, data3, data4, data5, setting_type_id) VALUES ('GREGORIAN','GREGORIAN',NULL,NULL,NULL,NULL,7);
INSERT INTO app_portfolio.setting (description, data, data2, data3, data4, data5, setting_type_id) VALUES ('HIJRI','HIJRI',NULL,NULL,NULL,NULL,7);

INSERT INTO app_portfolio.setting (description, data, data2, data3, data4, data5, setting_type_id) VALUES ('islamic','islamic',NULL,NULL,NULL,NULL,8);
INSERT INTO app_portfolio.setting (description, data, data2, data3, data4, data5, setting_type_id) VALUES ('islamic-umalqura','islamic-umalqura',NULL,NULL,NULL,NULL,8);
INSERT INTO app_portfolio.setting (description, data, data2, data3, data4, data5, setting_type_id) VALUES ('islamic-tbla','islamic-tbla',NULL,NULL,NULL,NULL,8);
INSERT INTO app_portfolio.setting (description, data, data2, data3, data4, data5, setting_type_id) VALUES ('islamic-civil','islamic-civil',NULL,NULL,NULL,NULL,8);
INSERT INTO app_portfolio.setting (description, data, data2, data3, data4, data5, setting_type_id) VALUES ('islamic-rgsa','islamic-rgsa',NULL,NULL,NULL,NULL,8);

INSERT INTO app_portfolio.setting (description, data, data2, data3, data4, data5, setting_type_id) VALUES ('OpenStreetMap_Mapnik','OpenStreetMap_Mapnik',NULL,NULL,NULL,NULL,9);
INSERT INTO app_portfolio.setting (description, data, data2, data3, data4, data5, setting_type_id) VALUES ('Esri.WorldImagery','Esri.WorldImagery',NULL,NULL,NULL,NULL,9);
--
-- app_object
--
INSERT INTO app_portfolio.app_object (app_id, object_name) VALUES (0,'COMMON');
INSERT INTO app_portfolio.app_object (app_id, object_name) VALUES (0,'APP_DESCRIPTION');
--
-- app_object_item
--
INSERT INTO app_portfolio.app_object_item (app_object_app_id, app_object_object_name, object_item_name, setting_type_id) VALUES (0,'COMMON','BIO',NULL);
INSERT INTO app_portfolio.app_object_item (app_object_app_id, app_object_object_name, object_item_name, setting_type_id) VALUES (0,'COMMON','CONFIRM_QUESTION',NULL);
INSERT INTO app_portfolio.app_object_item (app_object_app_id, app_object_object_name, object_item_name, setting_type_id) VALUES (0,'COMMON','EMAIL',NULL);
INSERT INTO app_portfolio.app_object_item (app_object_app_id, app_object_object_name, object_item_name, setting_type_id) VALUES (0,'COMMON','NEW_EMAIL',NULL);
INSERT INTO app_portfolio.app_object_item (app_object_app_id, app_object_object_name, object_item_name, setting_type_id) VALUES (0,'COMMON','NEW_PASSWORD',NULL);
INSERT INTO app_portfolio.app_object_item (app_object_app_id, app_object_object_name, object_item_name, setting_type_id) VALUES (0,'COMMON','NEW_PASSWORD_CONFIRM',NULL);
INSERT INTO app_portfolio.app_object_item (app_object_app_id, app_object_object_name, object_item_name, setting_type_id) VALUES (0,'COMMON','PASSWORD',NULL);
INSERT INTO app_portfolio.app_object_item (app_object_app_id, app_object_object_name, object_item_name, setting_type_id) VALUES (0,'COMMON','PASSWORD_CONFIRM',NULL);
INSERT INTO app_portfolio.app_object_item (app_object_app_id, app_object_object_name, object_item_name, setting_type_id) VALUES (0,'COMMON','PASSWORD_REMINDER',NULL);
INSERT INTO app_portfolio.app_object_item (app_object_app_id, app_object_object_name, object_item_name, setting_type_id) VALUES (0,'COMMON','USERNAME',NULL);
--
-- app_parameter
--
--
INSERT INTO app_portfolio.app_parameter (app_id, parameter_type_id, parameter_name, parameter_value, parameter_comment) VALUES (0,'2','SERVICE_AUTH_TOKEN_ACCESS_EXPIRE','1h',NULL);
INSERT INTO app_portfolio.app_parameter (app_id, parameter_type_id, parameter_name, parameter_value, parameter_comment) VALUES (0,'2','SERVICE_AUTH_TOKEN_DATA_EXPIRE','2d',NULL);
INSERT INTO app_portfolio.app_parameter (app_id, parameter_type_id, parameter_name, parameter_value, parameter_comment) VALUES (0,'0','SERVICE_MAIL_TYPE_SIGNUP','1',NULL);
INSERT INTO app_portfolio.app_parameter (app_id, parameter_type_id, parameter_name, parameter_value, parameter_comment) VALUES (0,'1','SERVICE_MAIL_TYPE_SIGNUP_FROM_NAME','{EMAIL_FROM_NAME}',NULL);
INSERT INTO app_portfolio.app_parameter (app_id, parameter_type_id, parameter_name, parameter_value, parameter_comment) VALUES (0,'0','SERVICE_MAIL_TYPE_UNVERIFIED','2',NULL);
INSERT INTO app_portfolio.app_parameter (app_id, parameter_type_id, parameter_name, parameter_value, parameter_comment) VALUES (0,'1','SERVICE_MAIL_TYPE_UNVERIFIED_FROM_NAME','{EMAIL_FROM_NAME}',NULL);
INSERT INTO app_portfolio.app_parameter (app_id, parameter_type_id, parameter_name, parameter_value, parameter_comment) VALUES (0,'0','SERVICE_MAIL_TYPE_PASSWORD_RESET','3',NULL);
INSERT INTO app_portfolio.app_parameter (app_id, parameter_type_id, parameter_name, parameter_value, parameter_comment) VALUES (0,'1','SERVICE_MAIL_TYPE_PASSWORD_RESET_FROM_NAME','{EMAIL_FROM_NAME}',NULL);
INSERT INTO app_portfolio.app_parameter (app_id, parameter_type_id, parameter_name, parameter_value, parameter_comment) VALUES (0,'0','SERVICE_MAIL_TYPE_CHANGE_EMAIL','4',NULL);
INSERT INTO app_portfolio.app_parameter (app_id, parameter_type_id, parameter_name, parameter_value, parameter_comment) VALUES (0,'1','SERVICE_MAIL_TYPE_CHANGE_EMAIL_FROM_NAME','{EMAIL_FROM_NAME}',NULL);
INSERT INTO app_portfolio.app_parameter (app_id, parameter_type_id, parameter_name, parameter_value, parameter_comment) VALUES (0,'2','SERVICE_MAIL_HOST','{EMAIL_HOST}',NULL);
INSERT INTO app_portfolio.app_parameter (app_id, parameter_type_id, parameter_name, parameter_value, parameter_comment) VALUES (0,'2','SERVICE_MAIL_PORT','{EMAIL_PORT}',NULL);
INSERT INTO app_portfolio.app_parameter (app_id, parameter_type_id, parameter_name, parameter_value, parameter_comment) VALUES (0,'2','SERVICE_MAIL_SECURE','{EMAIL_SECURE}',NULL);
INSERT INTO app_portfolio.app_parameter (app_id, parameter_type_id, parameter_name, parameter_value, parameter_comment) VALUES (0,'2','SERVICE_MAIL_USERNAME','{EMAIL_USERNAME}',NULL);
INSERT INTO app_portfolio.app_parameter (app_id, parameter_type_id, parameter_name, parameter_value, parameter_comment) VALUES (0,'2','SERVICE_MAIL_PASSWORD','{EMAIL_PASSWORD}',NULL);

INSERT INTO app_portfolio.app_parameter (app_id, parameter_type_id, parameter_name, parameter_value, parameter_comment) VALUES (0,'0','IMAGE_FILE_ALLOWED_TYPE1','jpg',NULL);
INSERT INTO app_portfolio.app_parameter (app_id, parameter_type_id, parameter_name, parameter_value, parameter_comment) VALUES (0,'0','IMAGE_FILE_ALLOWED_TYPE2','jpeg',NULL);
INSERT INTO app_portfolio.app_parameter (app_id, parameter_type_id, parameter_name, parameter_value, parameter_comment) VALUES (0,'0','IMAGE_FILE_ALLOWED_TYPE3','png',NULL);
INSERT INTO app_portfolio.app_parameter (app_id, parameter_type_id, parameter_name, parameter_value, parameter_comment) VALUES (0,'0','IMAGE_FILE_ALLOWED_TYPE4','webp',NULL);
INSERT INTO app_portfolio.app_parameter (app_id, parameter_type_id, parameter_name, parameter_value, parameter_comment) VALUES (0,'0','IMAGE_FILE_ALLOWED_TYPE5','gif',NULL);
INSERT INTO app_portfolio.app_parameter (app_id, parameter_type_id, parameter_name, parameter_value, parameter_comment) VALUES (0,'0','IMAGE_FILE_MAX_SIZE','2000000',NULL);
INSERT INTO app_portfolio.app_parameter (app_id, parameter_type_id, parameter_name, parameter_value, parameter_comment) VALUES (0,'0','IMAGE_FILE_MIME_TYPE','image/webp',NULL);
INSERT INTO app_portfolio.app_parameter (app_id, parameter_type_id, parameter_name, parameter_value, parameter_comment) VALUES (0,'0','IMAGE_AVATAR_HEIGHT','64',NULL);
INSERT INTO app_portfolio.app_parameter (app_id, parameter_type_id, parameter_name, parameter_value, parameter_comment) VALUES (0,'0','IMAGE_AVATAR_WIDTH','64',NULL);

INSERT INTO app_portfolio.app_parameter (app_id, parameter_type_id, parameter_name, parameter_value, parameter_comment) VALUES (0,'0','MODULE_LEAFLET_POPUP_OFFSET','-25',NULL);
INSERT INTO app_portfolio.app_parameter (app_id, parameter_type_id, parameter_name, parameter_value, parameter_comment) VALUES (0,'0','MODULE_LEAFLET_FLYTO','1',NULL);
INSERT INTO app_portfolio.app_parameter (app_id, parameter_type_id, parameter_name, parameter_value, parameter_comment) VALUES (0,'0','MODULE_LEAFLET_JUMPTO','0',NULL);
INSERT INTO app_portfolio.app_parameter (app_id, parameter_type_id, parameter_name, parameter_value, parameter_comment) VALUES (0,'0','MODULE_LEAFLET_STYLE','OpenStreetMap_Mapnik',NULL);
INSERT INTO app_portfolio.app_parameter (app_id, parameter_type_id, parameter_name, parameter_value, parameter_comment) VALUES (0,'0','MODULE_EASY.QRCODE_BACKGROUND_COLOR','#ffffff',NULL);
INSERT INTO app_portfolio.app_parameter (app_id, parameter_type_id, parameter_name, parameter_value, parameter_comment) VALUES (0,'0','MODULE_EASY.QRCODE_COLOR_DARK','#2b2b32',NULL);
INSERT INTO app_portfolio.app_parameter (app_id, parameter_type_id, parameter_name, parameter_value, parameter_comment) VALUES (0,'0','MODULE_EASY.QRCODE_COLOR_LIGHT','#ffffff',NULL);
INSERT INTO app_portfolio.app_parameter (app_id, parameter_type_id, parameter_name, parameter_value, parameter_comment) VALUES (0,'0','MODULE_EASY.QRCODE_HEIGHT','128',NULL);
INSERT INTO app_portfolio.app_parameter (app_id, parameter_type_id, parameter_name, parameter_value, parameter_comment) VALUES (0,'0','MODULE_EASY.QRCODE_LOGO_FILE_PATH','/admin/images/logo.png',NULL);
INSERT INTO app_portfolio.app_parameter (app_id, parameter_type_id, parameter_name, parameter_value, parameter_comment) VALUES (0,'0','MODULE_EASY.QRCODE_LOGO_HEIGHT','32',NULL);
INSERT INTO app_portfolio.app_parameter (app_id, parameter_type_id, parameter_name, parameter_value, parameter_comment) VALUES (0,'0','MODULE_EASY.QRCODE_LOGO_WIDTH','32',NULL);
INSERT INTO app_portfolio.app_parameter (app_id, parameter_type_id, parameter_name, parameter_value, parameter_comment) VALUES (0,'0','MODULE_EASY.QRCODE_WIDTH','128',NULL);
--
-- app_message
--
INSERT INTO app_portfolio.app_message (message_code, app_id) VALUES ('20100',0);
INSERT INTO app_portfolio.app_message (message_code, app_id) VALUES ('20101',0);
INSERT INTO app_portfolio.app_message (message_code, app_id) VALUES ('20102',0);
INSERT INTO app_portfolio.app_message (message_code, app_id) VALUES ('20103',0);
INSERT INTO app_portfolio.app_message (message_code, app_id) VALUES ('20104',0);
INSERT INTO app_portfolio.app_message (message_code, app_id) VALUES ('20105',0);
INSERT INTO app_portfolio.app_message (message_code, app_id) VALUES ('20106',0);
INSERT INTO app_portfolio.app_message (message_code, app_id) VALUES ('20107',0);
INSERT INTO app_portfolio.app_message (message_code, app_id) VALUES ('20200',0);
INSERT INTO app_portfolio.app_message (message_code, app_id) VALUES ('20201',0);
INSERT INTO app_portfolio.app_message (message_code, app_id) VALUES ('20203',0);
INSERT INTO app_portfolio.app_message (message_code, app_id) VALUES ('20204',0);
INSERT INTO app_portfolio.app_message (message_code, app_id) VALUES ('20300',0);
INSERT INTO app_portfolio.app_message (message_code, app_id) VALUES ('20301',0);
INSERT INTO app_portfolio.app_message (message_code, app_id) VALUES ('20303',0);
INSERT INTO app_portfolio.app_message (message_code, app_id) VALUES ('20304',0);
INSERT INTO app_portfolio.app_message (message_code, app_id) VALUES ('20305',0);
INSERT INTO app_portfolio.app_message (message_code, app_id) VALUES ('20306',0);
INSERT INTO app_portfolio.app_message (message_code, app_id) VALUES ('20307',0);
INSERT INTO app_portfolio.app_message (message_code, app_id) VALUES ('20308',0);
INSERT INTO app_portfolio.app_message (message_code, app_id) VALUES ('20309',0);
INSERT INTO app_portfolio.app_message (message_code, app_id) VALUES ('20310',0);
INSERT INTO app_portfolio.app_message (message_code, app_id) VALUES ('20400',0);
INSERT INTO app_portfolio.app_message (message_code, app_id) VALUES ('20401',0);
INSERT INTO app_portfolio.app_message (message_code, app_id) VALUES ('20500',0);
--
-- app_device
--
INSERT INTO app_portfolio.app_device(app_id, device_id) VALUES(0, 1);