--
-- app_category
--
INSERT INTO app_portfolio.app_category(id, category_name) VALUES(1, 'Business');
INSERT INTO app_portfolio.app_category(id, category_name) VALUES(2, 'Communications');
INSERT INTO app_portfolio.app_category(id, category_name) VALUES(3, 'Education');
INSERT INTO app_portfolio.app_category(id, category_name) VALUES(4, 'Finance');
INSERT INTO app_portfolio.app_category(id, category_name) VALUES(5, 'House & Home');
INSERT INTO app_portfolio.app_category(id, category_name) VALUES(6, 'Productivity');
INSERT INTO app_portfolio.app_category(id, category_name) VALUES(7, 'Shopping');
INSERT INTO app_portfolio.app_category(id, category_name) VALUES(8, 'Game');

--
-- country_group
--
INSERT INTO app_portfolio.country_group (id, group_name) VALUES (1,'Africa');
INSERT INTO app_portfolio.country_group (id, group_name) VALUES (2,'Americas');
INSERT INTO app_portfolio.country_group (id, group_name) VALUES (3,'Asia');
INSERT INTO app_portfolio.country_group (id, group_name) VALUES (4,'Europe');
INSERT INTO app_portfolio.country_group (id, group_name) VALUES (5,'Oceania');
--
-- country
--
INSERT INTO app_portfolio.country (id, country_code, flag_emoji, flag_url, country_group_id) VALUES (251,'af','🇦🇫',NULL,3);
INSERT INTO app_portfolio.country (id, country_code, flag_emoji, flag_url, country_group_id) VALUES (252,'ax','🇦🇽',NULL,4);
INSERT INTO app_portfolio.country (id, country_code, flag_emoji, flag_url, country_group_id) VALUES (253,'al','🇦🇱',NULL,4);
INSERT INTO app_portfolio.country (id, country_code, flag_emoji, flag_url, country_group_id) VALUES (254,'dz','🇩🇿',NULL,1);
INSERT INTO app_portfolio.country (id, country_code, flag_emoji, flag_url, country_group_id) VALUES (255,'as','🇦🇸',NULL,5);
INSERT INTO app_portfolio.country (id, country_code, flag_emoji, flag_url, country_group_id) VALUES (256,'ad','🇦🇩',NULL,4);
INSERT INTO app_portfolio.country (id, country_code, flag_emoji, flag_url, country_group_id) VALUES (257,'ao','🇦🇴',NULL,1);
INSERT INTO app_portfolio.country (id, country_code, flag_emoji, flag_url, country_group_id) VALUES (258,'ai','🇦🇮',NULL,2);
INSERT INTO app_portfolio.country (id, country_code, flag_emoji, flag_url, country_group_id) VALUES (259,'aq','🇦🇶',NULL,5);
INSERT INTO app_portfolio.country (id, country_code, flag_emoji, flag_url, country_group_id) VALUES (260,'ag','🇦🇬',NULL,2);
INSERT INTO app_portfolio.country (id, country_code, flag_emoji, flag_url, country_group_id) VALUES (261,'ar','🇦🇷',NULL,2);
INSERT INTO app_portfolio.country (id, country_code, flag_emoji, flag_url, country_group_id) VALUES (262,'am','🇦🇲',NULL,3);
INSERT INTO app_portfolio.country (id, country_code, flag_emoji, flag_url, country_group_id) VALUES (263,'aw','🇦🇼',NULL,2);
INSERT INTO app_portfolio.country (id, country_code, flag_emoji, flag_url, country_group_id) VALUES (264,'au','🇦🇺',NULL,5);
INSERT INTO app_portfolio.country (id, country_code, flag_emoji, flag_url, country_group_id) VALUES (265,'at','🇦🇹',NULL,4);
INSERT INTO app_portfolio.country (id, country_code, flag_emoji, flag_url, country_group_id) VALUES (266,'az','🇦🇿',NULL,3);
INSERT INTO app_portfolio.country (id, country_code, flag_emoji, flag_url, country_group_id) VALUES (267,'bs','🇧🇸',NULL,2);
INSERT INTO app_portfolio.country (id, country_code, flag_emoji, flag_url, country_group_id) VALUES (268,'bh','🇧🇭',NULL,3);
INSERT INTO app_portfolio.country (id, country_code, flag_emoji, flag_url, country_group_id) VALUES (269,'bd','🇧🇩',NULL,3);
INSERT INTO app_portfolio.country (id, country_code, flag_emoji, flag_url, country_group_id) VALUES (270,'bb','🇧🇧',NULL,2);
INSERT INTO app_portfolio.country (id, country_code, flag_emoji, flag_url, country_group_id) VALUES (271,'by','🇧🇾',NULL,4);
INSERT INTO app_portfolio.country (id, country_code, flag_emoji, flag_url, country_group_id) VALUES (272,'be','🇧🇪',NULL,4);
INSERT INTO app_portfolio.country (id, country_code, flag_emoji, flag_url, country_group_id) VALUES (273,'bz','🇧🇿',NULL,2);
INSERT INTO app_portfolio.country (id, country_code, flag_emoji, flag_url, country_group_id) VALUES (274,'bj','🇧🇯',NULL,1);
INSERT INTO app_portfolio.country (id, country_code, flag_emoji, flag_url, country_group_id) VALUES (275,'bm','🇧🇲',NULL,2);
INSERT INTO app_portfolio.country (id, country_code, flag_emoji, flag_url, country_group_id) VALUES (276,'bt','🇧🇹',NULL,3);
INSERT INTO app_portfolio.country (id, country_code, flag_emoji, flag_url, country_group_id) VALUES (277,'bo','🇧🇴',NULL,2);
INSERT INTO app_portfolio.country (id, country_code, flag_emoji, flag_url, country_group_id) VALUES (278,'ba','🇧🇦',NULL,4);
INSERT INTO app_portfolio.country (id, country_code, flag_emoji, flag_url, country_group_id) VALUES (279,'bw','🇧🇼',NULL,1);
INSERT INTO app_portfolio.country (id, country_code, flag_emoji, flag_url, country_group_id) VALUES (280,'bv','🇧🇻',NULL,5);
INSERT INTO app_portfolio.country (id, country_code, flag_emoji, flag_url, country_group_id) VALUES (281,'br','🇧🇷',NULL,2);
INSERT INTO app_portfolio.country (id, country_code, flag_emoji, flag_url, country_group_id) VALUES (282,'io','🇮🇴',NULL,5);
INSERT INTO app_portfolio.country (id, country_code, flag_emoji, flag_url, country_group_id) VALUES (283,'vg','🇻🇬',NULL,2);
INSERT INTO app_portfolio.country (id, country_code, flag_emoji, flag_url, country_group_id) VALUES (284,'bn','🇧🇳',NULL,3);
INSERT INTO app_portfolio.country (id, country_code, flag_emoji, flag_url, country_group_id) VALUES (285,'bg','🇧🇬',NULL,4);
INSERT INTO app_portfolio.country (id, country_code, flag_emoji, flag_url, country_group_id) VALUES (286,'bf','🇧🇫',NULL,1);
INSERT INTO app_portfolio.country (id, country_code, flag_emoji, flag_url, country_group_id) VALUES (287,'bi','🇧🇮',NULL,1);
INSERT INTO app_portfolio.country (id, country_code, flag_emoji, flag_url, country_group_id) VALUES (288,'kh','🇰🇭',NULL,3);
INSERT INTO app_portfolio.country (id, country_code, flag_emoji, flag_url, country_group_id) VALUES (289,'cm','🇨🇲',NULL,1);
INSERT INTO app_portfolio.country (id, country_code, flag_emoji, flag_url, country_group_id) VALUES (290,'ca','🇨🇦',NULL,2);
INSERT INTO app_portfolio.country (id, country_code, flag_emoji, flag_url, country_group_id) VALUES (291,'cv','🇨🇻',NULL,1);
INSERT INTO app_portfolio.country (id, country_code, flag_emoji, flag_url, country_group_id) VALUES (292,'bq','🇧🇶',NULL,2);
INSERT INTO app_portfolio.country (id, country_code, flag_emoji, flag_url, country_group_id) VALUES (293,'ky','🇰🇾',NULL,2);
INSERT INTO app_portfolio.country (id, country_code, flag_emoji, flag_url, country_group_id) VALUES (294,'cf','🇨🇫',NULL,1);
INSERT INTO app_portfolio.country (id, country_code, flag_emoji, flag_url, country_group_id) VALUES (295,'td','🇹🇩',NULL,1);
INSERT INTO app_portfolio.country (id, country_code, flag_emoji, flag_url, country_group_id) VALUES (296,'cl','🇨🇱',NULL,2);
INSERT INTO app_portfolio.country (id, country_code, flag_emoji, flag_url, country_group_id) VALUES (297,'cn','🇨🇳',NULL,3);
INSERT INTO app_portfolio.country (id, country_code, flag_emoji, flag_url, country_group_id) VALUES (298,'cx','🇨🇽',NULL,5);
INSERT INTO app_portfolio.country (id, country_code, flag_emoji, flag_url, country_group_id) VALUES (299,'cc','🇨🇨',NULL,5);
INSERT INTO app_portfolio.country (id, country_code, flag_emoji, flag_url, country_group_id) VALUES (300,'co','🇨🇴',NULL,2);
INSERT INTO app_portfolio.country (id, country_code, flag_emoji, flag_url, country_group_id) VALUES (301,'km','🇰🇲',NULL,1);
INSERT INTO app_portfolio.country (id, country_code, flag_emoji, flag_url, country_group_id) VALUES (302,'cg','🇨🇬',NULL,1);
INSERT INTO app_portfolio.country (id, country_code, flag_emoji, flag_url, country_group_id) VALUES (303,'cd','🇨🇩',NULL,1);
INSERT INTO app_portfolio.country (id, country_code, flag_emoji, flag_url, country_group_id) VALUES (304,'ck','🇨🇰',NULL,5);
INSERT INTO app_portfolio.country (id, country_code, flag_emoji, flag_url, country_group_id) VALUES (305,'cr','🇨🇷',NULL,2);
INSERT INTO app_portfolio.country (id, country_code, flag_emoji, flag_url, country_group_id) VALUES (306,'ci','🇨🇮',NULL,1);
INSERT INTO app_portfolio.country (id, country_code, flag_emoji, flag_url, country_group_id) VALUES (307,'hr','🇭🇷',NULL,4);
INSERT INTO app_portfolio.country (id, country_code, flag_emoji, flag_url, country_group_id) VALUES (308,'cu','🇨🇺',NULL,2);
INSERT INTO app_portfolio.country (id, country_code, flag_emoji, flag_url, country_group_id) VALUES (309,'cw','🇨🇼',NULL,2);
INSERT INTO app_portfolio.country (id, country_code, flag_emoji, flag_url, country_group_id) VALUES (310,'cy','🇨🇾',NULL,4);
INSERT INTO app_portfolio.country (id, country_code, flag_emoji, flag_url, country_group_id) VALUES (311,'cz','🇨🇿',NULL,4);
INSERT INTO app_portfolio.country (id, country_code, flag_emoji, flag_url, country_group_id) VALUES (312,'dk','🇩🇰',NULL,4);
INSERT INTO app_portfolio.country (id, country_code, flag_emoji, flag_url, country_group_id) VALUES (313,'dj','🇩🇯',NULL,1);
INSERT INTO app_portfolio.country (id, country_code, flag_emoji, flag_url, country_group_id) VALUES (314,'dm','🇩🇲',NULL,2);
INSERT INTO app_portfolio.country (id, country_code, flag_emoji, flag_url, country_group_id) VALUES (315,'do','🇩🇴',NULL,2);
INSERT INTO app_portfolio.country (id, country_code, flag_emoji, flag_url, country_group_id) VALUES (316,'ec','🇪🇨',NULL,2);
INSERT INTO app_portfolio.country (id, country_code, flag_emoji, flag_url, country_group_id) VALUES (317,'eg','🇪🇬',NULL,1);
INSERT INTO app_portfolio.country (id, country_code, flag_emoji, flag_url, country_group_id) VALUES (318,'sv','🇸🇻',NULL,2);
INSERT INTO app_portfolio.country (id, country_code, flag_emoji, flag_url, country_group_id) VALUES (319,'gq','🇬🇶',NULL,1);
INSERT INTO app_portfolio.country (id, country_code, flag_emoji, flag_url, country_group_id) VALUES (320,'er','🇪🇷',NULL,1);
INSERT INTO app_portfolio.country (id, country_code, flag_emoji, flag_url, country_group_id) VALUES (321,'ee','🇪🇪',NULL,4);
INSERT INTO app_portfolio.country (id, country_code, flag_emoji, flag_url, country_group_id) VALUES (322,'sz','🇸🇿',NULL,1);
INSERT INTO app_portfolio.country (id, country_code, flag_emoji, flag_url, country_group_id) VALUES (323,'et','🇪🇹',NULL,1);
INSERT INTO app_portfolio.country (id, country_code, flag_emoji, flag_url, country_group_id) VALUES (324,'fk','🇫🇰',NULL,2);
INSERT INTO app_portfolio.country (id, country_code, flag_emoji, flag_url, country_group_id) VALUES (325,'fo','🇫🇴',NULL,4);
INSERT INTO app_portfolio.country (id, country_code, flag_emoji, flag_url, country_group_id) VALUES (326,'fj','🇫🇯',NULL,5);
INSERT INTO app_portfolio.country (id, country_code, flag_emoji, flag_url, country_group_id) VALUES (327,'fi','🇫🇮',NULL,4);
INSERT INTO app_portfolio.country (id, country_code, flag_emoji, flag_url, country_group_id) VALUES (328,'fr','🇫🇷',NULL,4);
INSERT INTO app_portfolio.country (id, country_code, flag_emoji, flag_url, country_group_id) VALUES (329,'gf','🇬🇫',NULL,2);
INSERT INTO app_portfolio.country (id, country_code, flag_emoji, flag_url, country_group_id) VALUES (330,'pf','🇵🇫',NULL,5);
INSERT INTO app_portfolio.country (id, country_code, flag_emoji, flag_url, country_group_id) VALUES (331,'tf','🇹🇫',NULL,5);
INSERT INTO app_portfolio.country (id, country_code, flag_emoji, flag_url, country_group_id) VALUES (332,'ga','🇬🇦',NULL,1);
INSERT INTO app_portfolio.country (id, country_code, flag_emoji, flag_url, country_group_id) VALUES (333,'gm','🇬🇲',NULL,1);
INSERT INTO app_portfolio.country (id, country_code, flag_emoji, flag_url, country_group_id) VALUES (334,'ge','🇬🇪',NULL,3);
INSERT INTO app_portfolio.country (id, country_code, flag_emoji, flag_url, country_group_id) VALUES (335,'de','🇩🇪',NULL,4);
INSERT INTO app_portfolio.country (id, country_code, flag_emoji, flag_url, country_group_id) VALUES (336,'gh','🇬🇭',NULL,1);
INSERT INTO app_portfolio.country (id, country_code, flag_emoji, flag_url, country_group_id) VALUES (337,'gi','🇬🇮',NULL,4);
INSERT INTO app_portfolio.country (id, country_code, flag_emoji, flag_url, country_group_id) VALUES (338,'gr','🇬🇷',NULL,4);
INSERT INTO app_portfolio.country (id, country_code, flag_emoji, flag_url, country_group_id) VALUES (339,'gl','🇬🇱',NULL,2);
INSERT INTO app_portfolio.country (id, country_code, flag_emoji, flag_url, country_group_id) VALUES (340,'gd','🇬🇩',NULL,2);
INSERT INTO app_portfolio.country (id, country_code, flag_emoji, flag_url, country_group_id) VALUES (341,'gp','🇬🇵',NULL,2);
INSERT INTO app_portfolio.country (id, country_code, flag_emoji, flag_url, country_group_id) VALUES (342,'gu','🇬🇺',NULL,5);
INSERT INTO app_portfolio.country (id, country_code, flag_emoji, flag_url, country_group_id) VALUES (343,'gt','🇬🇹',NULL,2);
INSERT INTO app_portfolio.country (id, country_code, flag_emoji, flag_url, country_group_id) VALUES (344,'gg','🇬🇬',NULL,4);
INSERT INTO app_portfolio.country (id, country_code, flag_emoji, flag_url, country_group_id) VALUES (345,'gn','🇬🇳',NULL,1);
INSERT INTO app_portfolio.country (id, country_code, flag_emoji, flag_url, country_group_id) VALUES (346,'gw','🇬🇼',NULL,1);
INSERT INTO app_portfolio.country (id, country_code, flag_emoji, flag_url, country_group_id) VALUES (347,'gy','🇬🇾',NULL,2);
INSERT INTO app_portfolio.country (id, country_code, flag_emoji, flag_url, country_group_id) VALUES (348,'ht','🇭🇹',NULL,2);
INSERT INTO app_portfolio.country (id, country_code, flag_emoji, flag_url, country_group_id) VALUES (349,'hm','🇭🇲',NULL,5);
INSERT INTO app_portfolio.country (id, country_code, flag_emoji, flag_url, country_group_id) VALUES (350,'hn','🇭🇳',NULL,2);
INSERT INTO app_portfolio.country (id, country_code, flag_emoji, flag_url, country_group_id) VALUES (351,'hk','🇭🇰',NULL,3);
INSERT INTO app_portfolio.country (id, country_code, flag_emoji, flag_url, country_group_id) VALUES (352,'hu','🇭🇺',NULL,4);
INSERT INTO app_portfolio.country (id, country_code, flag_emoji, flag_url, country_group_id) VALUES (353,'is','🇮🇸',NULL,4);
INSERT INTO app_portfolio.country (id, country_code, flag_emoji, flag_url, country_group_id) VALUES (354,'in','🇮🇳',NULL,3);
INSERT INTO app_portfolio.country (id, country_code, flag_emoji, flag_url, country_group_id) VALUES (355,'id','🇮🇩',NULL,3);
INSERT INTO app_portfolio.country (id, country_code, flag_emoji, flag_url, country_group_id) VALUES (356,'ir','🇮🇷',NULL,3);
INSERT INTO app_portfolio.country (id, country_code, flag_emoji, flag_url, country_group_id) VALUES (357,'iq','🇮🇶',NULL,3);
INSERT INTO app_portfolio.country (id, country_code, flag_emoji, flag_url, country_group_id) VALUES (358,'ie','🇮🇪',NULL,4);
INSERT INTO app_portfolio.country (id, country_code, flag_emoji, flag_url, country_group_id) VALUES (359,'im','🇮🇲',NULL,4);
INSERT INTO app_portfolio.country (id, country_code, flag_emoji, flag_url, country_group_id) VALUES (360,'il','🇮🇱',NULL,3);
INSERT INTO app_portfolio.country (id, country_code, flag_emoji, flag_url, country_group_id) VALUES (361,'it','🇮🇹',NULL,4);
INSERT INTO app_portfolio.country (id, country_code, flag_emoji, flag_url, country_group_id) VALUES (362,'jm','🇯🇲',NULL,2);
INSERT INTO app_portfolio.country (id, country_code, flag_emoji, flag_url, country_group_id) VALUES (363,'jp','🇯🇵',NULL,3);
INSERT INTO app_portfolio.country (id, country_code, flag_emoji, flag_url, country_group_id) VALUES (364,'je','🇯🇪',NULL,4);
INSERT INTO app_portfolio.country (id, country_code, flag_emoji, flag_url, country_group_id) VALUES (365,'jo','🇯🇴',NULL,3);
INSERT INTO app_portfolio.country (id, country_code, flag_emoji, flag_url, country_group_id) VALUES (366,'kz','🇰🇿',NULL,3);
INSERT INTO app_portfolio.country (id, country_code, flag_emoji, flag_url, country_group_id) VALUES (367,'ke','🇰🇪',NULL,1);
INSERT INTO app_portfolio.country (id, country_code, flag_emoji, flag_url, country_group_id) VALUES (368,'ki','🇰🇮',NULL,5);
INSERT INTO app_portfolio.country (id, country_code, flag_emoji, flag_url, country_group_id) VALUES (369,'kw','🇰🇼',NULL,3);
INSERT INTO app_portfolio.country (id, country_code, flag_emoji, flag_url, country_group_id) VALUES (370,'kg','🇰🇬',NULL,3);
INSERT INTO app_portfolio.country (id, country_code, flag_emoji, flag_url, country_group_id) VALUES (371,'la','🇱🇦',NULL,3);
INSERT INTO app_portfolio.country (id, country_code, flag_emoji, flag_url, country_group_id) VALUES (372,'lv','🇱🇻',NULL,4);
INSERT INTO app_portfolio.country (id, country_code, flag_emoji, flag_url, country_group_id) VALUES (373,'lb','🇱🇧',NULL,3);
INSERT INTO app_portfolio.country (id, country_code, flag_emoji, flag_url, country_group_id) VALUES (374,'ls','🇱🇸',NULL,1);
INSERT INTO app_portfolio.country (id, country_code, flag_emoji, flag_url, country_group_id) VALUES (375,'lr','🇱🇷',NULL,1);
INSERT INTO app_portfolio.country (id, country_code, flag_emoji, flag_url, country_group_id) VALUES (376,'ly','🇱🇾',NULL,1);
INSERT INTO app_portfolio.country (id, country_code, flag_emoji, flag_url, country_group_id) VALUES (377,'li','🇱🇮',NULL,4);
INSERT INTO app_portfolio.country (id, country_code, flag_emoji, flag_url, country_group_id) VALUES (378,'lt','🇱🇹',NULL,4);
INSERT INTO app_portfolio.country (id, country_code, flag_emoji, flag_url, country_group_id) VALUES (379,'lu','🇱🇺',NULL,4);
INSERT INTO app_portfolio.country (id, country_code, flag_emoji, flag_url, country_group_id) VALUES (380,'mo','🇲🇴',NULL,3);
INSERT INTO app_portfolio.country (id, country_code, flag_emoji, flag_url, country_group_id) VALUES (381,'mg','🇲🇬',NULL,1);
INSERT INTO app_portfolio.country (id, country_code, flag_emoji, flag_url, country_group_id) VALUES (382,'mw','🇲🇼',NULL,1);
INSERT INTO app_portfolio.country (id, country_code, flag_emoji, flag_url, country_group_id) VALUES (383,'my','🇲🇾',NULL,3);
INSERT INTO app_portfolio.country (id, country_code, flag_emoji, flag_url, country_group_id) VALUES (384,'mv','🇲🇻',NULL,3);
INSERT INTO app_portfolio.country (id, country_code, flag_emoji, flag_url, country_group_id) VALUES (385,'ml','🇲🇱',NULL,1);
INSERT INTO app_portfolio.country (id, country_code, flag_emoji, flag_url, country_group_id) VALUES (386,'mt','🇲🇹',NULL,4);
INSERT INTO app_portfolio.country (id, country_code, flag_emoji, flag_url, country_group_id) VALUES (387,'mh','🇲🇭',NULL,5);
INSERT INTO app_portfolio.country (id, country_code, flag_emoji, flag_url, country_group_id) VALUES (388,'mq','🇲🇶',NULL,2);
INSERT INTO app_portfolio.country (id, country_code, flag_emoji, flag_url, country_group_id) VALUES (389,'mr','🇲🇷',NULL,1);
INSERT INTO app_portfolio.country (id, country_code, flag_emoji, flag_url, country_group_id) VALUES (390,'mu','🇲🇺',NULL,1);
INSERT INTO app_portfolio.country (id, country_code, flag_emoji, flag_url, country_group_id) VALUES (391,'yt','🇾🇹',NULL,1);
INSERT INTO app_portfolio.country (id, country_code, flag_emoji, flag_url, country_group_id) VALUES (392,'mx','🇲🇽',NULL,2);
INSERT INTO app_portfolio.country (id, country_code, flag_emoji, flag_url, country_group_id) VALUES (393,'fm','🇫🇲',NULL,5);
INSERT INTO app_portfolio.country (id, country_code, flag_emoji, flag_url, country_group_id) VALUES (394,'md','🇲🇩',NULL,4);
INSERT INTO app_portfolio.country (id, country_code, flag_emoji, flag_url, country_group_id) VALUES (395,'mc','🇲🇨',NULL,4);
INSERT INTO app_portfolio.country (id, country_code, flag_emoji, flag_url, country_group_id) VALUES (396,'mn','🇲🇳',NULL,3);
INSERT INTO app_portfolio.country (id, country_code, flag_emoji, flag_url, country_group_id) VALUES (397,'me','🇲🇪',NULL,4);
INSERT INTO app_portfolio.country (id, country_code, flag_emoji, flag_url, country_group_id) VALUES (398,'ms','🇲🇸',NULL,2);
INSERT INTO app_portfolio.country (id, country_code, flag_emoji, flag_url, country_group_id) VALUES (399,'ma','🇲🇦',NULL,1);
INSERT INTO app_portfolio.country (id, country_code, flag_emoji, flag_url, country_group_id) VALUES (400,'mz','🇲🇿',NULL,1);
INSERT INTO app_portfolio.country (id, country_code, flag_emoji, flag_url, country_group_id) VALUES (401,'mm','🇲🇲',NULL,3);
INSERT INTO app_portfolio.country (id, country_code, flag_emoji, flag_url, country_group_id) VALUES (402,'na','🇳🇦',NULL,1);
INSERT INTO app_portfolio.country (id, country_code, flag_emoji, flag_url, country_group_id) VALUES (403,'nr','🇳🇷',NULL,5);
INSERT INTO app_portfolio.country (id, country_code, flag_emoji, flag_url, country_group_id) VALUES (404,'np','🇳🇵',NULL,3);
INSERT INTO app_portfolio.country (id, country_code, flag_emoji, flag_url, country_group_id) VALUES (405,'nl','🇳🇱',NULL,4);
INSERT INTO app_portfolio.country (id, country_code, flag_emoji, flag_url, country_group_id) VALUES (406,'nc','🇳🇨',NULL,5);
INSERT INTO app_portfolio.country (id, country_code, flag_emoji, flag_url, country_group_id) VALUES (407,'nz','🇳🇿',NULL,5);
INSERT INTO app_portfolio.country (id, country_code, flag_emoji, flag_url, country_group_id) VALUES (408,'ni','🇳🇮',NULL,2);
INSERT INTO app_portfolio.country (id, country_code, flag_emoji, flag_url, country_group_id) VALUES (409,'ne','🇳🇪',NULL,1);
INSERT INTO app_portfolio.country (id, country_code, flag_emoji, flag_url, country_group_id) VALUES (410,'ng','🇳🇬',NULL,1);
INSERT INTO app_portfolio.country (id, country_code, flag_emoji, flag_url, country_group_id) VALUES (411,'nu','🇳🇺',NULL,5);
INSERT INTO app_portfolio.country (id, country_code, flag_emoji, flag_url, country_group_id) VALUES (412,'nf','🇳🇫',NULL,5);
INSERT INTO app_portfolio.country (id, country_code, flag_emoji, flag_url, country_group_id) VALUES (413,'kp','🇰🇵',NULL,3);
INSERT INTO app_portfolio.country (id, country_code, flag_emoji, flag_url, country_group_id) VALUES (414,'mk','🇲🇰',NULL,4);
INSERT INTO app_portfolio.country (id, country_code, flag_emoji, flag_url, country_group_id) VALUES (415,'mp','🇲🇵',NULL,5);
INSERT INTO app_portfolio.country (id, country_code, flag_emoji, flag_url, country_group_id) VALUES (416,'no','🇳🇴',NULL,4);
INSERT INTO app_portfolio.country (id, country_code, flag_emoji, flag_url, country_group_id) VALUES (417,'om','🇴🇲',NULL,3);
INSERT INTO app_portfolio.country (id, country_code, flag_emoji, flag_url, country_group_id) VALUES (418,'pk','🇵🇰',NULL,3);
INSERT INTO app_portfolio.country (id, country_code, flag_emoji, flag_url, country_group_id) VALUES (419,'pw','🇵🇼',NULL,5);
INSERT INTO app_portfolio.country (id, country_code, flag_emoji, flag_url, country_group_id) VALUES (420,'ps','🇵🇸',NULL,3);
INSERT INTO app_portfolio.country (id, country_code, flag_emoji, flag_url, country_group_id) VALUES (421,'pa','🇵🇦',NULL,2);
INSERT INTO app_portfolio.country (id, country_code, flag_emoji, flag_url, country_group_id) VALUES (422,'pg','🇵🇬',NULL,5);
INSERT INTO app_portfolio.country (id, country_code, flag_emoji, flag_url, country_group_id) VALUES (423,'py','🇵🇾',NULL,2);
INSERT INTO app_portfolio.country (id, country_code, flag_emoji, flag_url, country_group_id) VALUES (424,'pe','🇵🇪',NULL,2);
INSERT INTO app_portfolio.country (id, country_code, flag_emoji, flag_url, country_group_id) VALUES (425,'ph','🇵🇭',NULL,3);
INSERT INTO app_portfolio.country (id, country_code, flag_emoji, flag_url, country_group_id) VALUES (426,'pn','🇵🇳',NULL,5);
INSERT INTO app_portfolio.country (id, country_code, flag_emoji, flag_url, country_group_id) VALUES (427,'pl','🇵🇱',NULL,4);
INSERT INTO app_portfolio.country (id, country_code, flag_emoji, flag_url, country_group_id) VALUES (428,'pt','🇵🇹',NULL,4);
INSERT INTO app_portfolio.country (id, country_code, flag_emoji, flag_url, country_group_id) VALUES (429,'pr','🇵🇷',NULL,2);
INSERT INTO app_portfolio.country (id, country_code, flag_emoji, flag_url, country_group_id) VALUES (430,'qa','🇶🇦',NULL,3);
INSERT INTO app_portfolio.country (id, country_code, flag_emoji, flag_url, country_group_id) VALUES (431,'re','🇷🇪',NULL,1);
INSERT INTO app_portfolio.country (id, country_code, flag_emoji, flag_url, country_group_id) VALUES (432,'ro','🇷🇴',NULL,4);
INSERT INTO app_portfolio.country (id, country_code, flag_emoji, flag_url, country_group_id) VALUES (433,'ru','🇷🇺',NULL,4);
INSERT INTO app_portfolio.country (id, country_code, flag_emoji, flag_url, country_group_id) VALUES (434,'rw','🇷🇼',NULL,1);
INSERT INTO app_portfolio.country (id, country_code, flag_emoji, flag_url, country_group_id) VALUES (435,'ws','🇼🇸',NULL,5);
INSERT INTO app_portfolio.country (id, country_code, flag_emoji, flag_url, country_group_id) VALUES (436,'sm','🇸🇲',NULL,4);
INSERT INTO app_portfolio.country (id, country_code, flag_emoji, flag_url, country_group_id) VALUES (437,'st','🇸🇹',NULL,1);
INSERT INTO app_portfolio.country (id, country_code, flag_emoji, flag_url, country_group_id) VALUES (438,'sa','🇸🇦',NULL,3);
INSERT INTO app_portfolio.country (id, country_code, flag_emoji, flag_url, country_group_id) VALUES (439,'sn','🇸🇳',NULL,1);
INSERT INTO app_portfolio.country (id, country_code, flag_emoji, flag_url, country_group_id) VALUES (440,'rs','🇷🇸',NULL,4);
INSERT INTO app_portfolio.country (id, country_code, flag_emoji, flag_url, country_group_id) VALUES (441,'sc','🇸🇨',NULL,1);
INSERT INTO app_portfolio.country (id, country_code, flag_emoji, flag_url, country_group_id) VALUES (442,'sl','🇸🇱',NULL,1);
INSERT INTO app_portfolio.country (id, country_code, flag_emoji, flag_url, country_group_id) VALUES (443,'sg','🇸🇬',NULL,3);
INSERT INTO app_portfolio.country (id, country_code, flag_emoji, flag_url, country_group_id) VALUES (444,'sx','🇸🇽',NULL,2);
INSERT INTO app_portfolio.country (id, country_code, flag_emoji, flag_url, country_group_id) VALUES (445,'sk','🇸🇰',NULL,4);
INSERT INTO app_portfolio.country (id, country_code, flag_emoji, flag_url, country_group_id) VALUES (446,'si','🇸🇮',NULL,4);
INSERT INTO app_portfolio.country (id, country_code, flag_emoji, flag_url, country_group_id) VALUES (447,'sb','🇸🇧',NULL,5);
INSERT INTO app_portfolio.country (id, country_code, flag_emoji, flag_url, country_group_id) VALUES (448,'so','🇸🇴',NULL,1);
INSERT INTO app_portfolio.country (id, country_code, flag_emoji, flag_url, country_group_id) VALUES (449,'za','🇿🇦',NULL,1);
INSERT INTO app_portfolio.country (id, country_code, flag_emoji, flag_url, country_group_id) VALUES (450,'gs','🇬🇸',NULL,5);
INSERT INTO app_portfolio.country (id, country_code, flag_emoji, flag_url, country_group_id) VALUES (451,'kr','🇰🇷',NULL,3);
INSERT INTO app_portfolio.country (id, country_code, flag_emoji, flag_url, country_group_id) VALUES (452,'ss','🇸🇸',NULL,1);
INSERT INTO app_portfolio.country (id, country_code, flag_emoji, flag_url, country_group_id) VALUES (453,'es','🇪🇸',NULL,4);
INSERT INTO app_portfolio.country (id, country_code, flag_emoji, flag_url, country_group_id) VALUES (454,'lk','🇱🇰',NULL,3);
INSERT INTO app_portfolio.country (id, country_code, flag_emoji, flag_url, country_group_id) VALUES (455,'bl','🇧🇱',NULL,2);
INSERT INTO app_portfolio.country (id, country_code, flag_emoji, flag_url, country_group_id) VALUES (456,'sh','🇸🇭',NULL,1);
INSERT INTO app_portfolio.country (id, country_code, flag_emoji, flag_url, country_group_id) VALUES (457,'kn','🇰🇳',NULL,2);
INSERT INTO app_portfolio.country (id, country_code, flag_emoji, flag_url, country_group_id) VALUES (458,'lc','🇱🇨',NULL,2);
INSERT INTO app_portfolio.country (id, country_code, flag_emoji, flag_url, country_group_id) VALUES (459,'mf','🇲🇫',NULL,2);
INSERT INTO app_portfolio.country (id, country_code, flag_emoji, flag_url, country_group_id) VALUES (460,'pm','🇵🇲',NULL,2);
INSERT INTO app_portfolio.country (id, country_code, flag_emoji, flag_url, country_group_id) VALUES (461,'vc','🇻🇨',NULL,2);
INSERT INTO app_portfolio.country (id, country_code, flag_emoji, flag_url, country_group_id) VALUES (462,'sd','🇸🇩',NULL,1);
INSERT INTO app_portfolio.country (id, country_code, flag_emoji, flag_url, country_group_id) VALUES (463,'sr','🇸🇷',NULL,2);
INSERT INTO app_portfolio.country (id, country_code, flag_emoji, flag_url, country_group_id) VALUES (464,'sj','🇸🇯',NULL,4);
INSERT INTO app_portfolio.country (id, country_code, flag_emoji, flag_url, country_group_id) VALUES (465,'se','🇸🇪',NULL,4);
INSERT INTO app_portfolio.country (id, country_code, flag_emoji, flag_url, country_group_id) VALUES (466,'ch','🇨🇭',NULL,4);
INSERT INTO app_portfolio.country (id, country_code, flag_emoji, flag_url, country_group_id) VALUES (467,'sy','🇸🇾',NULL,3);
INSERT INTO app_portfolio.country (id, country_code, flag_emoji, flag_url, country_group_id) VALUES (468,'tw','🇹🇼',NULL,3);
INSERT INTO app_portfolio.country (id, country_code, flag_emoji, flag_url, country_group_id) VALUES (469,'tj','🇹🇯',NULL,3);
INSERT INTO app_portfolio.country (id, country_code, flag_emoji, flag_url, country_group_id) VALUES (470,'tz','🇹🇿',NULL,1);
INSERT INTO app_portfolio.country (id, country_code, flag_emoji, flag_url, country_group_id) VALUES (471,'th','🇹🇭',NULL,3);
INSERT INTO app_portfolio.country (id, country_code, flag_emoji, flag_url, country_group_id) VALUES (472,'tl','🇹🇱',NULL,3);
INSERT INTO app_portfolio.country (id, country_code, flag_emoji, flag_url, country_group_id) VALUES (473,'tg','🇹🇬',NULL,1);
INSERT INTO app_portfolio.country (id, country_code, flag_emoji, flag_url, country_group_id) VALUES (474,'tk','🇹🇰',NULL,5);
INSERT INTO app_portfolio.country (id, country_code, flag_emoji, flag_url, country_group_id) VALUES (475,'to','🇹🇴',NULL,5);
INSERT INTO app_portfolio.country (id, country_code, flag_emoji, flag_url, country_group_id) VALUES (476,'tt','🇹🇹',NULL,2);
INSERT INTO app_portfolio.country (id, country_code, flag_emoji, flag_url, country_group_id) VALUES (477,'tn','🇹🇳',NULL,1);
INSERT INTO app_portfolio.country (id, country_code, flag_emoji, flag_url, country_group_id) VALUES (478,'tr','🇹🇷',NULL,3);
INSERT INTO app_portfolio.country (id, country_code, flag_emoji, flag_url, country_group_id) VALUES (479,'tm','🇹🇲',NULL,3);
INSERT INTO app_portfolio.country (id, country_code, flag_emoji, flag_url, country_group_id) VALUES (480,'tc','🇹🇨',NULL,2);
INSERT INTO app_portfolio.country (id, country_code, flag_emoji, flag_url, country_group_id) VALUES (481,'tv','🇹🇻',NULL,5);
INSERT INTO app_portfolio.country (id, country_code, flag_emoji, flag_url, country_group_id) VALUES (482,'um','🇺🇲',NULL,5);
INSERT INTO app_portfolio.country (id, country_code, flag_emoji, flag_url, country_group_id) VALUES (483,'vi','🇻🇮',NULL,2);
INSERT INTO app_portfolio.country (id, country_code, flag_emoji, flag_url, country_group_id) VALUES (484,'ug','🇺🇬',NULL,1);
INSERT INTO app_portfolio.country (id, country_code, flag_emoji, flag_url, country_group_id) VALUES (485,'ua','🇺🇦',NULL,4);
INSERT INTO app_portfolio.country (id, country_code, flag_emoji, flag_url, country_group_id) VALUES (486,'ae','🇦🇪',NULL,3);
INSERT INTO app_portfolio.country (id, country_code, flag_emoji, flag_url, country_group_id) VALUES (487,'gb','🇬🇧',NULL,4);
INSERT INTO app_portfolio.country (id, country_code, flag_emoji, flag_url, country_group_id) VALUES (488,'us','🇺🇸',NULL,2);
INSERT INTO app_portfolio.country (id, country_code, flag_emoji, flag_url, country_group_id) VALUES (489,'uy','🇺🇾',NULL,2);
INSERT INTO app_portfolio.country (id, country_code, flag_emoji, flag_url, country_group_id) VALUES (490,'uz','🇺🇿',NULL,3);
INSERT INTO app_portfolio.country (id, country_code, flag_emoji, flag_url, country_group_id) VALUES (491,'vu','🇻🇺',NULL,5);
INSERT INTO app_portfolio.country (id, country_code, flag_emoji, flag_url, country_group_id) VALUES (492,'va','🇻🇦',NULL,4);
INSERT INTO app_portfolio.country (id, country_code, flag_emoji, flag_url, country_group_id) VALUES (493,'ve','🇻🇪',NULL,2);
INSERT INTO app_portfolio.country (id, country_code, flag_emoji, flag_url, country_group_id) VALUES (494,'vn','🇻🇳',NULL,3);
INSERT INTO app_portfolio.country (id, country_code, flag_emoji, flag_url, country_group_id) VALUES (495,'wf','🇼🇫',NULL,5);
INSERT INTO app_portfolio.country (id, country_code, flag_emoji, flag_url, country_group_id) VALUES (496,'eh','🇪🇭',NULL,1);
INSERT INTO app_portfolio.country (id, country_code, flag_emoji, flag_url, country_group_id) VALUES (497,'ye','🇾🇪',NULL,3);
INSERT INTO app_portfolio.country (id, country_code, flag_emoji, flag_url, country_group_id) VALUES (498,'zm','🇿🇲',NULL,1);
INSERT INTO app_portfolio.country (id, country_code, flag_emoji, flag_url, country_group_id) VALUES (499,'zw','🇿🇼',NULL,1);
INSERT INTO app_portfolio.country (id, country_code, flag_emoji, flag_url, country_group_id) VALUES (500,'xk','🇽🇰',NULL,4);
--
-- event_type
--
INSERT INTO app_portfolio.event_type (id, event_type_name) VALUES (1,'USER');
--
-- event
--
INSERT INTO app_portfolio.event (id,event_name,event_type_id) VALUES (1,'SIGNUP',1);
INSERT INTO app_portfolio.event (id,event_name,event_type_id) VALUES (2,'LOGIN',1);
INSERT INTO app_portfolio.event (id,event_name,event_type_id) VALUES (3,'EMAIL_UPDATED',1);
INSERT INTO app_portfolio.event (id,event_name,event_type_id) VALUES (4,'PASSWORD_UPDATED',1);
INSERT INTO app_portfolio.event (id,event_name,event_type_id) VALUES (5,'PASSWORD_RESET',1);
INSERT INTO app_portfolio.event (id,event_name,event_type_id) VALUES (6,'OTP_SENT_SIGNUP',1);
INSERT INTO app_portfolio.event (id,event_name,event_type_id) VALUES (7,'OTP_SENT_LOGIN',1);
INSERT INTO app_portfolio.event (id,event_name,event_type_id) VALUES (8,'OTP_SENT_UNVERIFIED',1);
INSERT INTO app_portfolio.event (id,event_name,event_type_id) VALUES (9,'OTP_SENT_PASSWORD_RESET',1);
INSERT INTO app_portfolio.event (id,event_name,event_type_id) VALUES (10,'OTP_SENT_CHANGE_EMAIL',1);
INSERT INTO app_portfolio.event (id,event_name,event_type_id) VALUES (11,'EMAIL_VERIFIED_SIGNUP',1);
INSERT INTO app_portfolio.event (id,event_name,event_type_id) VALUES (12,'EMAIL_VERIFIED_UNVERIFIED',1);
INSERT INTO app_portfolio.event (id,event_name,event_type_id) VALUES (13,'EMAIL_VERIFIED_PASSWORD_RESET',1);
INSERT INTO app_portfolio.event (id,event_name,event_type_id) VALUES (14,'EMAIL_VERIFIED_CHANGE_EMAIL',1);
INSERT INTO app_portfolio.event (id,event_name,event_type_id) VALUES (15,'LOGIN_NOT_MATCHING_PASSWORD',1);
INSERT INTO app_portfolio.event (id,event_name,event_type_id) VALUES (16,'USER_UPDATED',1);
INSERT INTO app_portfolio.event (id,event_name,event_type_id) VALUES (17,'LOGIN_2FA',1);
INSERT INTO app_portfolio.event (id,event_name,event_type_id) VALUES (18,'USER_SUSPENDED',1);
INSERT INTO app_portfolio.event (id,event_name,event_type_id) VALUES (19,'USER_UNSUSPENDED',1);
INSERT INTO app_portfolio.event (id,event_name,event_type_id) VALUES (20,'LOGIN_SUCCESSFUL_SUSPENDED_ACCOUNT',1);
INSERT INTO app_portfolio.event (id,event_name,event_type_id) VALUES (21,'PHONE_UPDATED',1);
INSERT INTO app_portfolio.event (id,event_name,event_type_id) VALUES (22,'PHONE_VERIFIED_SIGNUP',1);
INSERT INTO app_portfolio.event (id,event_name,event_type_id) VALUES (23,'PHONE_VERIFIED_UNVERIFIED',1);
INSERT INTO app_portfolio.event (id,event_name,event_type_id) VALUES (24,'PHONE_VERIFIED_PASSWORD_RESET',1);
INSERT INTO app_portfolio.event (id,event_name,event_type_id) VALUES (25,'PHONE_VERIFIED_CHANGE_PHONE',1);
INSERT INTO app_portfolio.event (id,event_name,event_type_id) VALUES (26,'PHONE_OTP_SENT_SIGNUP',1);
INSERT INTO app_portfolio.event (id,event_name,event_type_id) VALUES (27,'PHONE_OTP_SENT_LOGIN',1);
INSERT INTO app_portfolio.event (id,event_name,event_type_id) VALUES (28,'PHONE_OTP_UNVERIFIED',1);
INSERT INTO app_portfolio.event (id,event_name,event_type_id) VALUES (29,'PHONE_OTP_PASSWORD_RESET',1);
INSERT INTO app_portfolio.event (id,event_name,event_type_id) VALUES (30,'PHONE_OTP_CHANGE_PHONE',1);
--
-- event_status
--
INSERT INTO app_portfolio.event_status (id,status_name) VALUES (1,'INPROGRESS');
INSERT INTO app_portfolio.event_status (id,status_name) VALUES (2,'SUCCESSFUL');
INSERT INTO app_portfolio.event_status (id,status_name) VALUES (3,'FAILED');
--
-- language
--
INSERT INTO app_portfolio.language (id, lang_code) VALUES (1,'ab');
INSERT INTO app_portfolio.language (id, lang_code) VALUES (2,'ace');
INSERT INTO app_portfolio.language (id, lang_code) VALUES (3,'ach');
INSERT INTO app_portfolio.language (id, lang_code) VALUES (4,'ada');
INSERT INTO app_portfolio.language (id, lang_code) VALUES (5,'ady');
INSERT INTO app_portfolio.language (id, lang_code) VALUES (6,'aa');
INSERT INTO app_portfolio.language (id, lang_code) VALUES (7,'afh');
INSERT INTO app_portfolio.language (id, lang_code) VALUES (8,'af');
INSERT INTO app_portfolio.language (id, lang_code) VALUES (9,'agq');
INSERT INTO app_portfolio.language (id, lang_code) VALUES (10,'ain');
INSERT INTO app_portfolio.language (id, lang_code) VALUES (11,'ak');
INSERT INTO app_portfolio.language (id, lang_code) VALUES (12,'akk');
INSERT INTO app_portfolio.language (id, lang_code) VALUES (13,'bss');
INSERT INTO app_portfolio.language (id, lang_code) VALUES (14,'akz');
INSERT INTO app_portfolio.language (id, lang_code) VALUES (15,'sq');
INSERT INTO app_portfolio.language (id, lang_code) VALUES (16,'ale');
INSERT INTO app_portfolio.language (id, lang_code) VALUES (17,'arq');
INSERT INTO app_portfolio.language (id, lang_code) VALUES (18,'en-us');
INSERT INTO app_portfolio.language (id, lang_code) VALUES (19,'ase');
INSERT INTO app_portfolio.language (id, lang_code) VALUES (20,'am');
INSERT INTO app_portfolio.language (id, lang_code) VALUES (21,'egy');
INSERT INTO app_portfolio.language (id, lang_code) VALUES (22,'grc');
INSERT INTO app_portfolio.language (id, lang_code) VALUES (23,'anp');
INSERT INTO app_portfolio.language (id, lang_code) VALUES (24,'njo');
INSERT INTO app_portfolio.language (id, lang_code) VALUES (25,'ar');
INSERT INTO app_portfolio.language (id, lang_code) VALUES (26,'an');
INSERT INTO app_portfolio.language (id, lang_code) VALUES (27,'arc');
INSERT INTO app_portfolio.language (id, lang_code) VALUES (28,'aro');
INSERT INTO app_portfolio.language (id, lang_code) VALUES (29,'arp');
INSERT INTO app_portfolio.language (id, lang_code) VALUES (30,'arw');
INSERT INTO app_portfolio.language (id, lang_code) VALUES (31,'hy');
INSERT INTO app_portfolio.language (id, lang_code) VALUES (32,'rup');
INSERT INTO app_portfolio.language (id, lang_code) VALUES (33,'frp');
INSERT INTO app_portfolio.language (id, lang_code) VALUES (34,'as');
INSERT INTO app_portfolio.language (id, lang_code) VALUES (35,'ast');
INSERT INTO app_portfolio.language (id, lang_code) VALUES (36,'asa');
INSERT INTO app_portfolio.language (id, lang_code) VALUES (37,'cch');
INSERT INTO app_portfolio.language (id, lang_code) VALUES (38,'en-au');
INSERT INTO app_portfolio.language (id, lang_code) VALUES (39,'de-at');
INSERT INTO app_portfolio.language (id, lang_code) VALUES (40,'av');
INSERT INTO app_portfolio.language (id, lang_code) VALUES (41,'ae');
INSERT INTO app_portfolio.language (id, lang_code) VALUES (42,'awa');
INSERT INTO app_portfolio.language (id, lang_code) VALUES (43,'ay');
INSERT INTO app_portfolio.language (id, lang_code) VALUES (44,'az');
INSERT INTO app_portfolio.language (id, lang_code) VALUES (45,'bfq');
INSERT INTO app_portfolio.language (id, lang_code) VALUES (46,'ksf');
INSERT INTO app_portfolio.language (id, lang_code) VALUES (47,'bfd');
INSERT INTO app_portfolio.language (id, lang_code) VALUES (48,'bqi');
INSERT INTO app_portfolio.language (id, lang_code) VALUES (49,'ban');
INSERT INTO app_portfolio.language (id, lang_code) VALUES (50,'bal');
INSERT INTO app_portfolio.language (id, lang_code) VALUES (51,'bm');
INSERT INTO app_portfolio.language (id, lang_code) VALUES (52,'bax');
INSERT INTO app_portfolio.language (id, lang_code) VALUES (53,'bjn');
INSERT INTO app_portfolio.language (id, lang_code) VALUES (54,'bas');
INSERT INTO app_portfolio.language (id, lang_code) VALUES (55,'ba');
INSERT INTO app_portfolio.language (id, lang_code) VALUES (56,'eu');
INSERT INTO app_portfolio.language (id, lang_code) VALUES (57,'bbc');
INSERT INTO app_portfolio.language (id, lang_code) VALUES (58,'bar');
INSERT INTO app_portfolio.language (id, lang_code) VALUES (59,'bej');
INSERT INTO app_portfolio.language (id, lang_code) VALUES (60,'be');
INSERT INTO app_portfolio.language (id, lang_code) VALUES (61,'bem');
INSERT INTO app_portfolio.language (id, lang_code) VALUES (62,'bez');
INSERT INTO app_portfolio.language (id, lang_code) VALUES (63,'bn');
INSERT INTO app_portfolio.language (id, lang_code) VALUES (64,'bew');
INSERT INTO app_portfolio.language (id, lang_code) VALUES (65,'bho');
INSERT INTO app_portfolio.language (id, lang_code) VALUES (66,'bik');
INSERT INTO app_portfolio.language (id, lang_code) VALUES (67,'bin');
INSERT INTO app_portfolio.language (id, lang_code) VALUES (68,'bpy');
INSERT INTO app_portfolio.language (id, lang_code) VALUES (69,'bi');
INSERT INTO app_portfolio.language (id, lang_code) VALUES (70,'byn');
INSERT INTO app_portfolio.language (id, lang_code) VALUES (71,'zbl');
INSERT INTO app_portfolio.language (id, lang_code) VALUES (72,'brx');
INSERT INTO app_portfolio.language (id, lang_code) VALUES (73,'bs');
INSERT INTO app_portfolio.language (id, lang_code) VALUES (74,'brh');
INSERT INTO app_portfolio.language (id, lang_code) VALUES (75,'bra');
INSERT INTO app_portfolio.language (id, lang_code) VALUES (76,'pt-br');
INSERT INTO app_portfolio.language (id, lang_code) VALUES (77,'br');
INSERT INTO app_portfolio.language (id, lang_code) VALUES (78,'en-gb');
INSERT INTO app_portfolio.language (id, lang_code) VALUES (79,'bug');
INSERT INTO app_portfolio.language (id, lang_code) VALUES (80,'bg');
INSERT INTO app_portfolio.language (id, lang_code) VALUES (81,'bum');
INSERT INTO app_portfolio.language (id, lang_code) VALUES (82,'bua');
INSERT INTO app_portfolio.language (id, lang_code) VALUES (83,'my');
INSERT INTO app_portfolio.language (id, lang_code) VALUES (84,'cad');
INSERT INTO app_portfolio.language (id, lang_code) VALUES (85,'frc');
INSERT INTO app_portfolio.language (id, lang_code) VALUES (86,'en-ca');
INSERT INTO app_portfolio.language (id, lang_code) VALUES (87,'fr-ca');
INSERT INTO app_portfolio.language (id, lang_code) VALUES (88,'yue');
INSERT INTO app_portfolio.language (id, lang_code) VALUES (89,'cps');
INSERT INTO app_portfolio.language (id, lang_code) VALUES (90,'car');
INSERT INTO app_portfolio.language (id, lang_code) VALUES (91,'ca');
INSERT INTO app_portfolio.language (id, lang_code) VALUES (92,'cay');
INSERT INTO app_portfolio.language (id, lang_code) VALUES (93,'ceb');
INSERT INTO app_portfolio.language (id, lang_code) VALUES (94,'tzm');
INSERT INTO app_portfolio.language (id, lang_code) VALUES (95,'dtp');
INSERT INTO app_portfolio.language (id, lang_code) VALUES (96,'ckb');
INSERT INTO app_portfolio.language (id, lang_code) VALUES (97,'esu');
INSERT INTO app_portfolio.language (id, lang_code) VALUES (98,'shu');
INSERT INTO app_portfolio.language (id, lang_code) VALUES (99,'chg');
INSERT INTO app_portfolio.language (id, lang_code) VALUES (100,'ch');
INSERT INTO app_portfolio.language (id, lang_code) VALUES (101,'ce');
INSERT INTO app_portfolio.language (id, lang_code) VALUES (102,'chr');
INSERT INTO app_portfolio.language (id, lang_code) VALUES (103,'chy');
INSERT INTO app_portfolio.language (id, lang_code) VALUES (104,'chb');
INSERT INTO app_portfolio.language (id, lang_code) VALUES (105,'cgg');
INSERT INTO app_portfolio.language (id, lang_code) VALUES (106,'qug');
INSERT INTO app_portfolio.language (id, lang_code) VALUES (107,'zh');
INSERT INTO app_portfolio.language (id, lang_code) VALUES (108,'chn');
INSERT INTO app_portfolio.language (id, lang_code) VALUES (109,'chp');
INSERT INTO app_portfolio.language (id, lang_code) VALUES (110,'cho');
INSERT INTO app_portfolio.language (id, lang_code) VALUES (111,'cu');
INSERT INTO app_portfolio.language (id, lang_code) VALUES (112,'chk');
INSERT INTO app_portfolio.language (id, lang_code) VALUES (113,'cv');
INSERT INTO app_portfolio.language (id, lang_code) VALUES (114,'nwc');
INSERT INTO app_portfolio.language (id, lang_code) VALUES (115,'syc');
INSERT INTO app_portfolio.language (id, lang_code) VALUES (116,'ksh');
INSERT INTO app_portfolio.language (id, lang_code) VALUES (117,'swb');
INSERT INTO app_portfolio.language (id, lang_code) VALUES (118,'swc');
INSERT INTO app_portfolio.language (id, lang_code) VALUES (119,'cop');
INSERT INTO app_portfolio.language (id, lang_code) VALUES (120,'kw');
INSERT INTO app_portfolio.language (id, lang_code) VALUES (121,'co');
INSERT INTO app_portfolio.language (id, lang_code) VALUES (122,'cr');
INSERT INTO app_portfolio.language (id, lang_code) VALUES (123,'mus');
INSERT INTO app_portfolio.language (id, lang_code) VALUES (124,'crh');
INSERT INTO app_portfolio.language (id, lang_code) VALUES (125,'hr');
INSERT INTO app_portfolio.language (id, lang_code) VALUES (126,'cs');
INSERT INTO app_portfolio.language (id, lang_code) VALUES (127,'dak');
INSERT INTO app_portfolio.language (id, lang_code) VALUES (128,'da');
INSERT INTO app_portfolio.language (id, lang_code) VALUES (129,'dar');
INSERT INTO app_portfolio.language (id, lang_code) VALUES (130,'dzg');
INSERT INTO app_portfolio.language (id, lang_code) VALUES (131,'del');
INSERT INTO app_portfolio.language (id, lang_code) VALUES (132,'din');
INSERT INTO app_portfolio.language (id, lang_code) VALUES (133,'dv');
INSERT INTO app_portfolio.language (id, lang_code) VALUES (134,'doi');
INSERT INTO app_portfolio.language (id, lang_code) VALUES (135,'dgr');
INSERT INTO app_portfolio.language (id, lang_code) VALUES (136,'dua');
INSERT INTO app_portfolio.language (id, lang_code) VALUES (137,'nl');
INSERT INTO app_portfolio.language (id, lang_code) VALUES (138,'dyu');
INSERT INTO app_portfolio.language (id, lang_code) VALUES (139,'dz');
INSERT INTO app_portfolio.language (id, lang_code) VALUES (140,'frs');
INSERT INTO app_portfolio.language (id, lang_code) VALUES (141,'efi');
INSERT INTO app_portfolio.language (id, lang_code) VALUES (142,'arz');
INSERT INTO app_portfolio.language (id, lang_code) VALUES (143,'eka');
INSERT INTO app_portfolio.language (id, lang_code) VALUES (144,'elx');
INSERT INTO app_portfolio.language (id, lang_code) VALUES (145,'ebu');
INSERT INTO app_portfolio.language (id, lang_code) VALUES (146,'egl');
INSERT INTO app_portfolio.language (id, lang_code) VALUES (147,'en');
INSERT INTO app_portfolio.language (id, lang_code) VALUES (148,'myv');
INSERT INTO app_portfolio.language (id, lang_code) VALUES (149,'eo');
INSERT INTO app_portfolio.language (id, lang_code) VALUES (150,'et');
INSERT INTO app_portfolio.language (id, lang_code) VALUES (151,'pt-pt');
INSERT INTO app_portfolio.language (id, lang_code) VALUES (152,'es-es');
INSERT INTO app_portfolio.language (id, lang_code) VALUES (153,'ee');
INSERT INTO app_portfolio.language (id, lang_code) VALUES (154,'ewo');
INSERT INTO app_portfolio.language (id, lang_code) VALUES (155,'ext');
INSERT INTO app_portfolio.language (id, lang_code) VALUES (156,'fan');
INSERT INTO app_portfolio.language (id, lang_code) VALUES (157,'fat');
INSERT INTO app_portfolio.language (id, lang_code) VALUES (158,'fo');
INSERT INTO app_portfolio.language (id, lang_code) VALUES (159,'hif');
INSERT INTO app_portfolio.language (id, lang_code) VALUES (160,'fj');
INSERT INTO app_portfolio.language (id, lang_code) VALUES (161,'fil');
INSERT INTO app_portfolio.language (id, lang_code) VALUES (162,'fi');
INSERT INTO app_portfolio.language (id, lang_code) VALUES (163,'nl-be');
INSERT INTO app_portfolio.language (id, lang_code) VALUES (164,'fon');
INSERT INTO app_portfolio.language (id, lang_code) VALUES (165,'gur');
INSERT INTO app_portfolio.language (id, lang_code) VALUES (166,'fr');
INSERT INTO app_portfolio.language (id, lang_code) VALUES (167,'fur');
INSERT INTO app_portfolio.language (id, lang_code) VALUES (168,'ff');
INSERT INTO app_portfolio.language (id, lang_code) VALUES (169,'gaa');
INSERT INTO app_portfolio.language (id, lang_code) VALUES (170,'gag');
INSERT INTO app_portfolio.language (id, lang_code) VALUES (171,'gl');
INSERT INTO app_portfolio.language (id, lang_code) VALUES (172,'gan');
INSERT INTO app_portfolio.language (id, lang_code) VALUES (173,'lg');
INSERT INTO app_portfolio.language (id, lang_code) VALUES (174,'gay');
INSERT INTO app_portfolio.language (id, lang_code) VALUES (175,'gba');
INSERT INTO app_portfolio.language (id, lang_code) VALUES (176,'gez');
INSERT INTO app_portfolio.language (id, lang_code) VALUES (177,'ka');
INSERT INTO app_portfolio.language (id, lang_code) VALUES (178,'de');
INSERT INTO app_portfolio.language (id, lang_code) VALUES (179,'aln');
INSERT INTO app_portfolio.language (id, lang_code) VALUES (180,'bbj');
INSERT INTO app_portfolio.language (id, lang_code) VALUES (181,'glk');
INSERT INTO app_portfolio.language (id, lang_code) VALUES (182,'gil');
INSERT INTO app_portfolio.language (id, lang_code) VALUES (183,'gom');
INSERT INTO app_portfolio.language (id, lang_code) VALUES (184,'gon');
INSERT INTO app_portfolio.language (id, lang_code) VALUES (185,'gor');
INSERT INTO app_portfolio.language (id, lang_code) VALUES (186,'got');
INSERT INTO app_portfolio.language (id, lang_code) VALUES (187,'grb');
INSERT INTO app_portfolio.language (id, lang_code) VALUES (188,'el');
INSERT INTO app_portfolio.language (id, lang_code) VALUES (189,'gn');
INSERT INTO app_portfolio.language (id, lang_code) VALUES (190,'gu');
INSERT INTO app_portfolio.language (id, lang_code) VALUES (191,'guz');
INSERT INTO app_portfolio.language (id, lang_code) VALUES (192,'gwi');
INSERT INTO app_portfolio.language (id, lang_code) VALUES (193,'hai');
INSERT INTO app_portfolio.language (id, lang_code) VALUES (194,'ht');
INSERT INTO app_portfolio.language (id, lang_code) VALUES (195,'hak');
INSERT INTO app_portfolio.language (id, lang_code) VALUES (196,'ha');
INSERT INTO app_portfolio.language (id, lang_code) VALUES (197,'haw');
INSERT INTO app_portfolio.language (id, lang_code) VALUES (198,'he');
INSERT INTO app_portfolio.language (id, lang_code) VALUES (199,'hz');
INSERT INTO app_portfolio.language (id, lang_code) VALUES (200,'hil');
INSERT INTO app_portfolio.language (id, lang_code) VALUES (201,'hi');
INSERT INTO app_portfolio.language (id, lang_code) VALUES (202,'ho');
INSERT INTO app_portfolio.language (id, lang_code) VALUES (203,'hit');
INSERT INTO app_portfolio.language (id, lang_code) VALUES (204,'hmn');
INSERT INTO app_portfolio.language (id, lang_code) VALUES (205,'hu');
INSERT INTO app_portfolio.language (id, lang_code) VALUES (206,'hup');
INSERT INTO app_portfolio.language (id, lang_code) VALUES (207,'iba');
INSERT INTO app_portfolio.language (id, lang_code) VALUES (208,'ibb');
INSERT INTO app_portfolio.language (id, lang_code) VALUES (209,'is');
INSERT INTO app_portfolio.language (id, lang_code) VALUES (210,'io');
INSERT INTO app_portfolio.language (id, lang_code) VALUES (211,'ig');
INSERT INTO app_portfolio.language (id, lang_code) VALUES (212,'ilo');
INSERT INTO app_portfolio.language (id, lang_code) VALUES (213,'smn');
INSERT INTO app_portfolio.language (id, lang_code) VALUES (214,'id');
INSERT INTO app_portfolio.language (id, lang_code) VALUES (215,'izh');
INSERT INTO app_portfolio.language (id, lang_code) VALUES (216,'inh');
INSERT INTO app_portfolio.language (id, lang_code) VALUES (217,'ia');
INSERT INTO app_portfolio.language (id, lang_code) VALUES (218,'ie');
INSERT INTO app_portfolio.language (id, lang_code) VALUES (219,'iu');
INSERT INTO app_portfolio.language (id, lang_code) VALUES (220,'ik');
INSERT INTO app_portfolio.language (id, lang_code) VALUES (221,'ga');
INSERT INTO app_portfolio.language (id, lang_code) VALUES (222,'it');
INSERT INTO app_portfolio.language (id, lang_code) VALUES (223,'jam');
INSERT INTO app_portfolio.language (id, lang_code) VALUES (224,'ja');
INSERT INTO app_portfolio.language (id, lang_code) VALUES (225,'jv');
INSERT INTO app_portfolio.language (id, lang_code) VALUES (226,'kaj');
INSERT INTO app_portfolio.language (id, lang_code) VALUES (227,'dyo');
INSERT INTO app_portfolio.language (id, lang_code) VALUES (228,'jrb');
INSERT INTO app_portfolio.language (id, lang_code) VALUES (229,'jpr');
INSERT INTO app_portfolio.language (id, lang_code) VALUES (230,'jut');
INSERT INTO app_portfolio.language (id, lang_code) VALUES (231,'kbd');
INSERT INTO app_portfolio.language (id, lang_code) VALUES (232,'kea');
INSERT INTO app_portfolio.language (id, lang_code) VALUES (233,'kab');
INSERT INTO app_portfolio.language (id, lang_code) VALUES (234,'kac');
INSERT INTO app_portfolio.language (id, lang_code) VALUES (235,'kgp');
INSERT INTO app_portfolio.language (id, lang_code) VALUES (236,'kkj');
INSERT INTO app_portfolio.language (id, lang_code) VALUES (237,'kl');
INSERT INTO app_portfolio.language (id, lang_code) VALUES (238,'kln');
INSERT INTO app_portfolio.language (id, lang_code) VALUES (239,'xal');
INSERT INTO app_portfolio.language (id, lang_code) VALUES (240,'kam');
INSERT INTO app_portfolio.language (id, lang_code) VALUES (241,'kbl');
INSERT INTO app_portfolio.language (id, lang_code) VALUES (242,'kn');
INSERT INTO app_portfolio.language (id, lang_code) VALUES (243,'kr');
INSERT INTO app_portfolio.language (id, lang_code) VALUES (244,'kaa');
INSERT INTO app_portfolio.language (id, lang_code) VALUES (245,'krc');
INSERT INTO app_portfolio.language (id, lang_code) VALUES (246,'krl');
INSERT INTO app_portfolio.language (id, lang_code) VALUES (247,'ks');
INSERT INTO app_portfolio.language (id, lang_code) VALUES (248,'csb');
INSERT INTO app_portfolio.language (id, lang_code) VALUES (249,'kaw');
INSERT INTO app_portfolio.language (id, lang_code) VALUES (250,'kk');
INSERT INTO app_portfolio.language (id, lang_code) VALUES (251,'ken');
INSERT INTO app_portfolio.language (id, lang_code) VALUES (252,'kha');
INSERT INTO app_portfolio.language (id, lang_code) VALUES (253,'km');
INSERT INTO app_portfolio.language (id, lang_code) VALUES (254,'kho');
INSERT INTO app_portfolio.language (id, lang_code) VALUES (255,'khw');
INSERT INTO app_portfolio.language (id, lang_code) VALUES (256,'ki');
INSERT INTO app_portfolio.language (id, lang_code) VALUES (257,'kmb');
INSERT INTO app_portfolio.language (id, lang_code) VALUES (258,'krj');
INSERT INTO app_portfolio.language (id, lang_code) VALUES (259,'rw');
INSERT INTO app_portfolio.language (id, lang_code) VALUES (260,'kiu');
INSERT INTO app_portfolio.language (id, lang_code) VALUES (261,'tlh');
INSERT INTO app_portfolio.language (id, lang_code) VALUES (262,'bkm');
INSERT INTO app_portfolio.language (id, lang_code) VALUES (263,'kv');
INSERT INTO app_portfolio.language (id, lang_code) VALUES (264,'koi');
INSERT INTO app_portfolio.language (id, lang_code) VALUES (265,'kg');
INSERT INTO app_portfolio.language (id, lang_code) VALUES (266,'kok');
INSERT INTO app_portfolio.language (id, lang_code) VALUES (267,'ko');
INSERT INTO app_portfolio.language (id, lang_code) VALUES (268,'kfo');
INSERT INTO app_portfolio.language (id, lang_code) VALUES (269,'kos');
INSERT INTO app_portfolio.language (id, lang_code) VALUES (270,'avk');
INSERT INTO app_portfolio.language (id, lang_code) VALUES (271,'khq');
INSERT INTO app_portfolio.language (id, lang_code) VALUES (272,'ses');
INSERT INTO app_portfolio.language (id, lang_code) VALUES (273,'kpe');
INSERT INTO app_portfolio.language (id, lang_code) VALUES (274,'kri');
INSERT INTO app_portfolio.language (id, lang_code) VALUES (275,'kj');
INSERT INTO app_portfolio.language (id, lang_code) VALUES (276,'kum');
INSERT INTO app_portfolio.language (id, lang_code) VALUES (277,'ku');
INSERT INTO app_portfolio.language (id, lang_code) VALUES (278,'kru');
INSERT INTO app_portfolio.language (id, lang_code) VALUES (279,'kut');
INSERT INTO app_portfolio.language (id, lang_code) VALUES (280,'nmg');
INSERT INTO app_portfolio.language (id, lang_code) VALUES (281,'ky');
INSERT INTO app_portfolio.language (id, lang_code) VALUES (282,'quc');
INSERT INTO app_portfolio.language (id, lang_code) VALUES (283,'lad');
INSERT INTO app_portfolio.language (id, lang_code) VALUES (284,'lah');
INSERT INTO app_portfolio.language (id, lang_code) VALUES (285,'lkt');
INSERT INTO app_portfolio.language (id, lang_code) VALUES (286,'lam');
INSERT INTO app_portfolio.language (id, lang_code) VALUES (287,'lag');
INSERT INTO app_portfolio.language (id, lang_code) VALUES (288,'lo');
INSERT INTO app_portfolio.language (id, lang_code) VALUES (289,'ltg');
INSERT INTO app_portfolio.language (id, lang_code) VALUES (290,'la');
INSERT INTO app_portfolio.language (id, lang_code) VALUES (291,'es-419');
INSERT INTO app_portfolio.language (id, lang_code) VALUES (292,'lv');
INSERT INTO app_portfolio.language (id, lang_code) VALUES (293,'lzz');
INSERT INTO app_portfolio.language (id, lang_code) VALUES (294,'lez');
INSERT INTO app_portfolio.language (id, lang_code) VALUES (295,'lij');
INSERT INTO app_portfolio.language (id, lang_code) VALUES (296,'li');
INSERT INTO app_portfolio.language (id, lang_code) VALUES (297,'ln');
INSERT INTO app_portfolio.language (id, lang_code) VALUES (298,'lfn');
INSERT INTO app_portfolio.language (id, lang_code) VALUES (299,'lzh');
INSERT INTO app_portfolio.language (id, lang_code) VALUES (300,'lt');
INSERT INTO app_portfolio.language (id, lang_code) VALUES (301,'liv');
INSERT INTO app_portfolio.language (id, lang_code) VALUES (302,'jbo');
INSERT INTO app_portfolio.language (id, lang_code) VALUES (303,'lmo');
INSERT INTO app_portfolio.language (id, lang_code) VALUES (304,'nds');
INSERT INTO app_portfolio.language (id, lang_code) VALUES (305,'sli');
INSERT INTO app_portfolio.language (id, lang_code) VALUES (306,'dsb');
INSERT INTO app_portfolio.language (id, lang_code) VALUES (307,'loz');
INSERT INTO app_portfolio.language (id, lang_code) VALUES (308,'lu');
INSERT INTO app_portfolio.language (id, lang_code) VALUES (309,'lua');
INSERT INTO app_portfolio.language (id, lang_code) VALUES (310,'lui');
INSERT INTO app_portfolio.language (id, lang_code) VALUES (311,'smj');
INSERT INTO app_portfolio.language (id, lang_code) VALUES (312,'lun');
INSERT INTO app_portfolio.language (id, lang_code) VALUES (313,'luo');
INSERT INTO app_portfolio.language (id, lang_code) VALUES (314,'lb');
INSERT INTO app_portfolio.language (id, lang_code) VALUES (315,'luy');
INSERT INTO app_portfolio.language (id, lang_code) VALUES (316,'mde');
INSERT INTO app_portfolio.language (id, lang_code) VALUES (317,'mk');
INSERT INTO app_portfolio.language (id, lang_code) VALUES (318,'jmc');
INSERT INTO app_portfolio.language (id, lang_code) VALUES (319,'mad');
INSERT INTO app_portfolio.language (id, lang_code) VALUES (320,'maf');
INSERT INTO app_portfolio.language (id, lang_code) VALUES (321,'mag');
INSERT INTO app_portfolio.language (id, lang_code) VALUES (322,'vmf');
INSERT INTO app_portfolio.language (id, lang_code) VALUES (323,'mai');
INSERT INTO app_portfolio.language (id, lang_code) VALUES (324,'mak');
INSERT INTO app_portfolio.language (id, lang_code) VALUES (325,'mgh');
INSERT INTO app_portfolio.language (id, lang_code) VALUES (326,'kde');
INSERT INTO app_portfolio.language (id, lang_code) VALUES (327,'mg');
INSERT INTO app_portfolio.language (id, lang_code) VALUES (328,'ms');
INSERT INTO app_portfolio.language (id, lang_code) VALUES (329,'ml');
INSERT INTO app_portfolio.language (id, lang_code) VALUES (330,'mt');
INSERT INTO app_portfolio.language (id, lang_code) VALUES (331,'mnc');
INSERT INTO app_portfolio.language (id, lang_code) VALUES (332,'mdr');
INSERT INTO app_portfolio.language (id, lang_code) VALUES (333,'man');
INSERT INTO app_portfolio.language (id, lang_code) VALUES (334,'mni');
INSERT INTO app_portfolio.language (id, lang_code) VALUES (335,'gv');
INSERT INTO app_portfolio.language (id, lang_code) VALUES (336,'mi');
INSERT INTO app_portfolio.language (id, lang_code) VALUES (337,'arn');
INSERT INTO app_portfolio.language (id, lang_code) VALUES (338,'mr');
INSERT INTO app_portfolio.language (id, lang_code) VALUES (339,'chm');
INSERT INTO app_portfolio.language (id, lang_code) VALUES (340,'mh');
INSERT INTO app_portfolio.language (id, lang_code) VALUES (341,'mwr');
INSERT INTO app_portfolio.language (id, lang_code) VALUES (342,'mas');
INSERT INTO app_portfolio.language (id, lang_code) VALUES (343,'mzn');
INSERT INTO app_portfolio.language (id, lang_code) VALUES (344,'byv');
INSERT INTO app_portfolio.language (id, lang_code) VALUES (345,'men');
INSERT INTO app_portfolio.language (id, lang_code) VALUES (346,'mwv');
INSERT INTO app_portfolio.language (id, lang_code) VALUES (347,'mer');
INSERT INTO app_portfolio.language (id, lang_code) VALUES (348,'mgo');
INSERT INTO app_portfolio.language (id, lang_code) VALUES (349,'es-mx');
INSERT INTO app_portfolio.language (id, lang_code) VALUES (350,'mic');
INSERT INTO app_portfolio.language (id, lang_code) VALUES (351,'dum');
INSERT INTO app_portfolio.language (id, lang_code) VALUES (352,'enm');
INSERT INTO app_portfolio.language (id, lang_code) VALUES (353,'frm');
INSERT INTO app_portfolio.language (id, lang_code) VALUES (354,'gmh');
INSERT INTO app_portfolio.language (id, lang_code) VALUES (355,'mga');
INSERT INTO app_portfolio.language (id, lang_code) VALUES (356,'nan');
INSERT INTO app_portfolio.language (id, lang_code) VALUES (357,'min');
INSERT INTO app_portfolio.language (id, lang_code) VALUES (358,'xmf');
INSERT INTO app_portfolio.language (id, lang_code) VALUES (359,'mwl');
INSERT INTO app_portfolio.language (id, lang_code) VALUES (360,'lus');
INSERT INTO app_portfolio.language (id, lang_code) VALUES (361,'ar-001');
INSERT INTO app_portfolio.language (id, lang_code) VALUES (362,'moh');
INSERT INTO app_portfolio.language (id, lang_code) VALUES (363,'mdf');
INSERT INTO app_portfolio.language (id, lang_code) VALUES (364,'ro-md');
INSERT INTO app_portfolio.language (id, lang_code) VALUES (365,'lol');
INSERT INTO app_portfolio.language (id, lang_code) VALUES (366,'mn');
INSERT INTO app_portfolio.language (id, lang_code) VALUES (367,'mfe');
INSERT INTO app_portfolio.language (id, lang_code) VALUES (368,'ary');
INSERT INTO app_portfolio.language (id, lang_code) VALUES (369,'mos');
INSERT INTO app_portfolio.language (id, lang_code) VALUES (370,'mul');
INSERT INTO app_portfolio.language (id, lang_code) VALUES (371,'mua');
INSERT INTO app_portfolio.language (id, lang_code) VALUES (372,'ttt');
INSERT INTO app_portfolio.language (id, lang_code) VALUES (373,'mye');
INSERT INTO app_portfolio.language (id, lang_code) VALUES (374,'naq');
INSERT INTO app_portfolio.language (id, lang_code) VALUES (375,'na');
INSERT INTO app_portfolio.language (id, lang_code) VALUES (376,'nv');
INSERT INTO app_portfolio.language (id, lang_code) VALUES (377,'ng');
INSERT INTO app_portfolio.language (id, lang_code) VALUES (378,'nap');
INSERT INTO app_portfolio.language (id, lang_code) VALUES (379,'ne');
INSERT INTO app_portfolio.language (id, lang_code) VALUES (380,'new');
INSERT INTO app_portfolio.language (id, lang_code) VALUES (381,'sba');
INSERT INTO app_portfolio.language (id, lang_code) VALUES (382,'nnh');
INSERT INTO app_portfolio.language (id, lang_code) VALUES (383,'jgo');
INSERT INTO app_portfolio.language (id, lang_code) VALUES (384,'yrl');
INSERT INTO app_portfolio.language (id, lang_code) VALUES (385,'nia');
INSERT INTO app_portfolio.language (id, lang_code) VALUES (386,'niu');
INSERT INTO app_portfolio.language (id, lang_code) VALUES (387,'zxx');
INSERT INTO app_portfolio.language (id, lang_code) VALUES (388,'nog');
INSERT INTO app_portfolio.language (id, lang_code) VALUES (389,'nd');
INSERT INTO app_portfolio.language (id, lang_code) VALUES (390,'frr');
INSERT INTO app_portfolio.language (id, lang_code) VALUES (391,'se');
INSERT INTO app_portfolio.language (id, lang_code) VALUES (392,'nso');
INSERT INTO app_portfolio.language (id, lang_code) VALUES (393,'no');
INSERT INTO app_portfolio.language (id, lang_code) VALUES (394,'nb');
INSERT INTO app_portfolio.language (id, lang_code) VALUES (395,'nn');
INSERT INTO app_portfolio.language (id, lang_code) VALUES (396,'nov');
INSERT INTO app_portfolio.language (id, lang_code) VALUES (397,'nus');
INSERT INTO app_portfolio.language (id, lang_code) VALUES (398,'nym');
INSERT INTO app_portfolio.language (id, lang_code) VALUES (399,'ny');
INSERT INTO app_portfolio.language (id, lang_code) VALUES (400,'nyn');
INSERT INTO app_portfolio.language (id, lang_code) VALUES (401,'tog');
INSERT INTO app_portfolio.language (id, lang_code) VALUES (402,'nyo');
INSERT INTO app_portfolio.language (id, lang_code) VALUES (403,'nzi');
INSERT INTO app_portfolio.language (id, lang_code) VALUES (404,'nqo');
INSERT INTO app_portfolio.language (id, lang_code) VALUES (405,'oc');
INSERT INTO app_portfolio.language (id, lang_code) VALUES (406,'oj');
INSERT INTO app_portfolio.language (id, lang_code) VALUES (407,'ang');
INSERT INTO app_portfolio.language (id, lang_code) VALUES (408,'fro');
INSERT INTO app_portfolio.language (id, lang_code) VALUES (409,'goh');
INSERT INTO app_portfolio.language (id, lang_code) VALUES (410,'sga');
INSERT INTO app_portfolio.language (id, lang_code) VALUES (411,'non');
INSERT INTO app_portfolio.language (id, lang_code) VALUES (412,'peo');
INSERT INTO app_portfolio.language (id, lang_code) VALUES (413,'pro');
INSERT INTO app_portfolio.language (id, lang_code) VALUES (414,'or');
INSERT INTO app_portfolio.language (id, lang_code) VALUES (415,'om');
INSERT INTO app_portfolio.language (id, lang_code) VALUES (416,'osa');
INSERT INTO app_portfolio.language (id, lang_code) VALUES (417,'os');
INSERT INTO app_portfolio.language (id, lang_code) VALUES (418,'ota');
INSERT INTO app_portfolio.language (id, lang_code) VALUES (419,'pal');
INSERT INTO app_portfolio.language (id, lang_code) VALUES (420,'pfl');
INSERT INTO app_portfolio.language (id, lang_code) VALUES (421,'pau');
INSERT INTO app_portfolio.language (id, lang_code) VALUES (422,'pi');
INSERT INTO app_portfolio.language (id, lang_code) VALUES (423,'pam');
INSERT INTO app_portfolio.language (id, lang_code) VALUES (424,'pag');
INSERT INTO app_portfolio.language (id, lang_code) VALUES (425,'pap');
INSERT INTO app_portfolio.language (id, lang_code) VALUES (426,'ps');
INSERT INTO app_portfolio.language (id, lang_code) VALUES (427,'pdc');
INSERT INTO app_portfolio.language (id, lang_code) VALUES (428,'fa');
INSERT INTO app_portfolio.language (id, lang_code) VALUES (429,'phn');
INSERT INTO app_portfolio.language (id, lang_code) VALUES (430,'pcd');
INSERT INTO app_portfolio.language (id, lang_code) VALUES (431,'pms');
INSERT INTO app_portfolio.language (id, lang_code) VALUES (432,'pdt');
INSERT INTO app_portfolio.language (id, lang_code) VALUES (433,'pon');
INSERT INTO app_portfolio.language (id, lang_code) VALUES (434,'pl');
INSERT INTO app_portfolio.language (id, lang_code) VALUES (435,'pnt');
INSERT INTO app_portfolio.language (id, lang_code) VALUES (436,'pt');
INSERT INTO app_portfolio.language (id, lang_code) VALUES (437,'prg');
INSERT INTO app_portfolio.language (id, lang_code) VALUES (438,'pa');
INSERT INTO app_portfolio.language (id, lang_code) VALUES (439,'qu');
INSERT INTO app_portfolio.language (id, lang_code) VALUES (440,'raj');
INSERT INTO app_portfolio.language (id, lang_code) VALUES (441,'rap');
INSERT INTO app_portfolio.language (id, lang_code) VALUES (442,'rar');
INSERT INTO app_portfolio.language (id, lang_code) VALUES (443,'rif');
INSERT INTO app_portfolio.language (id, lang_code) VALUES (444,'rgn');
INSERT INTO app_portfolio.language (id, lang_code) VALUES (445,'ro');
INSERT INTO app_portfolio.language (id, lang_code) VALUES (446,'rm');
INSERT INTO app_portfolio.language (id, lang_code) VALUES (447,'rom');
INSERT INTO app_portfolio.language (id, lang_code) VALUES (448,'rof');
INSERT INTO app_portfolio.language (id, lang_code) VALUES (449,'root');
INSERT INTO app_portfolio.language (id, lang_code) VALUES (450,'rtm');
INSERT INTO app_portfolio.language (id, lang_code) VALUES (451,'rug');
INSERT INTO app_portfolio.language (id, lang_code) VALUES (452,'rn');
INSERT INTO app_portfolio.language (id, lang_code) VALUES (453,'ru');
INSERT INTO app_portfolio.language (id, lang_code) VALUES (454,'rue');
INSERT INTO app_portfolio.language (id, lang_code) VALUES (455,'rwk');
INSERT INTO app_portfolio.language (id, lang_code) VALUES (456,'ssy');
INSERT INTO app_portfolio.language (id, lang_code) VALUES (457,'sah');
INSERT INTO app_portfolio.language (id, lang_code) VALUES (458,'sam');
INSERT INTO app_portfolio.language (id, lang_code) VALUES (459,'saq');
INSERT INTO app_portfolio.language (id, lang_code) VALUES (460,'sm');
INSERT INTO app_portfolio.language (id, lang_code) VALUES (461,'sgs');
INSERT INTO app_portfolio.language (id, lang_code) VALUES (462,'sad');
INSERT INTO app_portfolio.language (id, lang_code) VALUES (463,'sg');
INSERT INTO app_portfolio.language (id, lang_code) VALUES (464,'sbp');
INSERT INTO app_portfolio.language (id, lang_code) VALUES (465,'sa');
INSERT INTO app_portfolio.language (id, lang_code) VALUES (466,'sat');
INSERT INTO app_portfolio.language (id, lang_code) VALUES (467,'sc');
INSERT INTO app_portfolio.language (id, lang_code) VALUES (468,'sas');
INSERT INTO app_portfolio.language (id, lang_code) VALUES (469,'sdc');
INSERT INTO app_portfolio.language (id, lang_code) VALUES (470,'stq');
INSERT INTO app_portfolio.language (id, lang_code) VALUES (471,'saz');
INSERT INTO app_portfolio.language (id, lang_code) VALUES (472,'sco');
INSERT INTO app_portfolio.language (id, lang_code) VALUES (473,'gd');
INSERT INTO app_portfolio.language (id, lang_code) VALUES (474,'sly');
INSERT INTO app_portfolio.language (id, lang_code) VALUES (475,'sel');
INSERT INTO app_portfolio.language (id, lang_code) VALUES (476,'seh');
INSERT INTO app_portfolio.language (id, lang_code) VALUES (477,'see');
INSERT INTO app_portfolio.language (id, lang_code) VALUES (478,'sr');
INSERT INTO app_portfolio.language (id, lang_code) VALUES (479,'sh');
INSERT INTO app_portfolio.language (id, lang_code) VALUES (480,'srr');
INSERT INTO app_portfolio.language (id, lang_code) VALUES (481,'sei');
INSERT INTO app_portfolio.language (id, lang_code) VALUES (482,'ksb');
INSERT INTO app_portfolio.language (id, lang_code) VALUES (483,'shn');
INSERT INTO app_portfolio.language (id, lang_code) VALUES (484,'sn');
INSERT INTO app_portfolio.language (id, lang_code) VALUES (485,'ii');
INSERT INTO app_portfolio.language (id, lang_code) VALUES (486,'scn');
INSERT INTO app_portfolio.language (id, lang_code) VALUES (487,'sid');
INSERT INTO app_portfolio.language (id, lang_code) VALUES (488,'bla');
INSERT INTO app_portfolio.language (id, lang_code) VALUES (489,'szl');
INSERT INTO app_portfolio.language (id, lang_code) VALUES (490,'zh-hans');
INSERT INTO app_portfolio.language (id, lang_code) VALUES (491,'sd');
INSERT INTO app_portfolio.language (id, lang_code) VALUES (492,'si');
INSERT INTO app_portfolio.language (id, lang_code) VALUES (493,'sms');
INSERT INTO app_portfolio.language (id, lang_code) VALUES (494,'den');
INSERT INTO app_portfolio.language (id, lang_code) VALUES (495,'sk');
INSERT INTO app_portfolio.language (id, lang_code) VALUES (496,'sl');
INSERT INTO app_portfolio.language (id, lang_code) VALUES (497,'xog');
INSERT INTO app_portfolio.language (id, lang_code) VALUES (498,'sog');
INSERT INTO app_portfolio.language (id, lang_code) VALUES (499,'so');
INSERT INTO app_portfolio.language (id, lang_code) VALUES (500,'snk');
INSERT INTO app_portfolio.language (id, lang_code) VALUES (501,'azb');
INSERT INTO app_portfolio.language (id, lang_code) VALUES (502,'nr');
INSERT INTO app_portfolio.language (id, lang_code) VALUES (503,'alt');
INSERT INTO app_portfolio.language (id, lang_code) VALUES (504,'sma');
INSERT INTO app_portfolio.language (id, lang_code) VALUES (505,'st');
INSERT INTO app_portfolio.language (id, lang_code) VALUES (506,'es');
INSERT INTO app_portfolio.language (id, lang_code) VALUES (507,'srn');
INSERT INTO app_portfolio.language (id, lang_code) VALUES (508,'zgh');
INSERT INTO app_portfolio.language (id, lang_code) VALUES (509,'suk');
INSERT INTO app_portfolio.language (id, lang_code) VALUES (510,'sux');
INSERT INTO app_portfolio.language (id, lang_code) VALUES (511,'su');
INSERT INTO app_portfolio.language (id, lang_code) VALUES (512,'sus');
INSERT INTO app_portfolio.language (id, lang_code) VALUES (513,'sw');
INSERT INTO app_portfolio.language (id, lang_code) VALUES (514,'ss');
INSERT INTO app_portfolio.language (id, lang_code) VALUES (515,'sv');
INSERT INTO app_portfolio.language (id, lang_code) VALUES (516,'fr-ch');
INSERT INTO app_portfolio.language (id, lang_code) VALUES (517,'gsw');
INSERT INTO app_portfolio.language (id, lang_code) VALUES (518,'de-ch');
INSERT INTO app_portfolio.language (id, lang_code) VALUES (519,'syr');
INSERT INTO app_portfolio.language (id, lang_code) VALUES (520,'shi');
INSERT INTO app_portfolio.language (id, lang_code) VALUES (521,'tl');
INSERT INTO app_portfolio.language (id, lang_code) VALUES (522,'ty');
INSERT INTO app_portfolio.language (id, lang_code) VALUES (523,'dav');
INSERT INTO app_portfolio.language (id, lang_code) VALUES (524,'tg');
INSERT INTO app_portfolio.language (id, lang_code) VALUES (525,'tly');
INSERT INTO app_portfolio.language (id, lang_code) VALUES (526,'tmh');
INSERT INTO app_portfolio.language (id, lang_code) VALUES (527,'ta');
INSERT INTO app_portfolio.language (id, lang_code) VALUES (528,'trv');
INSERT INTO app_portfolio.language (id, lang_code) VALUES (529,'twq');
INSERT INTO app_portfolio.language (id, lang_code) VALUES (530,'tt');
INSERT INTO app_portfolio.language (id, lang_code) VALUES (531,'te');
INSERT INTO app_portfolio.language (id, lang_code) VALUES (532,'ter');
INSERT INTO app_portfolio.language (id, lang_code) VALUES (533,'teo');
INSERT INTO app_portfolio.language (id, lang_code) VALUES (534,'tet');
INSERT INTO app_portfolio.language (id, lang_code) VALUES (535,'th');
INSERT INTO app_portfolio.language (id, lang_code) VALUES (536,'bo');
INSERT INTO app_portfolio.language (id, lang_code) VALUES (537,'tig');
INSERT INTO app_portfolio.language (id, lang_code) VALUES (538,'ti');
INSERT INTO app_portfolio.language (id, lang_code) VALUES (539,'tem');
INSERT INTO app_portfolio.language (id, lang_code) VALUES (540,'tiv');
INSERT INTO app_portfolio.language (id, lang_code) VALUES (541,'tli');
INSERT INTO app_portfolio.language (id, lang_code) VALUES (542,'tpi');
INSERT INTO app_portfolio.language (id, lang_code) VALUES (543,'tkl');
INSERT INTO app_portfolio.language (id, lang_code) VALUES (544,'to');
INSERT INTO app_portfolio.language (id, lang_code) VALUES (545,'fit');
INSERT INTO app_portfolio.language (id, lang_code) VALUES (546,'zh-hant');
INSERT INTO app_portfolio.language (id, lang_code) VALUES (547,'tkr');
INSERT INTO app_portfolio.language (id, lang_code) VALUES (548,'tsd');
INSERT INTO app_portfolio.language (id, lang_code) VALUES (549,'tsi');
INSERT INTO app_portfolio.language (id, lang_code) VALUES (550,'ts');
INSERT INTO app_portfolio.language (id, lang_code) VALUES (551,'tn');
INSERT INTO app_portfolio.language (id, lang_code) VALUES (552,'tcy');
INSERT INTO app_portfolio.language (id, lang_code) VALUES (553,'tum');
INSERT INTO app_portfolio.language (id, lang_code) VALUES (554,'aeb');
INSERT INTO app_portfolio.language (id, lang_code) VALUES (555,'tr');
INSERT INTO app_portfolio.language (id, lang_code) VALUES (556,'tk');
INSERT INTO app_portfolio.language (id, lang_code) VALUES (557,'tru');
INSERT INTO app_portfolio.language (id, lang_code) VALUES (558,'tvl');
INSERT INTO app_portfolio.language (id, lang_code) VALUES (559,'tyv');
INSERT INTO app_portfolio.language (id, lang_code) VALUES (560,'tw');
INSERT INTO app_portfolio.language (id, lang_code) VALUES (561,'kcg');
INSERT INTO app_portfolio.language (id, lang_code) VALUES (562,'udm');
INSERT INTO app_portfolio.language (id, lang_code) VALUES (563,'uga');
INSERT INTO app_portfolio.language (id, lang_code) VALUES (564,'uk');
INSERT INTO app_portfolio.language (id, lang_code) VALUES (565,'umb');
INSERT INTO app_portfolio.language (id, lang_code) VALUES (566,'und');
INSERT INTO app_portfolio.language (id, lang_code) VALUES (567,'hsb');
INSERT INTO app_portfolio.language (id, lang_code) VALUES (568,'ur');
INSERT INTO app_portfolio.language (id, lang_code) VALUES (569,'ug');
INSERT INTO app_portfolio.language (id, lang_code) VALUES (570,'uz');
INSERT INTO app_portfolio.language (id, lang_code) VALUES (571,'vai');
INSERT INTO app_portfolio.language (id, lang_code) VALUES (572,'ve');
INSERT INTO app_portfolio.language (id, lang_code) VALUES (573,'vec');
INSERT INTO app_portfolio.language (id, lang_code) VALUES (574,'vep');
INSERT INTO app_portfolio.language (id, lang_code) VALUES (575,'vi');
INSERT INTO app_portfolio.language (id, lang_code) VALUES (576,'vo');
INSERT INTO app_portfolio.language (id, lang_code) VALUES (577,'vro');
INSERT INTO app_portfolio.language (id, lang_code) VALUES (578,'vot');
INSERT INTO app_portfolio.language (id, lang_code) VALUES (579,'vun');
INSERT INTO app_portfolio.language (id, lang_code) VALUES (580,'wa');
INSERT INTO app_portfolio.language (id, lang_code) VALUES (581,'wae');
INSERT INTO app_portfolio.language (id, lang_code) VALUES (582,'war');
INSERT INTO app_portfolio.language (id, lang_code) VALUES (583,'wbp');
INSERT INTO app_portfolio.language (id, lang_code) VALUES (584,'was');
INSERT INTO app_portfolio.language (id, lang_code) VALUES (585,'guc');
INSERT INTO app_portfolio.language (id, lang_code) VALUES (586,'cy');
INSERT INTO app_portfolio.language (id, lang_code) VALUES (587,'vls');
INSERT INTO app_portfolio.language (id, lang_code) VALUES (588,'fy');
INSERT INTO app_portfolio.language (id, lang_code) VALUES (589,'mrj');
INSERT INTO app_portfolio.language (id, lang_code) VALUES (590,'wal');
INSERT INTO app_portfolio.language (id, lang_code) VALUES (591,'wo');
INSERT INTO app_portfolio.language (id, lang_code) VALUES (592,'wuu');
INSERT INTO app_portfolio.language (id, lang_code) VALUES (593,'xh');
INSERT INTO app_portfolio.language (id, lang_code) VALUES (594,'hsn');
INSERT INTO app_portfolio.language (id, lang_code) VALUES (595,'yav');
INSERT INTO app_portfolio.language (id, lang_code) VALUES (596,'yao');
INSERT INTO app_portfolio.language (id, lang_code) VALUES (597,'yap');
INSERT INTO app_portfolio.language (id, lang_code) VALUES (598,'ybb');
INSERT INTO app_portfolio.language (id, lang_code) VALUES (599,'yi');
INSERT INTO app_portfolio.language (id, lang_code) VALUES (600,'yo');
INSERT INTO app_portfolio.language (id, lang_code) VALUES (601,'zap');
INSERT INTO app_portfolio.language (id, lang_code) VALUES (602,'dje');
INSERT INTO app_portfolio.language (id, lang_code) VALUES (603,'zza');
INSERT INTO app_portfolio.language (id, lang_code) VALUES (604,'zea');
INSERT INTO app_portfolio.language (id, lang_code) VALUES (605,'zen');
INSERT INTO app_portfolio.language (id, lang_code) VALUES (606,'za');
INSERT INTO app_portfolio.language (id, lang_code) VALUES (607,'gbz');
INSERT INTO app_portfolio.language (id, lang_code) VALUES (608,'zu');
INSERT INTO app_portfolio.language (id, lang_code) VALUES (609,'zun');
INSERT INTO app_portfolio.language (id, lang_code) VALUES (1024,'az-cyrl');
INSERT INTO app_portfolio.language (id, lang_code) VALUES (1025,'az-latn');
INSERT INTO app_portfolio.language (id, lang_code) VALUES (1026,'bm-latn');
INSERT INTO app_portfolio.language (id, lang_code) VALUES (1027,'bs-cyrl');
INSERT INTO app_portfolio.language (id, lang_code) VALUES (1028,'bs-latn');
INSERT INTO app_portfolio.language (id, lang_code) VALUES (1029,'ha-latn');
INSERT INTO app_portfolio.language (id, lang_code) VALUES (1030,'ks-arab');
INSERT INTO app_portfolio.language (id, lang_code) VALUES (1031,'kk-cyrl');
INSERT INTO app_portfolio.language (id, lang_code) VALUES (1032,'ky-cyrl');
INSERT INTO app_portfolio.language (id, lang_code) VALUES (1033,'ms-latn');
INSERT INTO app_portfolio.language (id, lang_code) VALUES (1034,'mn-cyrl');
INSERT INTO app_portfolio.language (id, lang_code) VALUES (1035,'pa-arab');
INSERT INTO app_portfolio.language (id, lang_code) VALUES (1036,'pa-guru');
INSERT INTO app_portfolio.language (id, lang_code) VALUES (1037,'sr-cyrl');
INSERT INTO app_portfolio.language (id, lang_code) VALUES (1038,'sr-latn');
INSERT INTO app_portfolio.language (id, lang_code) VALUES (1039,'ug-arab');
INSERT INTO app_portfolio.language (id, lang_code) VALUES (1040,'uz-arab');
INSERT INTO app_portfolio.language (id, lang_code) VALUES (1041,'uz-cyrl');
INSERT INTO app_portfolio.language (id, lang_code) VALUES (1042,'uz-latn');
--
-- locale
--
INSERT INTO app_portfolio.locale (language_id, country_id) VALUES (8,402);
INSERT INTO app_portfolio.locale (language_id, country_id) VALUES (8,449);
INSERT INTO app_portfolio.locale (language_id, country_id) VALUES (11,336);
INSERT INTO app_portfolio.locale (language_id, country_id) VALUES (15,253);
INSERT INTO app_portfolio.locale (language_id, country_id) VALUES (15,414);
INSERT INTO app_portfolio.locale (language_id, country_id) VALUES (20,323);
INSERT INTO app_portfolio.locale (language_id, country_id) VALUES (25,254);
INSERT INTO app_portfolio.locale (language_id, country_id) VALUES (25,268);
INSERT INTO app_portfolio.locale (language_id, country_id) VALUES (25,295);
INSERT INTO app_portfolio.locale (language_id, country_id) VALUES (25,301);
INSERT INTO app_portfolio.locale (language_id, country_id) VALUES (25,313);
INSERT INTO app_portfolio.locale (language_id, country_id) VALUES (25,317);
INSERT INTO app_portfolio.locale (language_id, country_id) VALUES (25,320);
INSERT INTO app_portfolio.locale (language_id, country_id) VALUES (25,357);
INSERT INTO app_portfolio.locale (language_id, country_id) VALUES (25,360);
INSERT INTO app_portfolio.locale (language_id, country_id) VALUES (25,365);
INSERT INTO app_portfolio.locale (language_id, country_id) VALUES (25,369);
INSERT INTO app_portfolio.locale (language_id, country_id) VALUES (25,373);
INSERT INTO app_portfolio.locale (language_id, country_id) VALUES (25,376);
INSERT INTO app_portfolio.locale (language_id, country_id) VALUES (25,389);
INSERT INTO app_portfolio.locale (language_id, country_id) VALUES (25,399);
INSERT INTO app_portfolio.locale (language_id, country_id) VALUES (25,417);
INSERT INTO app_portfolio.locale (language_id, country_id) VALUES (25,420);
INSERT INTO app_portfolio.locale (language_id, country_id) VALUES (25,430);
INSERT INTO app_portfolio.locale (language_id, country_id) VALUES (25,438);
INSERT INTO app_portfolio.locale (language_id, country_id) VALUES (25,448);
INSERT INTO app_portfolio.locale (language_id, country_id) VALUES (25,452);
INSERT INTO app_portfolio.locale (language_id, country_id) VALUES (25,462);
INSERT INTO app_portfolio.locale (language_id, country_id) VALUES (25,467);
INSERT INTO app_portfolio.locale (language_id, country_id) VALUES (25,477);
INSERT INTO app_portfolio.locale (language_id, country_id) VALUES (25,486);
INSERT INTO app_portfolio.locale (language_id, country_id) VALUES (25,496);
INSERT INTO app_portfolio.locale (language_id, country_id) VALUES (25,497);
INSERT INTO app_portfolio.locale (language_id, country_id) VALUES (31,262);
INSERT INTO app_portfolio.locale (language_id, country_id) VALUES (34,354);
INSERT INTO app_portfolio.locale (language_id, country_id) VALUES (44,266);
INSERT INTO app_portfolio.locale (language_id, country_id) VALUES (56,453);
INSERT INTO app_portfolio.locale (language_id, country_id) VALUES (60,271);
INSERT INTO app_portfolio.locale (language_id, country_id) VALUES (63,269);
INSERT INTO app_portfolio.locale (language_id, country_id) VALUES (63,354);
INSERT INTO app_portfolio.locale (language_id, country_id) VALUES (73,278);
INSERT INTO app_portfolio.locale (language_id, country_id) VALUES (77,328);
INSERT INTO app_portfolio.locale (language_id, country_id) VALUES (80,285);
INSERT INTO app_portfolio.locale (language_id, country_id) VALUES (83,401);
INSERT INTO app_portfolio.locale (language_id, country_id) VALUES (91,256);
INSERT INTO app_portfolio.locale (language_id, country_id) VALUES (91,328);
INSERT INTO app_portfolio.locale (language_id, country_id) VALUES (91,361);
INSERT INTO app_portfolio.locale (language_id, country_id) VALUES (91,453);
INSERT INTO app_portfolio.locale (language_id, country_id) VALUES (107,297);
INSERT INTO app_portfolio.locale (language_id, country_id) VALUES (107,351);
INSERT INTO app_portfolio.locale (language_id, country_id) VALUES (107,380);
INSERT INTO app_portfolio.locale (language_id, country_id) VALUES (107,443);
INSERT INTO app_portfolio.locale (language_id, country_id) VALUES (107,468);
INSERT INTO app_portfolio.locale (language_id, country_id) VALUES (120,487);
INSERT INTO app_portfolio.locale (language_id, country_id) VALUES (125,278);
INSERT INTO app_portfolio.locale (language_id, country_id) VALUES (125,307);
INSERT INTO app_portfolio.locale (language_id, country_id) VALUES (126,311);
INSERT INTO app_portfolio.locale (language_id, country_id) VALUES (128,312);
INSERT INTO app_portfolio.locale (language_id, country_id) VALUES (128,339);
INSERT INTO app_portfolio.locale (language_id, country_id) VALUES (137,263);
INSERT INTO app_portfolio.locale (language_id, country_id) VALUES (137,272);
INSERT INTO app_portfolio.locale (language_id, country_id) VALUES (137,292);
INSERT INTO app_portfolio.locale (language_id, country_id) VALUES (137,309);
INSERT INTO app_portfolio.locale (language_id, country_id) VALUES (137,405);
INSERT INTO app_portfolio.locale (language_id, country_id) VALUES (137,444);
INSERT INTO app_portfolio.locale (language_id, country_id) VALUES (137,463);
INSERT INTO app_portfolio.locale (language_id, country_id) VALUES (139,276);
INSERT INTO app_portfolio.locale (language_id, country_id) VALUES (147,255);
INSERT INTO app_portfolio.locale (language_id, country_id) VALUES (147,258);
INSERT INTO app_portfolio.locale (language_id, country_id) VALUES (147,260);
INSERT INTO app_portfolio.locale (language_id, country_id) VALUES (147,264);
INSERT INTO app_portfolio.locale (language_id, country_id) VALUES (147,267);
INSERT INTO app_portfolio.locale (language_id, country_id) VALUES (147,270);
INSERT INTO app_portfolio.locale (language_id, country_id) VALUES (147,272);
INSERT INTO app_portfolio.locale (language_id, country_id) VALUES (147,273);
INSERT INTO app_portfolio.locale (language_id, country_id) VALUES (147,275);
INSERT INTO app_portfolio.locale (language_id, country_id) VALUES (147,279);
INSERT INTO app_portfolio.locale (language_id, country_id) VALUES (147,282);
INSERT INTO app_portfolio.locale (language_id, country_id) VALUES (147,283);
INSERT INTO app_portfolio.locale (language_id, country_id) VALUES (147,289);
INSERT INTO app_portfolio.locale (language_id, country_id) VALUES (147,290);
INSERT INTO app_portfolio.locale (language_id, country_id) VALUES (147,293);
INSERT INTO app_portfolio.locale (language_id, country_id) VALUES (147,298);
INSERT INTO app_portfolio.locale (language_id, country_id) VALUES (147,299);
INSERT INTO app_portfolio.locale (language_id, country_id) VALUES (147,304);
INSERT INTO app_portfolio.locale (language_id, country_id) VALUES (147,314);
INSERT INTO app_portfolio.locale (language_id, country_id) VALUES (147,320);
INSERT INTO app_portfolio.locale (language_id, country_id) VALUES (147,322);
INSERT INTO app_portfolio.locale (language_id, country_id) VALUES (147,324);
INSERT INTO app_portfolio.locale (language_id, country_id) VALUES (147,326);
INSERT INTO app_portfolio.locale (language_id, country_id) VALUES (147,333);
INSERT INTO app_portfolio.locale (language_id, country_id) VALUES (147,336);
INSERT INTO app_portfolio.locale (language_id, country_id) VALUES (147,337);
INSERT INTO app_portfolio.locale (language_id, country_id) VALUES (147,340);
INSERT INTO app_portfolio.locale (language_id, country_id) VALUES (147,342);
INSERT INTO app_portfolio.locale (language_id, country_id) VALUES (147,344);
INSERT INTO app_portfolio.locale (language_id, country_id) VALUES (147,347);
INSERT INTO app_portfolio.locale (language_id, country_id) VALUES (147,351);
INSERT INTO app_portfolio.locale (language_id, country_id) VALUES (147,354);
INSERT INTO app_portfolio.locale (language_id, country_id) VALUES (147,358);
INSERT INTO app_portfolio.locale (language_id, country_id) VALUES (147,359);
INSERT INTO app_portfolio.locale (language_id, country_id) VALUES (147,362);
INSERT INTO app_portfolio.locale (language_id, country_id) VALUES (147,364);
INSERT INTO app_portfolio.locale (language_id, country_id) VALUES (147,367);
INSERT INTO app_portfolio.locale (language_id, country_id) VALUES (147,368);
INSERT INTO app_portfolio.locale (language_id, country_id) VALUES (147,374);
INSERT INTO app_portfolio.locale (language_id, country_id) VALUES (147,375);
INSERT INTO app_portfolio.locale (language_id, country_id) VALUES (147,380);
INSERT INTO app_portfolio.locale (language_id, country_id) VALUES (147,381);
INSERT INTO app_portfolio.locale (language_id, country_id) VALUES (147,382);
INSERT INTO app_portfolio.locale (language_id, country_id) VALUES (147,383);
INSERT INTO app_portfolio.locale (language_id, country_id) VALUES (147,386);
INSERT INTO app_portfolio.locale (language_id, country_id) VALUES (147,387);
INSERT INTO app_portfolio.locale (language_id, country_id) VALUES (147,390);
INSERT INTO app_portfolio.locale (language_id, country_id) VALUES (147,393);
INSERT INTO app_portfolio.locale (language_id, country_id) VALUES (147,398);
INSERT INTO app_portfolio.locale (language_id, country_id) VALUES (147,402);
INSERT INTO app_portfolio.locale (language_id, country_id) VALUES (147,403);
INSERT INTO app_portfolio.locale (language_id, country_id) VALUES (147,407);
INSERT INTO app_portfolio.locale (language_id, country_id) VALUES (147,410);
INSERT INTO app_portfolio.locale (language_id, country_id) VALUES (147,411);
INSERT INTO app_portfolio.locale (language_id, country_id) VALUES (147,412);
INSERT INTO app_portfolio.locale (language_id, country_id) VALUES (147,415);
INSERT INTO app_portfolio.locale (language_id, country_id) VALUES (147,418);
INSERT INTO app_portfolio.locale (language_id, country_id) VALUES (147,419);
INSERT INTO app_portfolio.locale (language_id, country_id) VALUES (147,422);
INSERT INTO app_portfolio.locale (language_id, country_id) VALUES (147,425);
INSERT INTO app_portfolio.locale (language_id, country_id) VALUES (147,426);
INSERT INTO app_portfolio.locale (language_id, country_id) VALUES (147,429);
INSERT INTO app_portfolio.locale (language_id, country_id) VALUES (147,434);
INSERT INTO app_portfolio.locale (language_id, country_id) VALUES (147,435);
INSERT INTO app_portfolio.locale (language_id, country_id) VALUES (147,441);
INSERT INTO app_portfolio.locale (language_id, country_id) VALUES (147,442);
INSERT INTO app_portfolio.locale (language_id, country_id) VALUES (147,443);
INSERT INTO app_portfolio.locale (language_id, country_id) VALUES (147,444);
INSERT INTO app_portfolio.locale (language_id, country_id) VALUES (147,447);
INSERT INTO app_portfolio.locale (language_id, country_id) VALUES (147,449);
INSERT INTO app_portfolio.locale (language_id, country_id) VALUES (147,452);
INSERT INTO app_portfolio.locale (language_id, country_id) VALUES (147,456);
INSERT INTO app_portfolio.locale (language_id, country_id) VALUES (147,457);
INSERT INTO app_portfolio.locale (language_id, country_id) VALUES (147,458);
INSERT INTO app_portfolio.locale (language_id, country_id) VALUES (147,461);
INSERT INTO app_portfolio.locale (language_id, country_id) VALUES (147,462);
INSERT INTO app_portfolio.locale (language_id, country_id) VALUES (147,470);
INSERT INTO app_portfolio.locale (language_id, country_id) VALUES (147,474);
INSERT INTO app_portfolio.locale (language_id, country_id) VALUES (147,475);
INSERT INTO app_portfolio.locale (language_id, country_id) VALUES (147,476);
INSERT INTO app_portfolio.locale (language_id, country_id) VALUES (147,480);
INSERT INTO app_portfolio.locale (language_id, country_id) VALUES (147,481);
INSERT INTO app_portfolio.locale (language_id, country_id) VALUES (147,482);
INSERT INTO app_portfolio.locale (language_id, country_id) VALUES (147,483);
INSERT INTO app_portfolio.locale (language_id, country_id) VALUES (147,484);
INSERT INTO app_portfolio.locale (language_id, country_id) VALUES (147,487);
INSERT INTO app_portfolio.locale (language_id, country_id) VALUES (147,488);
INSERT INTO app_portfolio.locale (language_id, country_id) VALUES (147,491);
INSERT INTO app_portfolio.locale (language_id, country_id) VALUES (147,498);
INSERT INTO app_portfolio.locale (language_id, country_id) VALUES (147,499);
INSERT INTO app_portfolio.locale (language_id, country_id) VALUES (150,321);
INSERT INTO app_portfolio.locale (language_id, country_id) VALUES (153,336);
INSERT INTO app_portfolio.locale (language_id, country_id) VALUES (153,473);
INSERT INTO app_portfolio.locale (language_id, country_id) VALUES (158,325);
INSERT INTO app_portfolio.locale (language_id, country_id) VALUES (162,327);
INSERT INTO app_portfolio.locale (language_id, country_id) VALUES (166,254);
INSERT INTO app_portfolio.locale (language_id, country_id) VALUES (166,272);
INSERT INTO app_portfolio.locale (language_id, country_id) VALUES (166,274);
INSERT INTO app_portfolio.locale (language_id, country_id) VALUES (166,286);
INSERT INTO app_portfolio.locale (language_id, country_id) VALUES (166,287);
INSERT INTO app_portfolio.locale (language_id, country_id) VALUES (166,289);
INSERT INTO app_portfolio.locale (language_id, country_id) VALUES (166,290);
INSERT INTO app_portfolio.locale (language_id, country_id) VALUES (166,294);
INSERT INTO app_portfolio.locale (language_id, country_id) VALUES (166,295);
INSERT INTO app_portfolio.locale (language_id, country_id) VALUES (166,301);
INSERT INTO app_portfolio.locale (language_id, country_id) VALUES (166,302);
INSERT INTO app_portfolio.locale (language_id, country_id) VALUES (166,303);
INSERT INTO app_portfolio.locale (language_id, country_id) VALUES (166,306);
INSERT INTO app_portfolio.locale (language_id, country_id) VALUES (166,313);
INSERT INTO app_portfolio.locale (language_id, country_id) VALUES (166,319);
INSERT INTO app_portfolio.locale (language_id, country_id) VALUES (166,328);
INSERT INTO app_portfolio.locale (language_id, country_id) VALUES (166,329);
INSERT INTO app_portfolio.locale (language_id, country_id) VALUES (166,330);
INSERT INTO app_portfolio.locale (language_id, country_id) VALUES (166,332);
INSERT INTO app_portfolio.locale (language_id, country_id) VALUES (166,341);
INSERT INTO app_portfolio.locale (language_id, country_id) VALUES (166,345);
INSERT INTO app_portfolio.locale (language_id, country_id) VALUES (166,348);
INSERT INTO app_portfolio.locale (language_id, country_id) VALUES (166,379);
INSERT INTO app_portfolio.locale (language_id, country_id) VALUES (166,381);
INSERT INTO app_portfolio.locale (language_id, country_id) VALUES (166,385);
INSERT INTO app_portfolio.locale (language_id, country_id) VALUES (166,388);
INSERT INTO app_portfolio.locale (language_id, country_id) VALUES (166,389);
INSERT INTO app_portfolio.locale (language_id, country_id) VALUES (166,390);
INSERT INTO app_portfolio.locale (language_id, country_id) VALUES (166,391);
INSERT INTO app_portfolio.locale (language_id, country_id) VALUES (166,395);
INSERT INTO app_portfolio.locale (language_id, country_id) VALUES (166,399);
INSERT INTO app_portfolio.locale (language_id, country_id) VALUES (166,406);
INSERT INTO app_portfolio.locale (language_id, country_id) VALUES (166,409);
INSERT INTO app_portfolio.locale (language_id, country_id) VALUES (166,431);
INSERT INTO app_portfolio.locale (language_id, country_id) VALUES (166,434);
INSERT INTO app_portfolio.locale (language_id, country_id) VALUES (166,439);
INSERT INTO app_portfolio.locale (language_id, country_id) VALUES (166,441);
INSERT INTO app_portfolio.locale (language_id, country_id) VALUES (166,455);
INSERT INTO app_portfolio.locale (language_id, country_id) VALUES (166,459);
INSERT INTO app_portfolio.locale (language_id, country_id) VALUES (166,460);
INSERT INTO app_portfolio.locale (language_id, country_id) VALUES (166,466);
INSERT INTO app_portfolio.locale (language_id, country_id) VALUES (166,467);
INSERT INTO app_portfolio.locale (language_id, country_id) VALUES (166,473);
INSERT INTO app_portfolio.locale (language_id, country_id) VALUES (166,477);
INSERT INTO app_portfolio.locale (language_id, country_id) VALUES (166,491);
INSERT INTO app_portfolio.locale (language_id, country_id) VALUES (166,495);
INSERT INTO app_portfolio.locale (language_id, country_id) VALUES (168,289);
INSERT INTO app_portfolio.locale (language_id, country_id) VALUES (168,345);
INSERT INTO app_portfolio.locale (language_id, country_id) VALUES (168,389);
INSERT INTO app_portfolio.locale (language_id, country_id) VALUES (168,439);
INSERT INTO app_portfolio.locale (language_id, country_id) VALUES (171,453);
INSERT INTO app_portfolio.locale (language_id, country_id) VALUES (173,484);
INSERT INTO app_portfolio.locale (language_id, country_id) VALUES (177,334);
INSERT INTO app_portfolio.locale (language_id, country_id) VALUES (178,265);
INSERT INTO app_portfolio.locale (language_id, country_id) VALUES (178,272);
INSERT INTO app_portfolio.locale (language_id, country_id) VALUES (178,335);
INSERT INTO app_portfolio.locale (language_id, country_id) VALUES (178,377);
INSERT INTO app_portfolio.locale (language_id, country_id) VALUES (178,379);
INSERT INTO app_portfolio.locale (language_id, country_id) VALUES (178,466);
INSERT INTO app_portfolio.locale (language_id, country_id) VALUES (188,310);
INSERT INTO app_portfolio.locale (language_id, country_id) VALUES (188,338);
INSERT INTO app_portfolio.locale (language_id, country_id) VALUES (190,354);
INSERT INTO app_portfolio.locale (language_id, country_id) VALUES (196,336);
INSERT INTO app_portfolio.locale (language_id, country_id) VALUES (196,409);
INSERT INTO app_portfolio.locale (language_id, country_id) VALUES (196,410);
INSERT INTO app_portfolio.locale (language_id, country_id) VALUES (198,360);
INSERT INTO app_portfolio.locale (language_id, country_id) VALUES (201,354);
INSERT INTO app_portfolio.locale (language_id, country_id) VALUES (205,352);
INSERT INTO app_portfolio.locale (language_id, country_id) VALUES (209,353);
INSERT INTO app_portfolio.locale (language_id, country_id) VALUES (211,410);
INSERT INTO app_portfolio.locale (language_id, country_id) VALUES (214,355);
INSERT INTO app_portfolio.locale (language_id, country_id) VALUES (221,358);
INSERT INTO app_portfolio.locale (language_id, country_id) VALUES (222,361);
INSERT INTO app_portfolio.locale (language_id, country_id) VALUES (222,436);
INSERT INTO app_portfolio.locale (language_id, country_id) VALUES (222,466);
INSERT INTO app_portfolio.locale (language_id, country_id) VALUES (224,363);
INSERT INTO app_portfolio.locale (language_id, country_id) VALUES (237,339);
INSERT INTO app_portfolio.locale (language_id, country_id) VALUES (242,354);
INSERT INTO app_portfolio.locale (language_id, country_id) VALUES (247,354);
INSERT INTO app_portfolio.locale (language_id, country_id) VALUES (250,366);
INSERT INTO app_portfolio.locale (language_id, country_id) VALUES (253,288);
INSERT INTO app_portfolio.locale (language_id, country_id) VALUES (256,367);
INSERT INTO app_portfolio.locale (language_id, country_id) VALUES (259,434);
INSERT INTO app_portfolio.locale (language_id, country_id) VALUES (267,413);
INSERT INTO app_portfolio.locale (language_id, country_id) VALUES (267,451);
INSERT INTO app_portfolio.locale (language_id, country_id) VALUES (281,370);
INSERT INTO app_portfolio.locale (language_id, country_id) VALUES (288,371);
INSERT INTO app_portfolio.locale (language_id, country_id) VALUES (292,372);
INSERT INTO app_portfolio.locale (language_id, country_id) VALUES (297,257);
INSERT INTO app_portfolio.locale (language_id, country_id) VALUES (297,294);
INSERT INTO app_portfolio.locale (language_id, country_id) VALUES (297,302);
INSERT INTO app_portfolio.locale (language_id, country_id) VALUES (297,303);
INSERT INTO app_portfolio.locale (language_id, country_id) VALUES (300,378);
INSERT INTO app_portfolio.locale (language_id, country_id) VALUES (308,303);
INSERT INTO app_portfolio.locale (language_id, country_id) VALUES (314,379);
INSERT INTO app_portfolio.locale (language_id, country_id) VALUES (317,414);
INSERT INTO app_portfolio.locale (language_id, country_id) VALUES (327,381);
INSERT INTO app_portfolio.locale (language_id, country_id) VALUES (328,284);
INSERT INTO app_portfolio.locale (language_id, country_id) VALUES (328,383);
INSERT INTO app_portfolio.locale (language_id, country_id) VALUES (328,443);
INSERT INTO app_portfolio.locale (language_id, country_id) VALUES (329,354);
INSERT INTO app_portfolio.locale (language_id, country_id) VALUES (330,386);
INSERT INTO app_portfolio.locale (language_id, country_id) VALUES (335,359);
INSERT INTO app_portfolio.locale (language_id, country_id) VALUES (338,354);
INSERT INTO app_portfolio.locale (language_id, country_id) VALUES (366,396);
INSERT INTO app_portfolio.locale (language_id, country_id) VALUES (379,354);
INSERT INTO app_portfolio.locale (language_id, country_id) VALUES (379,404);
INSERT INTO app_portfolio.locale (language_id, country_id) VALUES (389,499);
INSERT INTO app_portfolio.locale (language_id, country_id) VALUES (391,327);
INSERT INTO app_portfolio.locale (language_id, country_id) VALUES (391,416);
INSERT INTO app_portfolio.locale (language_id, country_id) VALUES (391,465);
INSERT INTO app_portfolio.locale (language_id, country_id) VALUES (393,416);
INSERT INTO app_portfolio.locale (language_id, country_id) VALUES (394,416);
INSERT INTO app_portfolio.locale (language_id, country_id) VALUES (394,464);
INSERT INTO app_portfolio.locale (language_id, country_id) VALUES (395,416);
INSERT INTO app_portfolio.locale (language_id, country_id) VALUES (414,354);
INSERT INTO app_portfolio.locale (language_id, country_id) VALUES (415,323);
INSERT INTO app_portfolio.locale (language_id, country_id) VALUES (415,367);
INSERT INTO app_portfolio.locale (language_id, country_id) VALUES (417,334);
INSERT INTO app_portfolio.locale (language_id, country_id) VALUES (417,433);
INSERT INTO app_portfolio.locale (language_id, country_id) VALUES (426,251);
INSERT INTO app_portfolio.locale (language_id, country_id) VALUES (428,251);
INSERT INTO app_portfolio.locale (language_id, country_id) VALUES (428,356);
INSERT INTO app_portfolio.locale (language_id, country_id) VALUES (434,427);
INSERT INTO app_portfolio.locale (language_id, country_id) VALUES (436,257);
INSERT INTO app_portfolio.locale (language_id, country_id) VALUES (436,281);
INSERT INTO app_portfolio.locale (language_id, country_id) VALUES (436,291);
INSERT INTO app_portfolio.locale (language_id, country_id) VALUES (436,346);
INSERT INTO app_portfolio.locale (language_id, country_id) VALUES (436,380);
INSERT INTO app_portfolio.locale (language_id, country_id) VALUES (436,400);
INSERT INTO app_portfolio.locale (language_id, country_id) VALUES (436,428);
INSERT INTO app_portfolio.locale (language_id, country_id) VALUES (436,437);
INSERT INTO app_portfolio.locale (language_id, country_id) VALUES (436,472);
INSERT INTO app_portfolio.locale (language_id, country_id) VALUES (438,354);
INSERT INTO app_portfolio.locale (language_id, country_id) VALUES (438,418);
INSERT INTO app_portfolio.locale (language_id, country_id) VALUES (439,277);
INSERT INTO app_portfolio.locale (language_id, country_id) VALUES (439,316);
INSERT INTO app_portfolio.locale (language_id, country_id) VALUES (439,424);
INSERT INTO app_portfolio.locale (language_id, country_id) VALUES (445,394);
INSERT INTO app_portfolio.locale (language_id, country_id) VALUES (445,432);
INSERT INTO app_portfolio.locale (language_id, country_id) VALUES (446,466);
INSERT INTO app_portfolio.locale (language_id, country_id) VALUES (452,287);
INSERT INTO app_portfolio.locale (language_id, country_id) VALUES (453,271);
INSERT INTO app_portfolio.locale (language_id, country_id) VALUES (453,366);
INSERT INTO app_portfolio.locale (language_id, country_id) VALUES (453,370);
INSERT INTO app_portfolio.locale (language_id, country_id) VALUES (453,394);
INSERT INTO app_portfolio.locale (language_id, country_id) VALUES (453,433);
INSERT INTO app_portfolio.locale (language_id, country_id) VALUES (453,485);
INSERT INTO app_portfolio.locale (language_id, country_id) VALUES (463,294);
INSERT INTO app_portfolio.locale (language_id, country_id) VALUES (473,487);
INSERT INTO app_portfolio.locale (language_id, country_id) VALUES (478,278);
INSERT INTO app_portfolio.locale (language_id, country_id) VALUES (478,397);
INSERT INTO app_portfolio.locale (language_id, country_id) VALUES (478,440);
INSERT INTO app_portfolio.locale (language_id, country_id) VALUES (479,278);
INSERT INTO app_portfolio.locale (language_id, country_id) VALUES (484,499);
INSERT INTO app_portfolio.locale (language_id, country_id) VALUES (485,297);
INSERT INTO app_portfolio.locale (language_id, country_id) VALUES (490,297);
INSERT INTO app_portfolio.locale (language_id, country_id) VALUES (490,351);
INSERT INTO app_portfolio.locale (language_id, country_id) VALUES (490,380);
INSERT INTO app_portfolio.locale (language_id, country_id) VALUES (490,443);
INSERT INTO app_portfolio.locale (language_id, country_id) VALUES (492,454);
INSERT INTO app_portfolio.locale (language_id, country_id) VALUES (495,445);
INSERT INTO app_portfolio.locale (language_id, country_id) VALUES (496,446);
INSERT INTO app_portfolio.locale (language_id, country_id) VALUES (499,313);
INSERT INTO app_portfolio.locale (language_id, country_id) VALUES (499,323);
INSERT INTO app_portfolio.locale (language_id, country_id) VALUES (499,367);
INSERT INTO app_portfolio.locale (language_id, country_id) VALUES (499,448);
INSERT INTO app_portfolio.locale (language_id, country_id) VALUES (506,261);
INSERT INTO app_portfolio.locale (language_id, country_id) VALUES (506,277);
INSERT INTO app_portfolio.locale (language_id, country_id) VALUES (506,296);
INSERT INTO app_portfolio.locale (language_id, country_id) VALUES (506,300);
INSERT INTO app_portfolio.locale (language_id, country_id) VALUES (506,305);
INSERT INTO app_portfolio.locale (language_id, country_id) VALUES (506,308);
INSERT INTO app_portfolio.locale (language_id, country_id) VALUES (506,315);
INSERT INTO app_portfolio.locale (language_id, country_id) VALUES (506,316);
INSERT INTO app_portfolio.locale (language_id, country_id) VALUES (506,318);
INSERT INTO app_portfolio.locale (language_id, country_id) VALUES (506,319);
INSERT INTO app_portfolio.locale (language_id, country_id) VALUES (506,343);
INSERT INTO app_portfolio.locale (language_id, country_id) VALUES (506,350);
INSERT INTO app_portfolio.locale (language_id, country_id) VALUES (506,392);
INSERT INTO app_portfolio.locale (language_id, country_id) VALUES (506,408);
INSERT INTO app_portfolio.locale (language_id, country_id) VALUES (506,421);
INSERT INTO app_portfolio.locale (language_id, country_id) VALUES (506,423);
INSERT INTO app_portfolio.locale (language_id, country_id) VALUES (506,424);
INSERT INTO app_portfolio.locale (language_id, country_id) VALUES (506,425);
INSERT INTO app_portfolio.locale (language_id, country_id) VALUES (506,429);
INSERT INTO app_portfolio.locale (language_id, country_id) VALUES (506,453);
INSERT INTO app_portfolio.locale (language_id, country_id) VALUES (506,488);
INSERT INTO app_portfolio.locale (language_id, country_id) VALUES (506,489);
INSERT INTO app_portfolio.locale (language_id, country_id) VALUES (506,493);
INSERT INTO app_portfolio.locale (language_id, country_id) VALUES (513,367);
INSERT INTO app_portfolio.locale (language_id, country_id) VALUES (513,470);
INSERT INTO app_portfolio.locale (language_id, country_id) VALUES (513,484);
INSERT INTO app_portfolio.locale (language_id, country_id) VALUES (515,252);
INSERT INTO app_portfolio.locale (language_id, country_id) VALUES (515,327);
INSERT INTO app_portfolio.locale (language_id, country_id) VALUES (515,465);
INSERT INTO app_portfolio.locale (language_id, country_id) VALUES (521,425);
INSERT INTO app_portfolio.locale (language_id, country_id) VALUES (527,354);
INSERT INTO app_portfolio.locale (language_id, country_id) VALUES (527,383);
INSERT INTO app_portfolio.locale (language_id, country_id) VALUES (527,443);
INSERT INTO app_portfolio.locale (language_id, country_id) VALUES (527,454);
INSERT INTO app_portfolio.locale (language_id, country_id) VALUES (531,354);
INSERT INTO app_portfolio.locale (language_id, country_id) VALUES (535,471);
INSERT INTO app_portfolio.locale (language_id, country_id) VALUES (536,297);
INSERT INTO app_portfolio.locale (language_id, country_id) VALUES (536,354);
INSERT INTO app_portfolio.locale (language_id, country_id) VALUES (538,320);
INSERT INTO app_portfolio.locale (language_id, country_id) VALUES (538,323);
INSERT INTO app_portfolio.locale (language_id, country_id) VALUES (544,475);
INSERT INTO app_portfolio.locale (language_id, country_id) VALUES (546,351);
INSERT INTO app_portfolio.locale (language_id, country_id) VALUES (546,380);
INSERT INTO app_portfolio.locale (language_id, country_id) VALUES (546,468);
INSERT INTO app_portfolio.locale (language_id, country_id) VALUES (555,310);
INSERT INTO app_portfolio.locale (language_id, country_id) VALUES (555,478);
INSERT INTO app_portfolio.locale (language_id, country_id) VALUES (564,485);
INSERT INTO app_portfolio.locale (language_id, country_id) VALUES (568,354);
INSERT INTO app_portfolio.locale (language_id, country_id) VALUES (568,418);
INSERT INTO app_portfolio.locale (language_id, country_id) VALUES (569,297);
INSERT INTO app_portfolio.locale (language_id, country_id) VALUES (570,251);
INSERT INTO app_portfolio.locale (language_id, country_id) VALUES (570,490);
INSERT INTO app_portfolio.locale (language_id, country_id) VALUES (575,494);
INSERT INTO app_portfolio.locale (language_id, country_id) VALUES (586,487);
INSERT INTO app_portfolio.locale (language_id, country_id) VALUES (588,405);
INSERT INTO app_portfolio.locale (language_id, country_id) VALUES (600,274);
INSERT INTO app_portfolio.locale (language_id, country_id) VALUES (600,410);
INSERT INTO app_portfolio.locale (language_id, country_id) VALUES (608,449);
INSERT INTO app_portfolio.locale (language_id, country_id) VALUES (1024,266);
INSERT INTO app_portfolio.locale (language_id, country_id) VALUES (1025,266);
INSERT INTO app_portfolio.locale (language_id, country_id) VALUES (1026,385);
INSERT INTO app_portfolio.locale (language_id, country_id) VALUES (1027,278);
INSERT INTO app_portfolio.locale (language_id, country_id) VALUES (1028,278);
INSERT INTO app_portfolio.locale (language_id, country_id) VALUES (1029,336);
INSERT INTO app_portfolio.locale (language_id, country_id) VALUES (1029,409);
INSERT INTO app_portfolio.locale (language_id, country_id) VALUES (1029,410);
INSERT INTO app_portfolio.locale (language_id, country_id) VALUES (1030,354);
INSERT INTO app_portfolio.locale (language_id, country_id) VALUES (1031,366);
INSERT INTO app_portfolio.locale (language_id, country_id) VALUES (1032,370);
INSERT INTO app_portfolio.locale (language_id, country_id) VALUES (1033,284);
INSERT INTO app_portfolio.locale (language_id, country_id) VALUES (1033,383);
INSERT INTO app_portfolio.locale (language_id, country_id) VALUES (1033,443);
INSERT INTO app_portfolio.locale (language_id, country_id) VALUES (1034,396);
INSERT INTO app_portfolio.locale (language_id, country_id) VALUES (1035,418);
INSERT INTO app_portfolio.locale (language_id, country_id) VALUES (1036,354);
INSERT INTO app_portfolio.locale (language_id, country_id) VALUES (1037,278);
INSERT INTO app_portfolio.locale (language_id, country_id) VALUES (1037,397);
INSERT INTO app_portfolio.locale (language_id, country_id) VALUES (1037,440);
INSERT INTO app_portfolio.locale (language_id, country_id) VALUES (1038,278);
INSERT INTO app_portfolio.locale (language_id, country_id) VALUES (1038,397);
INSERT INTO app_portfolio.locale (language_id, country_id) VALUES (1038,440);
INSERT INTO app_portfolio.locale (language_id, country_id) VALUES (1039,297);
INSERT INTO app_portfolio.locale (language_id, country_id) VALUES (1040,251);
INSERT INTO app_portfolio.locale (language_id, country_id) VALUES (1041,490);
INSERT INTO app_portfolio.locale (language_id, country_id) VALUES (1042,490);
--
-- message_level
--
INSERT INTO app_portfolio.message_level (id, message_level) VALUES (1,'0_INFO');
INSERT INTO app_portfolio.message_level (id, message_level) VALUES (2,'10_USER');
INSERT INTO app_portfolio.message_level (id, message_level) VALUES (3,'20_APP');
INSERT INTO app_portfolio.message_level (id, message_level) VALUES (4,'30_SYSTEM');
--
-- message_type
--
INSERT INTO app_portfolio.message_type (id, message_type) VALUES (1,'ERROR');
INSERT INTO app_portfolio.message_type (id, message_type) VALUES (2,'INFO');
--
-- message
--  db info/errors
--	20100-20199
--	db constraints info/error
--	20200-20299
--	app info/error
--	20300-20399
--	node rest api info/error
--	20400-20499
--	service info/error
--	20500-20599
--
INSERT INTO app_portfolio.message (message_level_id, message_type_id, code) VALUES (1,1,'20100');
INSERT INTO app_portfolio.message (message_level_id, message_type_id, code) VALUES (1,1,'20101');
INSERT INTO app_portfolio.message (message_level_id, message_type_id, code) VALUES (1,1,'20102');
INSERT INTO app_portfolio.message (message_level_id, message_type_id, code) VALUES (1,1,'20103');
INSERT INTO app_portfolio.message (message_level_id, message_type_id, code) VALUES (1,1,'20104');
INSERT INTO app_portfolio.message (message_level_id, message_type_id, code) VALUES (1,1,'20105');
INSERT INTO app_portfolio.message (message_level_id, message_type_id, code) VALUES (1,1,'20106');
INSERT INTO app_portfolio.message (message_level_id, message_type_id, code) VALUES (1,1,'20107');
INSERT INTO app_portfolio.message (message_level_id, message_type_id, code) VALUES (1,1,'20108');
INSERT INTO app_portfolio.message (message_level_id, message_type_id, code) VALUES (1,1,'20200');
INSERT INTO app_portfolio.message (message_level_id, message_type_id, code) VALUES (1,1,'20201');
INSERT INTO app_portfolio.message (message_level_id, message_type_id, code) VALUES (1,1,'20203');
INSERT INTO app_portfolio.message (message_level_id, message_type_id, code) VALUES (1,1,'20204');
INSERT INTO app_portfolio.message (message_level_id, message_type_id, code) VALUES (1,1,'20300');
INSERT INTO app_portfolio.message (message_level_id, message_type_id, code) VALUES (1,1,'20301');
INSERT INTO app_portfolio.message (message_level_id, message_type_id, code) VALUES (1,1,'20302');
INSERT INTO app_portfolio.message (message_level_id, message_type_id, code) VALUES (1,1,'20303');
INSERT INTO app_portfolio.message (message_level_id, message_type_id, code) VALUES (1,1,'20304');
INSERT INTO app_portfolio.message (message_level_id, message_type_id, code) VALUES (1,1,'20305');
INSERT INTO app_portfolio.message (message_level_id, message_type_id, code) VALUES (1,1,'20306');
INSERT INTO app_portfolio.message (message_level_id, message_type_id, code) VALUES (1,1,'20307');
INSERT INTO app_portfolio.message (message_level_id, message_type_id, code) VALUES (1,1,'20308');
INSERT INTO app_portfolio.message (message_level_id, message_type_id, code) VALUES (2,1,'20309');
INSERT INTO app_portfolio.message (message_level_id, message_type_id, code) VALUES (2,1,'20310');
INSERT INTO app_portfolio.message (message_level_id, message_type_id, code) VALUES (1,1,'20400');
INSERT INTO app_portfolio.message (message_level_id, message_type_id, code) VALUES (1,1,'20401');
INSERT INTO app_portfolio.message (message_level_id, message_type_id, code) VALUES (1,1,'20500');
--
-- parameter_type
--
INSERT INTO app_portfolio.parameter_type (id, parameter_type_name) VALUES (0,'Public');
INSERT INTO app_portfolio.parameter_type (id, parameter_type_name) VALUES (1,'Private shared');
INSERT INTO app_portfolio.parameter_type (id, parameter_type_name) VALUES (2,'Private');

--
-- device_type
--
INSERT INTO app_portfolio.device_type (id, device_type_name) VALUES( 1, 'Phone');
INSERT INTO app_portfolio.device_type (id, device_type_name) VALUES( 2, 'Tablet');
INSERT INTO app_portfolio.device_type (id, device_type_name) VALUES( 3, 'PC');
INSERT INTO app_portfolio.device_type (id, device_type_name) VALUES( 4, 'Laptop');
INSERT INTO app_portfolio.device_type (id, device_type_name) VALUES( 5, 'TV');
--
-- device
--
INSERT INTO app_portfolio.device (id, device_name, screen_x, screen_y, device_type_id) VALUES( 1, 'Mobile', '1080', '2400', 1);
INSERT INTO app_portfolio.device (id, device_name, screen_x, screen_y, device_type_id) VALUES( 2, 'Laptop', '1920', '1080', 4);
--
-- identity_provider
--
INSERT INTO app_portfolio.identity_provider(id, provider_name, provider_url_logo, api_src, api_src2, api_version, api_id, identity_provider_order, enabled) VALUES( 0, 'Local', null, null, null, null, null, 1, 0);
INSERT INTO app_portfolio.identity_provider(id, provider_name, provider_url_logo, api_src, api_src2, api_version, api_id, identity_provider_order, enabled) VALUES( 1, 'Provider 1 REST API', null, null, null, null, null, 2, 0);
INSERT INTO app_portfolio.identity_provider(id, provider_name, provider_url_logo, api_src, api_src2, api_version, api_id, identity_provider_order, enabled) VALUES( 2, 'Provider 2 REST API', null, null, null, null, null, 3, 0);
--
-- app_role
--
INSERT INTO app_portfolio.app_role(id, role_name, icon) VALUES(0, 'Super admin', '🤴');
INSERT INTO app_portfolio.app_role(id, role_name, icon) VALUES(1, 'Admin', '👮');
INSERT INTO app_portfolio.app_role(id, role_name, icon) VALUES(2, 'User', '👤');
--
-- user_account
--
INSERT INTO app_portfolio.user_account (username, bio, private, user_level, date_created, date_modified, password, password_reminder, email, email_unverified, avatar, verification_code, active, identity_provider_id, provider_id, provider_first_name, provider_last_name, provider_image, provider_image_url, provider_email, app_role_id) VALUES ('Admin','Admin user',1,NULL,CURRENT_TIMESTAMP,NULL,'$2a$10$3g7E6rqxSTIPf3XQTB.g/.jr5.BgeEOpGz/IufRtaHW2T1r9dYTUC','','admin@localhost',NULL,'data:image/jpeg<SEMICOLON/>base64,/9j/4AAQSkZJRgABAQAAAQABAAD/4gHYSUNDX1BST0ZJTEUAAQEAAAHIAAAAAAQwAABtbnRyUkdCIFhZWiAAAAAAAAAAAAAAAABhY3NwAAAAAAAAAAAAAAAAAAAAAAAAAAAAAAAAAAAAAQAA9tYAAQAAAADTLQAAAAAAAAAAAAAAAAAAAAAAAAAAAAAAAAAAAAAAAAAAAAAAAAAAAAAAAAAAAAAAAAAAAAlkZXNjAAAA8AAAACRyWFlaAAABFAAAABRnWFlaAAABKAAAABRiWFlaAAABPAAAABR3dHB0AAABUAAAABRyVFJDAAABZAAAAChnVFJDAAABZAAAAChiVFJDAAABZAAAAChjcHJ0AAABjAAAADxtbHVjAAAAAAAAAAEAAAAMZW5VUwAAAAgAAAAcAHMAUgBHAEJYWVogAAAAAAAAb6IAADj1AAADkFhZWiAAAAAAAABimQAAt4UAABjaWFlaIAAAAAAAACSgAAAPhAAAts9YWVogAAAAAAAA9tYAAQAAAADTLXBhcmEAAAAAAAQAAAACZmYAAPKnAAANWQAAE9AAAApbAAAAAAAAAABtbHVjAAAAAAAAAAEAAAAMZW5VUwAAACAAAAAcAEcAbwBvAGcAbABlACAASQBuAGMALgAgADIAMAAxADb/2wBDAAMCAgICAgMCAgIDAwMDBAYEBAQEBAgGBgUGCQgKCgkICQkKDA8MCgsOCwkJDRENDg8QEBEQCgwSExIQEw8QEBD/2wBDAQMDAwQDBAgEBAgQCwkLEBAQEBAQEBAQEBAQEBAQEBAQEBAQEBAQEBAQEBAQEBAQEBAQEBAQEBAQEBAQEBAQEBD/wAARCABAAEADASIAAhEBAxEB/8QAHQAAAQMFAQAAAAAAAAAAAAAACAAGBwECBAUJA//EAD0QAAEDAwIEAwQFCgcAAAAAAAECAwQABREGBwgSITETQVEYMmFxFDhXkbQVFiIjVoGlsdHSYnWCk5Whov/EABsBAAICAwEAAAAAAAAAAAAAAAUGAwcBAgQI/8QANBEAAQIDBgMFBgcAAAAAAAAAAQIDAAQRBQYSITFBE1FhBxQiQnEVNVKhstEjMjNyc4GC/9oADAMBAAIRAxEAPwDqYSQT1PerHC74agypPicp5Srtnyz8KuPc4rAv91RYrFcr24jnTb4j0pSfUNoKsf8AVSJQXCEJ1OURqUEAqOgiJdRb33Kwt3zS97jIbvkdamI70JXI2AQMLPOSrPXI6fd3pu6K32kaesk+FfHpVymKJXDdeeC0hRHuqyQoDPXoT+6gunbg3S83eZfbpKU7LnvrkPLJ7qUcn91eMrVzryOXnNGnOwm21zSJkWyoFIIA4QIAVz/EGIjZRAOQyhSHaTKhBR3QEE/Hy/zl6R1M0tLvk2xxZt/EVMuQhLvLHSoJSlQBAPMT1GetbbmPbNRHwr60na42Ys9wubinZUFbtvW4o5Kw0rCCT68hSD8qlyhL9nuWS6qRdViU2cJJ1JGVf71holptM8ymZQKBYBpyrtFckeZpJJyOtW1cnuMVDE4iiu5rCvVtbvNmnWh4/oTozsZXyWkpP86zVe8aVbIUUEKTqI1UAoEHSOOUuM7Clvw3xyuMOKaWPRSTg/yrxyfWn7vpoq5aB3W1HYbgwpCVTXZUZZ7Ox3VFbagfPocH4gjypyOxNO7fjTumLbtrB1jqK92uNcpLk/6Q7hUhPO2wwyytPuo5cqPMSSewGK9V+021MNPNjHxBUUppSpJJIAAjz73BYdcbWcOA0Na61oBQAmsGTwe2Q2XYHT61jDlxXJmq/wBbygn/AMpTU04++gisXEDxLaZtESwWHYluHb4LYajx27HO5W0DsBleaz/ae4rfsX/gc3+6qStO6dpWhOvTeJvxqUr9RO5qItOQvFIycq3L4V+FIH5DsIM6qp94UGHtPcVv2L/wOb/dWXpLjB3ai7hWHSu5e3sW2xrxKZjFP0V+M+kOr5EuJDiiFAKPXp1weoNcC7kWoEKUkoVQE0CwTl0jsTeqQKglWIVIFSkgZwYau5zSqE95uK/bzaWW/YWg7fb+yDzwYiglDCvIOunISfgApQ8wOlBxuZxU7ublFyI7ezZLWvIEG1kspUk+S3M86+nkTj4VmxLj2pbKQ7h4bZ8ytx0Gp+Q6xi1b1yFmEt1xrGydvU6D5npEn8f0FcjVGl9QRI/iwlwHoapbY5my6h45bKh05hk9D17/ABrQaez7S+1f+UWL8Gmpp4ILxbNWbNTtH3ePGnCzXJxC40hCXE+E9+sSSlWQQVl37jTD15FiweOnTEOFHaYjsrtzbTTSAlCEhjASkDoAB5DpTpIzqpfjXfWnOXaeGL4gaEGm2R5mFeblQ9wrYQrJ5xrw/CRWorvmOQg1ugpUqXaqaizYVBlxYfWY21+du/HGjNFBjxYfWY21+du/HGnG43vQ/wAbn0mFq9fu8fvR9QiGdU8PO/N11Nd7mrbm9yDLnPv+MUJJc5nCebOfPNav2at9/sxvP+2n+tdSSk5PQ0uU9sGjTfahaLaQgMoyy833gWu4UmtRUXV5+n2gF+F3Rm+O0O47cu77a3tNivLYhXIhCcNDOUPYz15Fd/8ACpVOniO2l3mb3wg7u7X2NV0U2ywppTXhrVHfaSU4W2sjIIwQcEdfKi/5VelLlPoaDO30mHLSNp8FGIoKFChIUDzFddvSCbd2GUSPceIrCFBSTlVJ6ZQGH59cfH7JOf8AGRf61Ht74vOJHTt2l2K93ODEnwXVMSGF2xjmbWDgpOBjpR1az0GzrQxC/qTUVp+iBYH5JuKovic2Pf5fexjp6ZPrUWXPgr2fvM+Rdbs/qSZMlLLrz71zK3HFnupRKepozZd5rBV4rSlGx0Q3nWu5JpSkDJ+wrXTlIzKz1Uvb0AiJ2dwOPOQy3IZ0qtbbqQtChbIuCkjIPf0rUwds+Jzdvd3SuqNzNMqht2WTGW5MdbZYbbYae8UjlQcqUTkDA8x2FFhpTaeFpG6MXOLrDV04R0KbRFuF3W/HIKeXqgjBwO3pgU+EpII6UOdvg3KqV7PlmUkgjEEFJFcj5uUdrd21zAHfH3CAQcJUCDTPlH//2Q==',NULL,1,NULL,NULL,NULL,NULL,NULL,NULL,NULL, 0);