--
-- app_category
--
INSERT INTO app_portfolio.app_category(id, category_name) VALUES(1, 'Business');
INSERT INTO app_portfolio.app_category(id, category_name) VALUES(2, 'Communications');
INSERT INTO app_portfolio.app_category(id, category_name) VALUES(3, 'Education');
INSERT INTO app_portfolio.app_category(id, category_name) VALUES(4, 'Finance');
INSERT INTO app_portfolio.app_category(id, category_name) VALUES(5, 'House & Home');
INSERT INTO app_portfolio.app_category(id, category_name) VALUES(6, 'Productivity');
INSERT INTO app_portfolio.app_category(id, category_name) VALUES(7, 'Shopping');
INSERT INTO app_portfolio.app_category(id, category_name) VALUES(8, 'Game');
--
-- app
--
INSERT INTO app_portfolio.app (id, app_name, url, logo, enabled, app_category_id) VALUES (0,'Common', '', '', 1, null);
INSERT INTO app_portfolio.app (id, app_name, url, logo, enabled, app_category_id) VALUES (1,'App Portfolio', 'https://localhost','/app1/images/logo.png',1, 1);
INSERT INTO app_portfolio.app (id, app_name, url, logo, enabled, app_category_id) VALUES (2,'Timetables','https://app1.localhost','/app2/images/logo.png',1, 6);
INSERT INTO app_portfolio.app (id, app_name, url, logo, enabled, app_category_id) VALUES (3,'Property Management','https://app2.localhost','/app3/images/logo.png', 1, 5);
--
-- app_object
--
INSERT INTO app_portfolio.app_object (app_id, object_name) VALUES (1,'APP_DESCRIPTION');
INSERT INTO app_portfolio.app_object (app_id, object_name) VALUES (2,'APP_DESCRIPTION');
INSERT INTO app_portfolio.app_object (app_id, object_name) VALUES (3,'APP_DESCRIPTION');
INSERT INTO app_portfolio.app_object (app_id, object_name) VALUES (0,'DIALOGUE');
INSERT INTO app_portfolio.app_object (app_id, object_name) VALUES (2,'PROFILE');
INSERT INTO app_portfolio.app_object (app_id, object_name) VALUES (2,'REPORT');
INSERT INTO app_portfolio.app_object (app_id, object_name) VALUES (2,'SETTING_NAV_DESIGN');
INSERT INTO app_portfolio.app_object (app_id, object_name) VALUES (2,'SETTING_NAV_GPS');
INSERT INTO app_portfolio.app_object (app_id, object_name) VALUES (2,'SETTING_NAV_IMAGE');
INSERT INTO app_portfolio.app_object (app_id, object_name) VALUES (2,'SETTING_NAV_PRAYER');
INSERT INTO app_portfolio.app_object (app_id, object_name) VALUES (2,'SETTING_NAV_REGIONAL');
INSERT INTO app_portfolio.app_object (app_id, object_name) VALUES (2,'SETTING_NAV_TEXT');
INSERT INTO app_portfolio.app_object (app_id, object_name) VALUES (2,'SETTING_NAV_USER');
INSERT INTO app_portfolio.app_object (app_id, object_name) VALUES (2,'TOOLBAR');
--
-- app_object_item
--
INSERT INTO app_portfolio.app_object_item (app_id, object_name, object_item_name) VALUES (0,'DIALOGUE','CONFIRM_QUESTION');
INSERT INTO app_portfolio.app_object_item (app_id, object_name, object_item_name) VALUES (0,'DIALOGUE','PASSWORD');
INSERT INTO app_portfolio.app_object_item (app_id, object_name, object_item_name) VALUES (0,'DIALOGUE','USERNAME');
INSERT INTO app_portfolio.app_object_item (app_id, object_name, object_item_name) VALUES (0,'DIALOGUE','BIO');
INSERT INTO app_portfolio.app_object_item (app_id, object_name, object_item_name) VALUES (0,'DIALOGUE','EMAIL');
INSERT INTO app_portfolio.app_object_item (app_id, object_name, object_item_name) VALUES (0,'DIALOGUE','NEW_EMAIL');
INSERT INTO app_portfolio.app_object_item (app_id, object_name, object_item_name) VALUES (0,'DIALOGUE','PASSWORD_CONFIRM');
INSERT INTO app_portfolio.app_object_item (app_id, object_name, object_item_name) VALUES (0,'DIALOGUE','PASSWORD_REMINDER');
INSERT INTO app_portfolio.app_object_item (app_id, object_name, object_item_name) VALUES (0,'DIALOGUE','NEW_PASSWORD_CONFIRM');
INSERT INTO app_portfolio.app_object_item (app_id, object_name, object_item_name) VALUES (0,'DIALOGUE','NEW_PASSWORD');
INSERT INTO app_portfolio.app_object_item (app_id, object_name, object_item_name) VALUES (2,'REPORT','COLTITLE_ASR');
INSERT INTO app_portfolio.app_object_item (app_id, object_name, object_item_name) VALUES (2,'REPORT','COLTITLE_ASR_IQAMAT');
INSERT INTO app_portfolio.app_object_item (app_id, object_name, object_item_name) VALUES (2,'REPORT','COLTITLE_CALTYPE_GREGORIAN');
INSERT INTO app_portfolio.app_object_item (app_id, object_name, object_item_name) VALUES (2,'REPORT','COLTITLE_CALTYPE_HIJRI');
INSERT INTO app_portfolio.app_object_item (app_id, object_name, object_item_name) VALUES (2,'REPORT','COLTITLE_DAY');
INSERT INTO app_portfolio.app_object_item (app_id, object_name, object_item_name) VALUES (2,'REPORT','COLTITLE_DHUHR');
INSERT INTO app_portfolio.app_object_item (app_id, object_name, object_item_name) VALUES (2,'REPORT','COLTITLE_DHUHR_IQAMAT');
INSERT INTO app_portfolio.app_object_item (app_id, object_name, object_item_name) VALUES (2,'REPORT','COLTITLE_FAJR');
INSERT INTO app_portfolio.app_object_item (app_id, object_name, object_item_name) VALUES (2,'REPORT','COLTITLE_FAJR_IQAMAT');
INSERT INTO app_portfolio.app_object_item (app_id, object_name, object_item_name) VALUES (2,'REPORT','COLTITLE_IMSAK');
INSERT INTO app_portfolio.app_object_item (app_id, object_name, object_item_name) VALUES (2,'REPORT','COLTITLE_ISHA');
INSERT INTO app_portfolio.app_object_item (app_id, object_name, object_item_name) VALUES (2,'REPORT','COLTITLE_ISHA_IQAMAT');
INSERT INTO app_portfolio.app_object_item (app_id, object_name, object_item_name) VALUES (2,'REPORT','COLTITLE_MAGHRIB');
INSERT INTO app_portfolio.app_object_item (app_id, object_name, object_item_name) VALUES (2,'REPORT','COLTITLE_MAGHRIB_IQAMAT');
INSERT INTO app_portfolio.app_object_item (app_id, object_name, object_item_name) VALUES (2,'REPORT','COLTITLE_MIDNIGHT');
INSERT INTO app_portfolio.app_object_item (app_id, object_name, object_item_name) VALUES (2,'REPORT','COLTITLE_NOTES');
INSERT INTO app_portfolio.app_object_item (app_id, object_name, object_item_name) VALUES (2,'REPORT','COLTITLE_SUNRISE');
INSERT INTO app_portfolio.app_object_item (app_id, object_name, object_item_name) VALUES (2,'REPORT','COLTITLE_SUNSET');
INSERT INTO app_portfolio.app_object_item (app_id, object_name, object_item_name) VALUES (2,'REPORT','COLTITLE_TRANSLITERATION_ASR');
INSERT INTO app_portfolio.app_object_item (app_id, object_name, object_item_name) VALUES (2,'REPORT','COLTITLE_TRANSLITERATION_ASR_IQAMAT');
INSERT INTO app_portfolio.app_object_item (app_id, object_name, object_item_name) VALUES (2,'REPORT','COLTITLE_TRANSLITERATION_DHUHR');
INSERT INTO app_portfolio.app_object_item (app_id, object_name, object_item_name) VALUES (2,'REPORT','COLTITLE_TRANSLITERATION_DHUHR_IQAMAT');
INSERT INTO app_portfolio.app_object_item (app_id, object_name, object_item_name) VALUES (2,'REPORT','COLTITLE_TRANSLITERATION_FAJR');
INSERT INTO app_portfolio.app_object_item (app_id, object_name, object_item_name) VALUES (2,'REPORT','COLTITLE_TRANSLITERATION_FAJR_IQAMAT');
INSERT INTO app_portfolio.app_object_item (app_id, object_name, object_item_name) VALUES (2,'REPORT','COLTITLE_TRANSLITERATION_IMSAK');
INSERT INTO app_portfolio.app_object_item (app_id, object_name, object_item_name) VALUES (2,'REPORT','COLTITLE_TRANSLITERATION_ISHA');
INSERT INTO app_portfolio.app_object_item (app_id, object_name, object_item_name) VALUES (2,'REPORT','COLTITLE_TRANSLITERATION_ISHA_IQAMAT');
INSERT INTO app_portfolio.app_object_item (app_id, object_name, object_item_name) VALUES (2,'REPORT','COLTITLE_TRANSLITERATION_MAGHRIB');
INSERT INTO app_portfolio.app_object_item (app_id, object_name, object_item_name) VALUES (2,'REPORT','COLTITLE_TRANSLITERATION_MAGHRIB_IQAMAT');
INSERT INTO app_portfolio.app_object_item (app_id, object_name, object_item_name) VALUES (2,'REPORT','COLTITLE_TRANSLITERATION_MIDNIGHT');
INSERT INTO app_portfolio.app_object_item (app_id, object_name, object_item_name) VALUES (2,'REPORT','COLTITLE_TRANSLITERATION_SUNRISE');
INSERT INTO app_portfolio.app_object_item (app_id, object_name, object_item_name) VALUES (2,'REPORT','COLTITLE_TRANSLITERATION_SUNSET');
INSERT INTO app_portfolio.app_object_item (app_id, object_name, object_item_name) VALUES (2,'REPORT','COLTITLE_WEEKDAY');
INSERT INTO app_portfolio.app_object_item (app_id, object_name, object_item_name) VALUES (2,'REPORT','COLTITLE_WEEKDAY_TR');
INSERT INTO app_portfolio.app_object_item (app_id, object_name, object_item_name) VALUES (2,'REPORT','TIMETABLE_TITLE');
INSERT INTO app_portfolio.app_object_item (app_id, object_name, object_item_name) VALUES (2,'SETTING_NAV_DESIGN','SETTING_SELECT_REPORT_HIGHLIGHT_ROW');
INSERT INTO app_portfolio.app_object_item (app_id, object_name, object_item_name) VALUES (2,'SETTING_NAV_GPS','SETTING_SELECT_POPULAR_PLACE');
INSERT INTO app_portfolio.app_object_item (app_id, object_name, object_item_name) VALUES (2,'SETTING_NAV_PRAYER','SETTING_SELECT_ASR');
INSERT INTO app_portfolio.app_object_item (app_id, object_name, object_item_name) VALUES (2,'SETTING_NAV_PRAYER','SETTING_SELECT_HIGHLATITUDE');
INSERT INTO app_portfolio.app_object_item (app_id, object_name, object_item_name) VALUES (2,'SETTING_NAV_PRAYER','SETTING_SELECT_REPORT_IQAMAT_TITLE_ASR');
INSERT INTO app_portfolio.app_object_item (app_id, object_name, object_item_name) VALUES (2,'SETTING_NAV_PRAYER','SETTING_SELECT_REPORT_IQAMAT_TITLE_DHUHR');
INSERT INTO app_portfolio.app_object_item (app_id, object_name, object_item_name) VALUES (2,'SETTING_NAV_PRAYER','SETTING_SELECT_REPORT_IQAMAT_TITLE_FAJR');
INSERT INTO app_portfolio.app_object_item (app_id, object_name, object_item_name) VALUES (2,'SETTING_NAV_PRAYER','SETTING_SELECT_REPORT_IQAMAT_TITLE_ISHA');
INSERT INTO app_portfolio.app_object_item (app_id, object_name, object_item_name) VALUES (2,'SETTING_NAV_PRAYER','SETTING_SELECT_REPORT_IQAMAT_TITLE_MAGHRIB');
INSERT INTO app_portfolio.app_object_item (app_id, object_name, object_item_name) VALUES (2,'SETTING_NAV_PRAYER','SETTING_SELECT_REPORT_SHOW_FAST_START_END');
INSERT INTO app_portfolio.app_object_item (app_id, object_name, object_item_name) VALUES (2,'SETTING_NAV_PRAYER','SETTING_SELECT_TIMEFORMAT');
INSERT INTO app_portfolio.app_object_item (app_id, object_name, object_item_name) VALUES (2,'SETTING_NAV_REGIONAL','SETTING_SELECT_CALENDARTYPE');
INSERT INTO app_portfolio.app_object_item (app_id, object_name, object_item_name) VALUES (2,'SETTING_NAV_REGIONAL','SETTING_SELECT_REPORT_COLTITLE');
INSERT INTO app_portfolio.app_object_item (app_id, object_name, object_item_name) VALUES (2,'SETTING_NAV_REGIONAL','SETTING_SELECT_REPORT_DIRECTION');
INSERT INTO app_portfolio.app_object_item (app_id, object_name, object_item_name) VALUES (2,'SETTING_NAV_REGIONAL','SETTING_SELECT_REPORT_LOCALE_SECOND');
INSERT INTO app_portfolio.app_object_item (app_id, object_name, object_item_name) VALUES (2,'TOOLBAR','TOOLBAR_BTN_DAY_LABEL');
INSERT INTO app_portfolio.app_object_item (app_id, object_name, object_item_name) VALUES (2,'TOOLBAR','TOOLBAR_BTN_MONTH_LABEL');
INSERT INTO app_portfolio.app_object_item (app_id, object_name, object_item_name) VALUES (2,'TOOLBAR','TOOLBAR_BTN_PRINT_LABEL');
INSERT INTO app_portfolio.app_object_item (app_id, object_name, object_item_name) VALUES (2,'TOOLBAR','TOOLBAR_BTN_YEAR_LABEL');
--
-- app_object_item_subitem
--
INSERT INTO app_portfolio.app_object_item_subitem (app_id, object_name, object_item_name, subitem_name) VALUES (2,'SETTING_NAV_DESIGN','SETTING_SELECT_REPORT_HIGHLIGHT_ROW','SETTING_SELECT_REPORT_HIGHLIGHT_ROW_0');
INSERT INTO app_portfolio.app_object_item_subitem (app_id, object_name, object_item_name, subitem_name) VALUES (2,'SETTING_NAV_DESIGN','SETTING_SELECT_REPORT_HIGHLIGHT_ROW','SETTING_SELECT_REPORT_HIGHLIGHT_ROW_1');
INSERT INTO app_portfolio.app_object_item_subitem (app_id, object_name, object_item_name, subitem_name) VALUES (2,'SETTING_NAV_DESIGN','SETTING_SELECT_REPORT_HIGHLIGHT_ROW','SETTING_SELECT_REPORT_HIGHLIGHT_ROW_2');
INSERT INTO app_portfolio.app_object_item_subitem (app_id, object_name, object_item_name, subitem_name) VALUES (2,'SETTING_NAV_DESIGN','SETTING_SELECT_REPORT_HIGHLIGHT_ROW','SETTING_SELECT_REPORT_HIGHLIGHT_ROW_3');
INSERT INTO app_portfolio.app_object_item_subitem (app_id, object_name, object_item_name, subitem_name) VALUES (2,'SETTING_NAV_DESIGN','SETTING_SELECT_REPORT_HIGHLIGHT_ROW','SETTING_SELECT_REPORT_HIGHLIGHT_ROW_4');
INSERT INTO app_portfolio.app_object_item_subitem (app_id, object_name, object_item_name, subitem_name) VALUES (2,'SETTING_NAV_GPS','SETTING_SELECT_POPULAR_PLACE','SETTING_SELECT_POPULAR_PLACE_0');
INSERT INTO app_portfolio.app_object_item_subitem (app_id, object_name, object_item_name, subitem_name) VALUES (2,'SETTING_NAV_PRAYER','SETTING_SELECT_ASR','SETTING_SELECT_ASR_0');
INSERT INTO app_portfolio.app_object_item_subitem (app_id, object_name, object_item_name, subitem_name) VALUES (2,'SETTING_NAV_PRAYER','SETTING_SELECT_ASR','SETTING_SELECT_ASR_1');
INSERT INTO app_portfolio.app_object_item_subitem (app_id, object_name, object_item_name, subitem_name) VALUES (2,'SETTING_NAV_PRAYER','SETTING_SELECT_HIGHLATITUDE','SETTING_SELECT_HIGHLATITUDE_0');
INSERT INTO app_portfolio.app_object_item_subitem (app_id, object_name, object_item_name, subitem_name) VALUES (2,'SETTING_NAV_PRAYER','SETTING_SELECT_HIGHLATITUDE','SETTING_SELECT_HIGHLATITUDE_1');
INSERT INTO app_portfolio.app_object_item_subitem (app_id, object_name, object_item_name, subitem_name) VALUES (2,'SETTING_NAV_PRAYER','SETTING_SELECT_HIGHLATITUDE','SETTING_SELECT_HIGHLATITUDE_2');
INSERT INTO app_portfolio.app_object_item_subitem (app_id, object_name, object_item_name, subitem_name) VALUES (2,'SETTING_NAV_PRAYER','SETTING_SELECT_HIGHLATITUDE','SETTING_SELECT_HIGHLATITUDE_3');
INSERT INTO app_portfolio.app_object_item_subitem (app_id, object_name, object_item_name, subitem_name) VALUES (2,'SETTING_NAV_PRAYER','SETTING_SELECT_REPORT_IQAMAT_TITLE_ASR','SETTING_SELECT_REPORT_IQAMAT_TITLE_ASR_0');
INSERT INTO app_portfolio.app_object_item_subitem (app_id, object_name, object_item_name, subitem_name) VALUES (2,'SETTING_NAV_PRAYER','SETTING_SELECT_REPORT_IQAMAT_TITLE_ASR','SETTING_SELECT_REPORT_IQAMAT_TITLE_ASR_1');
INSERT INTO app_portfolio.app_object_item_subitem (app_id, object_name, object_item_name, subitem_name) VALUES (2,'SETTING_NAV_PRAYER','SETTING_SELECT_REPORT_IQAMAT_TITLE_ASR','SETTING_SELECT_REPORT_IQAMAT_TITLE_ASR_2');
INSERT INTO app_portfolio.app_object_item_subitem (app_id, object_name, object_item_name, subitem_name) VALUES (2,'SETTING_NAV_PRAYER','SETTING_SELECT_REPORT_IQAMAT_TITLE_ASR','SETTING_SELECT_REPORT_IQAMAT_TITLE_ASR_3');
INSERT INTO app_portfolio.app_object_item_subitem (app_id, object_name, object_item_name, subitem_name) VALUES (2,'SETTING_NAV_PRAYER','SETTING_SELECT_REPORT_IQAMAT_TITLE_ASR','SETTING_SELECT_REPORT_IQAMAT_TITLE_ASR_4');
INSERT INTO app_portfolio.app_object_item_subitem (app_id, object_name, object_item_name, subitem_name) VALUES (2,'SETTING_NAV_PRAYER','SETTING_SELECT_REPORT_IQAMAT_TITLE_ASR','SETTING_SELECT_REPORT_IQAMAT_TITLE_ASR_5');
INSERT INTO app_portfolio.app_object_item_subitem (app_id, object_name, object_item_name, subitem_name) VALUES (2,'SETTING_NAV_PRAYER','SETTING_SELECT_REPORT_IQAMAT_TITLE_ASR','SETTING_SELECT_REPORT_IQAMAT_TITLE_ASR_6');
INSERT INTO app_portfolio.app_object_item_subitem (app_id, object_name, object_item_name, subitem_name) VALUES (2,'SETTING_NAV_PRAYER','SETTING_SELECT_REPORT_IQAMAT_TITLE_ASR','SETTING_SELECT_REPORT_IQAMAT_TITLE_ASR_7');
INSERT INTO app_portfolio.app_object_item_subitem (app_id, object_name, object_item_name, subitem_name) VALUES (2,'SETTING_NAV_PRAYER','SETTING_SELECT_REPORT_IQAMAT_TITLE_ASR','SETTING_SELECT_REPORT_IQAMAT_TITLE_ASR_8');
INSERT INTO app_portfolio.app_object_item_subitem (app_id, object_name, object_item_name, subitem_name) VALUES (2,'SETTING_NAV_PRAYER','SETTING_SELECT_REPORT_IQAMAT_TITLE_DHUHR','SETTING_SELECT_REPORT_IQAMAT_TITLE_DHUHR_0');
INSERT INTO app_portfolio.app_object_item_subitem (app_id, object_name, object_item_name, subitem_name) VALUES (2,'SETTING_NAV_PRAYER','SETTING_SELECT_REPORT_IQAMAT_TITLE_DHUHR','SETTING_SELECT_REPORT_IQAMAT_TITLE_DHUHR_1');
INSERT INTO app_portfolio.app_object_item_subitem (app_id, object_name, object_item_name, subitem_name) VALUES (2,'SETTING_NAV_PRAYER','SETTING_SELECT_REPORT_IQAMAT_TITLE_DHUHR','SETTING_SELECT_REPORT_IQAMAT_TITLE_DHUHR_2');
INSERT INTO app_portfolio.app_object_item_subitem (app_id, object_name, object_item_name, subitem_name) VALUES (2,'SETTING_NAV_PRAYER','SETTING_SELECT_REPORT_IQAMAT_TITLE_DHUHR','SETTING_SELECT_REPORT_IQAMAT_TITLE_DHUHR_3');
INSERT INTO app_portfolio.app_object_item_subitem (app_id, object_name, object_item_name, subitem_name) VALUES (2,'SETTING_NAV_PRAYER','SETTING_SELECT_REPORT_IQAMAT_TITLE_DHUHR','SETTING_SELECT_REPORT_IQAMAT_TITLE_DHUHR_4');
INSERT INTO app_portfolio.app_object_item_subitem (app_id, object_name, object_item_name, subitem_name) VALUES (2,'SETTING_NAV_PRAYER','SETTING_SELECT_REPORT_IQAMAT_TITLE_DHUHR','SETTING_SELECT_REPORT_IQAMAT_TITLE_DHUHR_5');
INSERT INTO app_portfolio.app_object_item_subitem (app_id, object_name, object_item_name, subitem_name) VALUES (2,'SETTING_NAV_PRAYER','SETTING_SELECT_REPORT_IQAMAT_TITLE_DHUHR','SETTING_SELECT_REPORT_IQAMAT_TITLE_DHUHR_6');
INSERT INTO app_portfolio.app_object_item_subitem (app_id, object_name, object_item_name, subitem_name) VALUES (2,'SETTING_NAV_PRAYER','SETTING_SELECT_REPORT_IQAMAT_TITLE_DHUHR','SETTING_SELECT_REPORT_IQAMAT_TITLE_DHUHR_7');
INSERT INTO app_portfolio.app_object_item_subitem (app_id, object_name, object_item_name, subitem_name) VALUES (2,'SETTING_NAV_PRAYER','SETTING_SELECT_REPORT_IQAMAT_TITLE_DHUHR','SETTING_SELECT_REPORT_IQAMAT_TITLE_DHUHR_8');
INSERT INTO app_portfolio.app_object_item_subitem (app_id, object_name, object_item_name, subitem_name) VALUES (2,'SETTING_NAV_PRAYER','SETTING_SELECT_REPORT_IQAMAT_TITLE_FAJR','SETTING_SELECT_REPORT_IQAMAT_TITLE_FAJR_0');
INSERT INTO app_portfolio.app_object_item_subitem (app_id, object_name, object_item_name, subitem_name) VALUES (2,'SETTING_NAV_PRAYER','SETTING_SELECT_REPORT_IQAMAT_TITLE_FAJR','SETTING_SELECT_REPORT_IQAMAT_TITLE_FAJR_1');
INSERT INTO app_portfolio.app_object_item_subitem (app_id, object_name, object_item_name, subitem_name) VALUES (2,'SETTING_NAV_PRAYER','SETTING_SELECT_REPORT_IQAMAT_TITLE_FAJR','SETTING_SELECT_REPORT_IQAMAT_TITLE_FAJR_2');
INSERT INTO app_portfolio.app_object_item_subitem (app_id, object_name, object_item_name, subitem_name) VALUES (2,'SETTING_NAV_PRAYER','SETTING_SELECT_REPORT_IQAMAT_TITLE_FAJR','SETTING_SELECT_REPORT_IQAMAT_TITLE_FAJR_3');
INSERT INTO app_portfolio.app_object_item_subitem (app_id, object_name, object_item_name, subitem_name) VALUES (2,'SETTING_NAV_PRAYER','SETTING_SELECT_REPORT_IQAMAT_TITLE_FAJR','SETTING_SELECT_REPORT_IQAMAT_TITLE_FAJR_4');
INSERT INTO app_portfolio.app_object_item_subitem (app_id, object_name, object_item_name, subitem_name) VALUES (2,'SETTING_NAV_PRAYER','SETTING_SELECT_REPORT_IQAMAT_TITLE_FAJR','SETTING_SELECT_REPORT_IQAMAT_TITLE_FAJR_5');
INSERT INTO app_portfolio.app_object_item_subitem (app_id, object_name, object_item_name, subitem_name) VALUES (2,'SETTING_NAV_PRAYER','SETTING_SELECT_REPORT_IQAMAT_TITLE_FAJR','SETTING_SELECT_REPORT_IQAMAT_TITLE_FAJR_6');
INSERT INTO app_portfolio.app_object_item_subitem (app_id, object_name, object_item_name, subitem_name) VALUES (2,'SETTING_NAV_PRAYER','SETTING_SELECT_REPORT_IQAMAT_TITLE_FAJR','SETTING_SELECT_REPORT_IQAMAT_TITLE_FAJR_7');
INSERT INTO app_portfolio.app_object_item_subitem (app_id, object_name, object_item_name, subitem_name) VALUES (2,'SETTING_NAV_PRAYER','SETTING_SELECT_REPORT_IQAMAT_TITLE_FAJR','SETTING_SELECT_REPORT_IQAMAT_TITLE_FAJR_8');
INSERT INTO app_portfolio.app_object_item_subitem (app_id, object_name, object_item_name, subitem_name) VALUES (2,'SETTING_NAV_PRAYER','SETTING_SELECT_REPORT_IQAMAT_TITLE_ISHA','SETTING_SELECT_REPORT_IQAMAT_TITLE_ISHA_0');
INSERT INTO app_portfolio.app_object_item_subitem (app_id, object_name, object_item_name, subitem_name) VALUES (2,'SETTING_NAV_PRAYER','SETTING_SELECT_REPORT_IQAMAT_TITLE_ISHA','SETTING_SELECT_REPORT_IQAMAT_TITLE_ISHA_1');
INSERT INTO app_portfolio.app_object_item_subitem (app_id, object_name, object_item_name, subitem_name) VALUES (2,'SETTING_NAV_PRAYER','SETTING_SELECT_REPORT_IQAMAT_TITLE_ISHA','SETTING_SELECT_REPORT_IQAMAT_TITLE_ISHA_2');
INSERT INTO app_portfolio.app_object_item_subitem (app_id, object_name, object_item_name, subitem_name) VALUES (2,'SETTING_NAV_PRAYER','SETTING_SELECT_REPORT_IQAMAT_TITLE_ISHA','SETTING_SELECT_REPORT_IQAMAT_TITLE_ISHA_3');
INSERT INTO app_portfolio.app_object_item_subitem (app_id, object_name, object_item_name, subitem_name) VALUES (2,'SETTING_NAV_PRAYER','SETTING_SELECT_REPORT_IQAMAT_TITLE_ISHA','SETTING_SELECT_REPORT_IQAMAT_TITLE_ISHA_4');
INSERT INTO app_portfolio.app_object_item_subitem (app_id, object_name, object_item_name, subitem_name) VALUES (2,'SETTING_NAV_PRAYER','SETTING_SELECT_REPORT_IQAMAT_TITLE_ISHA','SETTING_SELECT_REPORT_IQAMAT_TITLE_ISHA_5');
INSERT INTO app_portfolio.app_object_item_subitem (app_id, object_name, object_item_name, subitem_name) VALUES (2,'SETTING_NAV_PRAYER','SETTING_SELECT_REPORT_IQAMAT_TITLE_ISHA','SETTING_SELECT_REPORT_IQAMAT_TITLE_ISHA_6');
INSERT INTO app_portfolio.app_object_item_subitem (app_id, object_name, object_item_name, subitem_name) VALUES (2,'SETTING_NAV_PRAYER','SETTING_SELECT_REPORT_IQAMAT_TITLE_ISHA','SETTING_SELECT_REPORT_IQAMAT_TITLE_ISHA_7');
INSERT INTO app_portfolio.app_object_item_subitem (app_id, object_name, object_item_name, subitem_name) VALUES (2,'SETTING_NAV_PRAYER','SETTING_SELECT_REPORT_IQAMAT_TITLE_ISHA','SETTING_SELECT_REPORT_IQAMAT_TITLE_ISHA_8');
INSERT INTO app_portfolio.app_object_item_subitem (app_id, object_name, object_item_name, subitem_name) VALUES (2,'SETTING_NAV_PRAYER','SETTING_SELECT_REPORT_IQAMAT_TITLE_MAGHRIB','SETTING_SELECT_REPORT_IQAMAT_TITLE_MAGHRIB_0');
INSERT INTO app_portfolio.app_object_item_subitem (app_id, object_name, object_item_name, subitem_name) VALUES (2,'SETTING_NAV_PRAYER','SETTING_SELECT_REPORT_IQAMAT_TITLE_MAGHRIB','SETTING_SELECT_REPORT_IQAMAT_TITLE_MAGHRIB_1');
INSERT INTO app_portfolio.app_object_item_subitem (app_id, object_name, object_item_name, subitem_name) VALUES (2,'SETTING_NAV_PRAYER','SETTING_SELECT_REPORT_IQAMAT_TITLE_MAGHRIB','SETTING_SELECT_REPORT_IQAMAT_TITLE_MAGHRIB_2');
INSERT INTO app_portfolio.app_object_item_subitem (app_id, object_name, object_item_name, subitem_name) VALUES (2,'SETTING_NAV_PRAYER','SETTING_SELECT_REPORT_IQAMAT_TITLE_MAGHRIB','SETTING_SELECT_REPORT_IQAMAT_TITLE_MAGHRIB_3');
INSERT INTO app_portfolio.app_object_item_subitem (app_id, object_name, object_item_name, subitem_name) VALUES (2,'SETTING_NAV_PRAYER','SETTING_SELECT_REPORT_IQAMAT_TITLE_MAGHRIB','SETTING_SELECT_REPORT_IQAMAT_TITLE_MAGHRIB_4');
INSERT INTO app_portfolio.app_object_item_subitem (app_id, object_name, object_item_name, subitem_name) VALUES (2,'SETTING_NAV_PRAYER','SETTING_SELECT_REPORT_IQAMAT_TITLE_MAGHRIB','SETTING_SELECT_REPORT_IQAMAT_TITLE_MAGHRIB_5');
INSERT INTO app_portfolio.app_object_item_subitem (app_id, object_name, object_item_name, subitem_name) VALUES (2,'SETTING_NAV_PRAYER','SETTING_SELECT_REPORT_IQAMAT_TITLE_MAGHRIB','SETTING_SELECT_REPORT_IQAMAT_TITLE_MAGHRIB_6');
INSERT INTO app_portfolio.app_object_item_subitem (app_id, object_name, object_item_name, subitem_name) VALUES (2,'SETTING_NAV_PRAYER','SETTING_SELECT_REPORT_IQAMAT_TITLE_MAGHRIB','SETTING_SELECT_REPORT_IQAMAT_TITLE_MAGHRIB_7');
INSERT INTO app_portfolio.app_object_item_subitem (app_id, object_name, object_item_name, subitem_name) VALUES (2,'SETTING_NAV_PRAYER','SETTING_SELECT_REPORT_IQAMAT_TITLE_MAGHRIB','SETTING_SELECT_REPORT_IQAMAT_TITLE_MAGHRIB_8');
INSERT INTO app_portfolio.app_object_item_subitem (app_id, object_name, object_item_name, subitem_name) VALUES (2,'SETTING_NAV_PRAYER','SETTING_SELECT_REPORT_SHOW_FAST_START_END','SETTING_SELECT_REPORT_SHOW_FAST_START_END_0');
INSERT INTO app_portfolio.app_object_item_subitem (app_id, object_name, object_item_name, subitem_name) VALUES (2,'SETTING_NAV_PRAYER','SETTING_SELECT_REPORT_SHOW_FAST_START_END','SETTING_SELECT_REPORT_SHOW_FAST_START_END_1');
INSERT INTO app_portfolio.app_object_item_subitem (app_id, object_name, object_item_name, subitem_name) VALUES (2,'SETTING_NAV_PRAYER','SETTING_SELECT_REPORT_SHOW_FAST_START_END','SETTING_SELECT_REPORT_SHOW_FAST_START_END_2');
INSERT INTO app_portfolio.app_object_item_subitem (app_id, object_name, object_item_name, subitem_name) VALUES (2,'SETTING_NAV_PRAYER','SETTING_SELECT_REPORT_SHOW_FAST_START_END','SETTING_SELECT_REPORT_SHOW_FAST_START_END_3');
INSERT INTO app_portfolio.app_object_item_subitem (app_id, object_name, object_item_name, subitem_name) VALUES (2,'SETTING_NAV_PRAYER','SETTING_SELECT_REPORT_SHOW_FAST_START_END','SETTING_SELECT_REPORT_SHOW_FAST_START_END_4');
INSERT INTO app_portfolio.app_object_item_subitem (app_id, object_name, object_item_name, subitem_name) VALUES (2,'SETTING_NAV_PRAYER','SETTING_SELECT_TIMEFORMAT','SETTING_SELECT_TIMEFORMAT_0');
INSERT INTO app_portfolio.app_object_item_subitem (app_id, object_name, object_item_name, subitem_name) VALUES (2,'SETTING_NAV_PRAYER','SETTING_SELECT_TIMEFORMAT','SETTING_SELECT_TIMEFORMAT_1');
INSERT INTO app_portfolio.app_object_item_subitem (app_id, object_name, object_item_name, subitem_name) VALUES (2,'SETTING_NAV_PRAYER','SETTING_SELECT_TIMEFORMAT','SETTING_SELECT_TIMEFORMAT_2');
INSERT INTO app_portfolio.app_object_item_subitem (app_id, object_name, object_item_name, subitem_name) VALUES (2,'SETTING_NAV_REGIONAL','SETTING_SELECT_CALENDARTYPE','SETTING_SELECT_CALENDARTYPE_0');
INSERT INTO app_portfolio.app_object_item_subitem (app_id, object_name, object_item_name, subitem_name) VALUES (2,'SETTING_NAV_REGIONAL','SETTING_SELECT_CALENDARTYPE','SETTING_SELECT_CALENDARTYPE_1');
INSERT INTO app_portfolio.app_object_item_subitem (app_id, object_name, object_item_name, subitem_name) VALUES (2,'SETTING_NAV_REGIONAL','SETTING_SELECT_REPORT_COLTITLE','SETTING_SELECT_REPORT_COLTITLE_0');
INSERT INTO app_portfolio.app_object_item_subitem (app_id, object_name, object_item_name, subitem_name) VALUES (2,'SETTING_NAV_REGIONAL','SETTING_SELECT_REPORT_COLTITLE','SETTING_SELECT_REPORT_COLTITLE_1');
INSERT INTO app_portfolio.app_object_item_subitem (app_id, object_name, object_item_name, subitem_name) VALUES (2,'SETTING_NAV_REGIONAL','SETTING_SELECT_REPORT_COLTITLE','SETTING_SELECT_REPORT_COLTITLE_2');
INSERT INTO app_portfolio.app_object_item_subitem (app_id, object_name, object_item_name, subitem_name) VALUES (2,'SETTING_NAV_REGIONAL','SETTING_SELECT_REPORT_COLTITLE','SETTING_SELECT_REPORT_COLTITLE_3');
INSERT INTO app_portfolio.app_object_item_subitem (app_id, object_name, object_item_name, subitem_name) VALUES (2,'SETTING_NAV_REGIONAL','SETTING_SELECT_REPORT_DIRECTION','SETTING_SELECT_REPORT_DIRECTION_0');
INSERT INTO app_portfolio.app_object_item_subitem (app_id, object_name, object_item_name, subitem_name) VALUES (2,'SETTING_NAV_REGIONAL','SETTING_SELECT_REPORT_DIRECTION','SETTING_SELECT_REPORT_DIRECTION_1');
INSERT INTO app_portfolio.app_object_item_subitem (app_id, object_name, object_item_name, subitem_name) VALUES (2,'SETTING_NAV_REGIONAL','SETTING_SELECT_REPORT_LOCALE_SECOND','SETTING_SELECT_REPORT_LOCALE_SECOND_0');
--
-- country_group
--
INSERT INTO app_portfolio.country_group (id, group_name) VALUES (1,'Africa');
INSERT INTO app_portfolio.country_group (id, group_name) VALUES (2,'Americas');
INSERT INTO app_portfolio.country_group (id, group_name) VALUES (3,'Asia');
INSERT INTO app_portfolio.country_group (id, group_name) VALUES (4,'Europe');
INSERT INTO app_portfolio.country_group (id, group_name) VALUES (5,'Oceania');
--
-- country
--
INSERT INTO app_portfolio.country (id, country_code, flag_emoji, flag_url, country_group_id) VALUES (251,'af','ðŸ‡¦ðŸ‡«',NULL,3);
INSERT INTO app_portfolio.country (id, country_code, flag_emoji, flag_url, country_group_id) VALUES (252,'ax','ðŸ‡¦ðŸ‡½',NULL,4);
INSERT INTO app_portfolio.country (id, country_code, flag_emoji, flag_url, country_group_id) VALUES (253,'al','ðŸ‡¦ðŸ‡±',NULL,4);
INSERT INTO app_portfolio.country (id, country_code, flag_emoji, flag_url, country_group_id) VALUES (254,'dz','ðŸ‡©ðŸ‡¿',NULL,1);
INSERT INTO app_portfolio.country (id, country_code, flag_emoji, flag_url, country_group_id) VALUES (255,'as','ðŸ‡¦ðŸ‡¸',NULL,5);
INSERT INTO app_portfolio.country (id, country_code, flag_emoji, flag_url, country_group_id) VALUES (256,'ad','ðŸ‡¦ðŸ‡©',NULL,4);
INSERT INTO app_portfolio.country (id, country_code, flag_emoji, flag_url, country_group_id) VALUES (257,'ao','ðŸ‡¦ðŸ‡´',NULL,1);
INSERT INTO app_portfolio.country (id, country_code, flag_emoji, flag_url, country_group_id) VALUES (258,'ai','ðŸ‡¦ðŸ‡®',NULL,2);
INSERT INTO app_portfolio.country (id, country_code, flag_emoji, flag_url, country_group_id) VALUES (259,'aq','ðŸ‡¦ðŸ‡¶',NULL,5);
INSERT INTO app_portfolio.country (id, country_code, flag_emoji, flag_url, country_group_id) VALUES (260,'ag','ðŸ‡¦ðŸ‡¬',NULL,2);
INSERT INTO app_portfolio.country (id, country_code, flag_emoji, flag_url, country_group_id) VALUES (261,'ar','ðŸ‡¦ðŸ‡·',NULL,2);
INSERT INTO app_portfolio.country (id, country_code, flag_emoji, flag_url, country_group_id) VALUES (262,'am','ðŸ‡¦ðŸ‡²',NULL,3);
INSERT INTO app_portfolio.country (id, country_code, flag_emoji, flag_url, country_group_id) VALUES (263,'aw','ðŸ‡¦ðŸ‡¼',NULL,2);
INSERT INTO app_portfolio.country (id, country_code, flag_emoji, flag_url, country_group_id) VALUES (264,'au','ðŸ‡¦ðŸ‡º',NULL,5);
INSERT INTO app_portfolio.country (id, country_code, flag_emoji, flag_url, country_group_id) VALUES (265,'at','ðŸ‡¦ðŸ‡¹',NULL,4);
INSERT INTO app_portfolio.country (id, country_code, flag_emoji, flag_url, country_group_id) VALUES (266,'az','ðŸ‡¦ðŸ‡¿',NULL,3);
INSERT INTO app_portfolio.country (id, country_code, flag_emoji, flag_url, country_group_id) VALUES (267,'bs','ðŸ‡§ðŸ‡¸',NULL,2);
INSERT INTO app_portfolio.country (id, country_code, flag_emoji, flag_url, country_group_id) VALUES (268,'bh','ðŸ‡§ðŸ‡­',NULL,3);
INSERT INTO app_portfolio.country (id, country_code, flag_emoji, flag_url, country_group_id) VALUES (269,'bd','ðŸ‡§ðŸ‡©',NULL,3);
INSERT INTO app_portfolio.country (id, country_code, flag_emoji, flag_url, country_group_id) VALUES (270,'bb','ðŸ‡§ðŸ‡§',NULL,2);
INSERT INTO app_portfolio.country (id, country_code, flag_emoji, flag_url, country_group_id) VALUES (271,'by','ðŸ‡§ðŸ‡¾',NULL,4);
INSERT INTO app_portfolio.country (id, country_code, flag_emoji, flag_url, country_group_id) VALUES (272,'be','ðŸ‡§ðŸ‡ª',NULL,4);
INSERT INTO app_portfolio.country (id, country_code, flag_emoji, flag_url, country_group_id) VALUES (273,'bz','ðŸ‡§ðŸ‡¿',NULL,2);
INSERT INTO app_portfolio.country (id, country_code, flag_emoji, flag_url, country_group_id) VALUES (274,'bj','ðŸ‡§ðŸ‡¯',NULL,1);
INSERT INTO app_portfolio.country (id, country_code, flag_emoji, flag_url, country_group_id) VALUES (275,'bm','ðŸ‡§ðŸ‡²',NULL,2);
INSERT INTO app_portfolio.country (id, country_code, flag_emoji, flag_url, country_group_id) VALUES (276,'bt','ðŸ‡§ðŸ‡¹',NULL,3);
INSERT INTO app_portfolio.country (id, country_code, flag_emoji, flag_url, country_group_id) VALUES (277,'bo','ðŸ‡§ðŸ‡´',NULL,2);
INSERT INTO app_portfolio.country (id, country_code, flag_emoji, flag_url, country_group_id) VALUES (278,'ba','ðŸ‡§ðŸ‡¦',NULL,4);
INSERT INTO app_portfolio.country (id, country_code, flag_emoji, flag_url, country_group_id) VALUES (279,'bw','ðŸ‡§ðŸ‡¼',NULL,1);
INSERT INTO app_portfolio.country (id, country_code, flag_emoji, flag_url, country_group_id) VALUES (280,'bv','ðŸ‡§ðŸ‡»',NULL,5);
INSERT INTO app_portfolio.country (id, country_code, flag_emoji, flag_url, country_group_id) VALUES (281,'br','ðŸ‡§ðŸ‡·',NULL,2);
INSERT INTO app_portfolio.country (id, country_code, flag_emoji, flag_url, country_group_id) VALUES (282,'io','ðŸ‡®ðŸ‡´',NULL,5);
INSERT INTO app_portfolio.country (id, country_code, flag_emoji, flag_url, country_group_id) VALUES (283,'vg','ðŸ‡»ðŸ‡¬',NULL,2);
INSERT INTO app_portfolio.country (id, country_code, flag_emoji, flag_url, country_group_id) VALUES (284,'bn','ðŸ‡§ðŸ‡³',NULL,3);
INSERT INTO app_portfolio.country (id, country_code, flag_emoji, flag_url, country_group_id) VALUES (285,'bg','ðŸ‡§ðŸ‡¬',NULL,4);
INSERT INTO app_portfolio.country (id, country_code, flag_emoji, flag_url, country_group_id) VALUES (286,'bf','ðŸ‡§ðŸ‡«',NULL,1);
INSERT INTO app_portfolio.country (id, country_code, flag_emoji, flag_url, country_group_id) VALUES (287,'bi','ðŸ‡§ðŸ‡®',NULL,1);
INSERT INTO app_portfolio.country (id, country_code, flag_emoji, flag_url, country_group_id) VALUES (288,'kh','ðŸ‡°ðŸ‡­',NULL,3);
INSERT INTO app_portfolio.country (id, country_code, flag_emoji, flag_url, country_group_id) VALUES (289,'cm','ðŸ‡¨ðŸ‡²',NULL,1);
INSERT INTO app_portfolio.country (id, country_code, flag_emoji, flag_url, country_group_id) VALUES (290,'ca','ðŸ‡¨ðŸ‡¦',NULL,2);
INSERT INTO app_portfolio.country (id, country_code, flag_emoji, flag_url, country_group_id) VALUES (291,'cv','ðŸ‡¨ðŸ‡»',NULL,1);
INSERT INTO app_portfolio.country (id, country_code, flag_emoji, flag_url, country_group_id) VALUES (292,'bq','ðŸ‡§ðŸ‡¶',NULL,2);
INSERT INTO app_portfolio.country (id, country_code, flag_emoji, flag_url, country_group_id) VALUES (293,'ky','ðŸ‡°ðŸ‡¾',NULL,2);
INSERT INTO app_portfolio.country (id, country_code, flag_emoji, flag_url, country_group_id) VALUES (294,'cf','ðŸ‡¨ðŸ‡«',NULL,1);
INSERT INTO app_portfolio.country (id, country_code, flag_emoji, flag_url, country_group_id) VALUES (295,'td','ðŸ‡¹ðŸ‡©',NULL,1);
INSERT INTO app_portfolio.country (id, country_code, flag_emoji, flag_url, country_group_id) VALUES (296,'cl','ðŸ‡¨ðŸ‡±',NULL,2);
INSERT INTO app_portfolio.country (id, country_code, flag_emoji, flag_url, country_group_id) VALUES (297,'cn','ðŸ‡¨ðŸ‡³',NULL,3);
INSERT INTO app_portfolio.country (id, country_code, flag_emoji, flag_url, country_group_id) VALUES (298,'cx','ðŸ‡¨ðŸ‡½',NULL,5);
INSERT INTO app_portfolio.country (id, country_code, flag_emoji, flag_url, country_group_id) VALUES (299,'cc','ðŸ‡¨ðŸ‡¨',NULL,5);
INSERT INTO app_portfolio.country (id, country_code, flag_emoji, flag_url, country_group_id) VALUES (300,'co','ðŸ‡¨ðŸ‡´',NULL,2);
INSERT INTO app_portfolio.country (id, country_code, flag_emoji, flag_url, country_group_id) VALUES (301,'km','ðŸ‡°ðŸ‡²',NULL,1);
INSERT INTO app_portfolio.country (id, country_code, flag_emoji, flag_url, country_group_id) VALUES (302,'cg','ðŸ‡¨ðŸ‡¬',NULL,1);
INSERT INTO app_portfolio.country (id, country_code, flag_emoji, flag_url, country_group_id) VALUES (303,'cd','ðŸ‡¨ðŸ‡©',NULL,1);
INSERT INTO app_portfolio.country (id, country_code, flag_emoji, flag_url, country_group_id) VALUES (304,'ck','ðŸ‡¨ðŸ‡°',NULL,5);
INSERT INTO app_portfolio.country (id, country_code, flag_emoji, flag_url, country_group_id) VALUES (305,'cr','ðŸ‡¨ðŸ‡·',NULL,2);
INSERT INTO app_portfolio.country (id, country_code, flag_emoji, flag_url, country_group_id) VALUES (306,'ci','ðŸ‡¨ðŸ‡®',NULL,1);
INSERT INTO app_portfolio.country (id, country_code, flag_emoji, flag_url, country_group_id) VALUES (307,'hr','ðŸ‡­ðŸ‡·',NULL,4);
INSERT INTO app_portfolio.country (id, country_code, flag_emoji, flag_url, country_group_id) VALUES (308,'cu','ðŸ‡¨ðŸ‡º',NULL,2);
INSERT INTO app_portfolio.country (id, country_code, flag_emoji, flag_url, country_group_id) VALUES (309,'cw','ðŸ‡¨ðŸ‡¼',NULL,2);
INSERT INTO app_portfolio.country (id, country_code, flag_emoji, flag_url, country_group_id) VALUES (310,'cy','ðŸ‡¨ðŸ‡¾',NULL,4);
INSERT INTO app_portfolio.country (id, country_code, flag_emoji, flag_url, country_group_id) VALUES (311,'cz','ðŸ‡¨ðŸ‡¿',NULL,4);
INSERT INTO app_portfolio.country (id, country_code, flag_emoji, flag_url, country_group_id) VALUES (312,'dk','ðŸ‡©ðŸ‡°',NULL,4);
INSERT INTO app_portfolio.country (id, country_code, flag_emoji, flag_url, country_group_id) VALUES (313,'dj','ðŸ‡©ðŸ‡¯',NULL,1);
INSERT INTO app_portfolio.country (id, country_code, flag_emoji, flag_url, country_group_id) VALUES (314,'dm','ðŸ‡©ðŸ‡²',NULL,2);
INSERT INTO app_portfolio.country (id, country_code, flag_emoji, flag_url, country_group_id) VALUES (315,'do','ðŸ‡©ðŸ‡´',NULL,2);
INSERT INTO app_portfolio.country (id, country_code, flag_emoji, flag_url, country_group_id) VALUES (316,'ec','ðŸ‡ªðŸ‡¨',NULL,2);
INSERT INTO app_portfolio.country (id, country_code, flag_emoji, flag_url, country_group_id) VALUES (317,'eg','ðŸ‡ªðŸ‡¬',NULL,1);
INSERT INTO app_portfolio.country (id, country_code, flag_emoji, flag_url, country_group_id) VALUES (318,'sv','ðŸ‡¸ðŸ‡»',NULL,2);
INSERT INTO app_portfolio.country (id, country_code, flag_emoji, flag_url, country_group_id) VALUES (319,'gq','ðŸ‡¬ðŸ‡¶',NULL,1);
INSERT INTO app_portfolio.country (id, country_code, flag_emoji, flag_url, country_group_id) VALUES (320,'er','ðŸ‡ªðŸ‡·',NULL,1);
INSERT INTO app_portfolio.country (id, country_code, flag_emoji, flag_url, country_group_id) VALUES (321,'ee','ðŸ‡ªðŸ‡ª',NULL,4);
INSERT INTO app_portfolio.country (id, country_code, flag_emoji, flag_url, country_group_id) VALUES (322,'sz','ðŸ‡¸ðŸ‡¿',NULL,1);
INSERT INTO app_portfolio.country (id, country_code, flag_emoji, flag_url, country_group_id) VALUES (323,'et','ðŸ‡ªðŸ‡¹',NULL,1);
INSERT INTO app_portfolio.country (id, country_code, flag_emoji, flag_url, country_group_id) VALUES (324,'fk','ðŸ‡«ðŸ‡°',NULL,2);
INSERT INTO app_portfolio.country (id, country_code, flag_emoji, flag_url, country_group_id) VALUES (325,'fo','ðŸ‡«ðŸ‡´',NULL,4);
INSERT INTO app_portfolio.country (id, country_code, flag_emoji, flag_url, country_group_id) VALUES (326,'fj','ðŸ‡«ðŸ‡¯',NULL,5);
INSERT INTO app_portfolio.country (id, country_code, flag_emoji, flag_url, country_group_id) VALUES (327,'fi','ðŸ‡«ðŸ‡®',NULL,4);
INSERT INTO app_portfolio.country (id, country_code, flag_emoji, flag_url, country_group_id) VALUES (328,'fr','ðŸ‡«ðŸ‡·',NULL,4);
INSERT INTO app_portfolio.country (id, country_code, flag_emoji, flag_url, country_group_id) VALUES (329,'gf','ðŸ‡¬ðŸ‡«',NULL,2);
INSERT INTO app_portfolio.country (id, country_code, flag_emoji, flag_url, country_group_id) VALUES (330,'pf','ðŸ‡µðŸ‡«',NULL,5);
INSERT INTO app_portfolio.country (id, country_code, flag_emoji, flag_url, country_group_id) VALUES (331,'tf','ðŸ‡¹ðŸ‡«',NULL,5);
INSERT INTO app_portfolio.country (id, country_code, flag_emoji, flag_url, country_group_id) VALUES (332,'ga','ðŸ‡¬ðŸ‡¦',NULL,1);
INSERT INTO app_portfolio.country (id, country_code, flag_emoji, flag_url, country_group_id) VALUES (333,'gm','ðŸ‡¬ðŸ‡²',NULL,1);
INSERT INTO app_portfolio.country (id, country_code, flag_emoji, flag_url, country_group_id) VALUES (334,'ge','ðŸ‡¬ðŸ‡ª',NULL,3);
INSERT INTO app_portfolio.country (id, country_code, flag_emoji, flag_url, country_group_id) VALUES (335,'de','ðŸ‡©ðŸ‡ª',NULL,4);
INSERT INTO app_portfolio.country (id, country_code, flag_emoji, flag_url, country_group_id) VALUES (336,'gh','ðŸ‡¬ðŸ‡­',NULL,1);
INSERT INTO app_portfolio.country (id, country_code, flag_emoji, flag_url, country_group_id) VALUES (337,'gi','ðŸ‡¬ðŸ‡®',NULL,4);
INSERT INTO app_portfolio.country (id, country_code, flag_emoji, flag_url, country_group_id) VALUES (338,'gr','ðŸ‡¬ðŸ‡·',NULL,4);
INSERT INTO app_portfolio.country (id, country_code, flag_emoji, flag_url, country_group_id) VALUES (339,'gl','ðŸ‡¬ðŸ‡±',NULL,2);
INSERT INTO app_portfolio.country (id, country_code, flag_emoji, flag_url, country_group_id) VALUES (340,'gd','ðŸ‡¬ðŸ‡©',NULL,2);
INSERT INTO app_portfolio.country (id, country_code, flag_emoji, flag_url, country_group_id) VALUES (341,'gp','ðŸ‡¬ðŸ‡µ',NULL,2);
INSERT INTO app_portfolio.country (id, country_code, flag_emoji, flag_url, country_group_id) VALUES (342,'gu','ðŸ‡¬ðŸ‡º',NULL,5);
INSERT INTO app_portfolio.country (id, country_code, flag_emoji, flag_url, country_group_id) VALUES (343,'gt','ðŸ‡¬ðŸ‡¹',NULL,2);
INSERT INTO app_portfolio.country (id, country_code, flag_emoji, flag_url, country_group_id) VALUES (344,'gg','ðŸ‡¬ðŸ‡¬',NULL,4);
INSERT INTO app_portfolio.country (id, country_code, flag_emoji, flag_url, country_group_id) VALUES (345,'gn','ðŸ‡¬ðŸ‡³',NULL,1);
INSERT INTO app_portfolio.country (id, country_code, flag_emoji, flag_url, country_group_id) VALUES (346,'gw','ðŸ‡¬ðŸ‡¼',NULL,1);
INSERT INTO app_portfolio.country (id, country_code, flag_emoji, flag_url, country_group_id) VALUES (347,'gy','ðŸ‡¬ðŸ‡¾',NULL,2);
INSERT INTO app_portfolio.country (id, country_code, flag_emoji, flag_url, country_group_id) VALUES (348,'ht','ðŸ‡­ðŸ‡¹',NULL,2);
INSERT INTO app_portfolio.country (id, country_code, flag_emoji, flag_url, country_group_id) VALUES (349,'hm','ðŸ‡­ðŸ‡²',NULL,5);
INSERT INTO app_portfolio.country (id, country_code, flag_emoji, flag_url, country_group_id) VALUES (350,'hn','ðŸ‡­ðŸ‡³',NULL,2);
INSERT INTO app_portfolio.country (id, country_code, flag_emoji, flag_url, country_group_id) VALUES (351,'hk','ðŸ‡­ðŸ‡°',NULL,3);
INSERT INTO app_portfolio.country (id, country_code, flag_emoji, flag_url, country_group_id) VALUES (352,'hu','ðŸ‡­ðŸ‡º',NULL,4);
INSERT INTO app_portfolio.country (id, country_code, flag_emoji, flag_url, country_group_id) VALUES (353,'is','ðŸ‡®ðŸ‡¸',NULL,4);
INSERT INTO app_portfolio.country (id, country_code, flag_emoji, flag_url, country_group_id) VALUES (354,'in','ðŸ‡®ðŸ‡³',NULL,3);
INSERT INTO app_portfolio.country (id, country_code, flag_emoji, flag_url, country_group_id) VALUES (355,'id','ðŸ‡®ðŸ‡©',NULL,3);
INSERT INTO app_portfolio.country (id, country_code, flag_emoji, flag_url, country_group_id) VALUES (356,'ir','ðŸ‡®ðŸ‡·',NULL,3);
INSERT INTO app_portfolio.country (id, country_code, flag_emoji, flag_url, country_group_id) VALUES (357,'iq','ðŸ‡®ðŸ‡¶',NULL,3);
INSERT INTO app_portfolio.country (id, country_code, flag_emoji, flag_url, country_group_id) VALUES (358,'ie','ðŸ‡®ðŸ‡ª',NULL,4);
INSERT INTO app_portfolio.country (id, country_code, flag_emoji, flag_url, country_group_id) VALUES (359,'im','ðŸ‡®ðŸ‡²',NULL,4);
INSERT INTO app_portfolio.country (id, country_code, flag_emoji, flag_url, country_group_id) VALUES (360,'il','ðŸ‡®ðŸ‡±',NULL,3);
INSERT INTO app_portfolio.country (id, country_code, flag_emoji, flag_url, country_group_id) VALUES (361,'it','ðŸ‡®ðŸ‡¹',NULL,4);
INSERT INTO app_portfolio.country (id, country_code, flag_emoji, flag_url, country_group_id) VALUES (362,'jm','ðŸ‡¯ðŸ‡²',NULL,2);
INSERT INTO app_portfolio.country (id, country_code, flag_emoji, flag_url, country_group_id) VALUES (363,'jp','ðŸ‡¯ðŸ‡µ',NULL,3);
INSERT INTO app_portfolio.country (id, country_code, flag_emoji, flag_url, country_group_id) VALUES (364,'je','ðŸ‡¯ðŸ‡ª',NULL,4);
INSERT INTO app_portfolio.country (id, country_code, flag_emoji, flag_url, country_group_id) VALUES (365,'jo','ðŸ‡¯ðŸ‡´',NULL,3);
INSERT INTO app_portfolio.country (id, country_code, flag_emoji, flag_url, country_group_id) VALUES (366,'kz','ðŸ‡°ðŸ‡¿',NULL,3);
INSERT INTO app_portfolio.country (id, country_code, flag_emoji, flag_url, country_group_id) VALUES (367,'ke','ðŸ‡°ðŸ‡ª',NULL,1);
INSERT INTO app_portfolio.country (id, country_code, flag_emoji, flag_url, country_group_id) VALUES (368,'ki','ðŸ‡°ðŸ‡®',NULL,5);
INSERT INTO app_portfolio.country (id, country_code, flag_emoji, flag_url, country_group_id) VALUES (369,'kw','ðŸ‡°ðŸ‡¼',NULL,3);
INSERT INTO app_portfolio.country (id, country_code, flag_emoji, flag_url, country_group_id) VALUES (370,'kg','ðŸ‡°ðŸ‡¬',NULL,3);
INSERT INTO app_portfolio.country (id, country_code, flag_emoji, flag_url, country_group_id) VALUES (371,'la','ðŸ‡±ðŸ‡¦',NULL,3);
INSERT INTO app_portfolio.country (id, country_code, flag_emoji, flag_url, country_group_id) VALUES (372,'lv','ðŸ‡±ðŸ‡»',NULL,4);
INSERT INTO app_portfolio.country (id, country_code, flag_emoji, flag_url, country_group_id) VALUES (373,'lb','ðŸ‡±ðŸ‡§',NULL,3);
INSERT INTO app_portfolio.country (id, country_code, flag_emoji, flag_url, country_group_id) VALUES (374,'ls','ðŸ‡±ðŸ‡¸',NULL,1);
INSERT INTO app_portfolio.country (id, country_code, flag_emoji, flag_url, country_group_id) VALUES (375,'lr','ðŸ‡±ðŸ‡·',NULL,1);
INSERT INTO app_portfolio.country (id, country_code, flag_emoji, flag_url, country_group_id) VALUES (376,'ly','ðŸ‡±ðŸ‡¾',NULL,1);
INSERT INTO app_portfolio.country (id, country_code, flag_emoji, flag_url, country_group_id) VALUES (377,'li','ðŸ‡±ðŸ‡®',NULL,4);
INSERT INTO app_portfolio.country (id, country_code, flag_emoji, flag_url, country_group_id) VALUES (378,'lt','ðŸ‡±ðŸ‡¹',NULL,4);
INSERT INTO app_portfolio.country (id, country_code, flag_emoji, flag_url, country_group_id) VALUES (379,'lu','ðŸ‡±ðŸ‡º',NULL,4);
INSERT INTO app_portfolio.country (id, country_code, flag_emoji, flag_url, country_group_id) VALUES (380,'mo','ðŸ‡²ðŸ‡´',NULL,3);
INSERT INTO app_portfolio.country (id, country_code, flag_emoji, flag_url, country_group_id) VALUES (381,'mg','ðŸ‡²ðŸ‡¬',NULL,1);
INSERT INTO app_portfolio.country (id, country_code, flag_emoji, flag_url, country_group_id) VALUES (382,'mw','ðŸ‡²ðŸ‡¼',NULL,1);
INSERT INTO app_portfolio.country (id, country_code, flag_emoji, flag_url, country_group_id) VALUES (383,'my','ðŸ‡²ðŸ‡¾',NULL,3);
INSERT INTO app_portfolio.country (id, country_code, flag_emoji, flag_url, country_group_id) VALUES (384,'mv','ðŸ‡²ðŸ‡»',NULL,3);
INSERT INTO app_portfolio.country (id, country_code, flag_emoji, flag_url, country_group_id) VALUES (385,'ml','ðŸ‡²ðŸ‡±',NULL,1);
INSERT INTO app_portfolio.country (id, country_code, flag_emoji, flag_url, country_group_id) VALUES (386,'mt','ðŸ‡²ðŸ‡¹',NULL,4);
INSERT INTO app_portfolio.country (id, country_code, flag_emoji, flag_url, country_group_id) VALUES (387,'mh','ðŸ‡²ðŸ‡­',NULL,5);
INSERT INTO app_portfolio.country (id, country_code, flag_emoji, flag_url, country_group_id) VALUES (388,'mq','ðŸ‡²ðŸ‡¶',NULL,2);
INSERT INTO app_portfolio.country (id, country_code, flag_emoji, flag_url, country_group_id) VALUES (389,'mr','ðŸ‡²ðŸ‡·',NULL,1);
INSERT INTO app_portfolio.country (id, country_code, flag_emoji, flag_url, country_group_id) VALUES (390,'mu','ðŸ‡²ðŸ‡º',NULL,1);
INSERT INTO app_portfolio.country (id, country_code, flag_emoji, flag_url, country_group_id) VALUES (391,'yt','ðŸ‡¾ðŸ‡¹',NULL,1);
INSERT INTO app_portfolio.country (id, country_code, flag_emoji, flag_url, country_group_id) VALUES (392,'mx','ðŸ‡²ðŸ‡½',NULL,2);
INSERT INTO app_portfolio.country (id, country_code, flag_emoji, flag_url, country_group_id) VALUES (393,'fm','ðŸ‡«ðŸ‡²',NULL,5);
INSERT INTO app_portfolio.country (id, country_code, flag_emoji, flag_url, country_group_id) VALUES (394,'md','ðŸ‡²ðŸ‡©',NULL,4);
INSERT INTO app_portfolio.country (id, country_code, flag_emoji, flag_url, country_group_id) VALUES (395,'mc','ðŸ‡²ðŸ‡¨',NULL,4);
INSERT INTO app_portfolio.country (id, country_code, flag_emoji, flag_url, country_group_id) VALUES (396,'mn','ðŸ‡²ðŸ‡³',NULL,3);
INSERT INTO app_portfolio.country (id, country_code, flag_emoji, flag_url, country_group_id) VALUES (397,'me','ðŸ‡²ðŸ‡ª',NULL,4);
INSERT INTO app_portfolio.country (id, country_code, flag_emoji, flag_url, country_group_id) VALUES (398,'ms','ðŸ‡²ðŸ‡¸',NULL,2);
INSERT INTO app_portfolio.country (id, country_code, flag_emoji, flag_url, country_group_id) VALUES (399,'ma','ðŸ‡²ðŸ‡¦',NULL,1);
INSERT INTO app_portfolio.country (id, country_code, flag_emoji, flag_url, country_group_id) VALUES (400,'mz','ðŸ‡²ðŸ‡¿',NULL,1);
INSERT INTO app_portfolio.country (id, country_code, flag_emoji, flag_url, country_group_id) VALUES (401,'mm','ðŸ‡²ðŸ‡²',NULL,3);
INSERT INTO app_portfolio.country (id, country_code, flag_emoji, flag_url, country_group_id) VALUES (402,'na','ðŸ‡³ðŸ‡¦',NULL,1);
INSERT INTO app_portfolio.country (id, country_code, flag_emoji, flag_url, country_group_id) VALUES (403,'nr','ðŸ‡³ðŸ‡·',NULL,5);
INSERT INTO app_portfolio.country (id, country_code, flag_emoji, flag_url, country_group_id) VALUES (404,'np','ðŸ‡³ðŸ‡µ',NULL,3);
INSERT INTO app_portfolio.country (id, country_code, flag_emoji, flag_url, country_group_id) VALUES (405,'nl','ðŸ‡³ðŸ‡±',NULL,4);
INSERT INTO app_portfolio.country (id, country_code, flag_emoji, flag_url, country_group_id) VALUES (406,'nc','ðŸ‡³ðŸ‡¨',NULL,5);
INSERT INTO app_portfolio.country (id, country_code, flag_emoji, flag_url, country_group_id) VALUES (407,'nz','ðŸ‡³ðŸ‡¿',NULL,5);
INSERT INTO app_portfolio.country (id, country_code, flag_emoji, flag_url, country_group_id) VALUES (408,'ni','ðŸ‡³ðŸ‡®',NULL,2);
INSERT INTO app_portfolio.country (id, country_code, flag_emoji, flag_url, country_group_id) VALUES (409,'ne','ðŸ‡³ðŸ‡ª',NULL,1);
INSERT INTO app_portfolio.country (id, country_code, flag_emoji, flag_url, country_group_id) VALUES (410,'ng','ðŸ‡³ðŸ‡¬',NULL,1);
INSERT INTO app_portfolio.country (id, country_code, flag_emoji, flag_url, country_group_id) VALUES (411,'nu','ðŸ‡³ðŸ‡º',NULL,5);
INSERT INTO app_portfolio.country (id, country_code, flag_emoji, flag_url, country_group_id) VALUES (412,'nf','ðŸ‡³ðŸ‡«',NULL,5);
INSERT INTO app_portfolio.country (id, country_code, flag_emoji, flag_url, country_group_id) VALUES (413,'kp','ðŸ‡°ðŸ‡µ',NULL,3);
INSERT INTO app_portfolio.country (id, country_code, flag_emoji, flag_url, country_group_id) VALUES (414,'mk','ðŸ‡²ðŸ‡°',NULL,4);
INSERT INTO app_portfolio.country (id, country_code, flag_emoji, flag_url, country_group_id) VALUES (415,'mp','ðŸ‡²ðŸ‡µ',NULL,5);
INSERT INTO app_portfolio.country (id, country_code, flag_emoji, flag_url, country_group_id) VALUES (416,'no','ðŸ‡³ðŸ‡´',NULL,4);
INSERT INTO app_portfolio.country (id, country_code, flag_emoji, flag_url, country_group_id) VALUES (417,'om','ðŸ‡´ðŸ‡²',NULL,3);
INSERT INTO app_portfolio.country (id, country_code, flag_emoji, flag_url, country_group_id) VALUES (418,'pk','ðŸ‡µðŸ‡°',NULL,3);
INSERT INTO app_portfolio.country (id, country_code, flag_emoji, flag_url, country_group_id) VALUES (419,'pw','ðŸ‡µðŸ‡¼',NULL,5);
INSERT INTO app_portfolio.country (id, country_code, flag_emoji, flag_url, country_group_id) VALUES (420,'ps','ðŸ‡µðŸ‡¸',NULL,3);
INSERT INTO app_portfolio.country (id, country_code, flag_emoji, flag_url, country_group_id) VALUES (421,'pa','ðŸ‡µðŸ‡¦',NULL,2);
INSERT INTO app_portfolio.country (id, country_code, flag_emoji, flag_url, country_group_id) VALUES (422,'pg','ðŸ‡µðŸ‡¬',NULL,5);
INSERT INTO app_portfolio.country (id, country_code, flag_emoji, flag_url, country_group_id) VALUES (423,'py','ðŸ‡µðŸ‡¾',NULL,2);
INSERT INTO app_portfolio.country (id, country_code, flag_emoji, flag_url, country_group_id) VALUES (424,'pe','ðŸ‡µðŸ‡ª',NULL,2);
INSERT INTO app_portfolio.country (id, country_code, flag_emoji, flag_url, country_group_id) VALUES (425,'ph','ðŸ‡µðŸ‡­',NULL,3);
INSERT INTO app_portfolio.country (id, country_code, flag_emoji, flag_url, country_group_id) VALUES (426,'pn','ðŸ‡µðŸ‡³',NULL,5);
INSERT INTO app_portfolio.country (id, country_code, flag_emoji, flag_url, country_group_id) VALUES (427,'pl','ðŸ‡µðŸ‡±',NULL,4);
INSERT INTO app_portfolio.country (id, country_code, flag_emoji, flag_url, country_group_id) VALUES (428,'pt','ðŸ‡µðŸ‡¹',NULL,4);
INSERT INTO app_portfolio.country (id, country_code, flag_emoji, flag_url, country_group_id) VALUES (429,'pr','ðŸ‡µðŸ‡·',NULL,2);
INSERT INTO app_portfolio.country (id, country_code, flag_emoji, flag_url, country_group_id) VALUES (430,'qa','ðŸ‡¶ðŸ‡¦',NULL,3);
INSERT INTO app_portfolio.country (id, country_code, flag_emoji, flag_url, country_group_id) VALUES (431,'re','ðŸ‡·ðŸ‡ª',NULL,1);
INSERT INTO app_portfolio.country (id, country_code, flag_emoji, flag_url, country_group_id) VALUES (432,'ro','ðŸ‡·ðŸ‡´',NULL,4);
INSERT INTO app_portfolio.country (id, country_code, flag_emoji, flag_url, country_group_id) VALUES (433,'ru','ðŸ‡·ðŸ‡º',NULL,4);
INSERT INTO app_portfolio.country (id, country_code, flag_emoji, flag_url, country_group_id) VALUES (434,'rw','ðŸ‡·ðŸ‡¼',NULL,1);
INSERT INTO app_portfolio.country (id, country_code, flag_emoji, flag_url, country_group_id) VALUES (435,'ws','ðŸ‡¼ðŸ‡¸',NULL,5);
INSERT INTO app_portfolio.country (id, country_code, flag_emoji, flag_url, country_group_id) VALUES (436,'sm','ðŸ‡¸ðŸ‡²',NULL,4);
INSERT INTO app_portfolio.country (id, country_code, flag_emoji, flag_url, country_group_id) VALUES (437,'st','ðŸ‡¸ðŸ‡¹',NULL,1);
INSERT INTO app_portfolio.country (id, country_code, flag_emoji, flag_url, country_group_id) VALUES (438,'sa','ðŸ‡¸ðŸ‡¦',NULL,3);
INSERT INTO app_portfolio.country (id, country_code, flag_emoji, flag_url, country_group_id) VALUES (439,'sn','ðŸ‡¸ðŸ‡³',NULL,1);
INSERT INTO app_portfolio.country (id, country_code, flag_emoji, flag_url, country_group_id) VALUES (440,'rs','ðŸ‡·ðŸ‡¸',NULL,4);
INSERT INTO app_portfolio.country (id, country_code, flag_emoji, flag_url, country_group_id) VALUES (441,'sc','ðŸ‡¸ðŸ‡¨',NULL,1);
INSERT INTO app_portfolio.country (id, country_code, flag_emoji, flag_url, country_group_id) VALUES (442,'sl','ðŸ‡¸ðŸ‡±',NULL,1);
INSERT INTO app_portfolio.country (id, country_code, flag_emoji, flag_url, country_group_id) VALUES (443,'sg','ðŸ‡¸ðŸ‡¬',NULL,3);
INSERT INTO app_portfolio.country (id, country_code, flag_emoji, flag_url, country_group_id) VALUES (444,'sx','ðŸ‡¸ðŸ‡½',NULL,2);
INSERT INTO app_portfolio.country (id, country_code, flag_emoji, flag_url, country_group_id) VALUES (445,'sk','ðŸ‡¸ðŸ‡°',NULL,4);
INSERT INTO app_portfolio.country (id, country_code, flag_emoji, flag_url, country_group_id) VALUES (446,'si','ðŸ‡¸ðŸ‡®',NULL,4);
INSERT INTO app_portfolio.country (id, country_code, flag_emoji, flag_url, country_group_id) VALUES (447,'sb','ðŸ‡¸ðŸ‡§',NULL,5);
INSERT INTO app_portfolio.country (id, country_code, flag_emoji, flag_url, country_group_id) VALUES (448,'so','ðŸ‡¸ðŸ‡´',NULL,1);
INSERT INTO app_portfolio.country (id, country_code, flag_emoji, flag_url, country_group_id) VALUES (449,'za','ðŸ‡¿ðŸ‡¦',NULL,1);
INSERT INTO app_portfolio.country (id, country_code, flag_emoji, flag_url, country_group_id) VALUES (450,'gs','ðŸ‡¬ðŸ‡¸',NULL,5);
INSERT INTO app_portfolio.country (id, country_code, flag_emoji, flag_url, country_group_id) VALUES (451,'kr','ðŸ‡°ðŸ‡·',NULL,3);
INSERT INTO app_portfolio.country (id, country_code, flag_emoji, flag_url, country_group_id) VALUES (452,'ss','ðŸ‡¸ðŸ‡¸',NULL,1);
INSERT INTO app_portfolio.country (id, country_code, flag_emoji, flag_url, country_group_id) VALUES (453,'es','ðŸ‡ªðŸ‡¸',NULL,4);
INSERT INTO app_portfolio.country (id, country_code, flag_emoji, flag_url, country_group_id) VALUES (454,'lk','ðŸ‡±ðŸ‡°',NULL,3);
INSERT INTO app_portfolio.country (id, country_code, flag_emoji, flag_url, country_group_id) VALUES (455,'bl','ðŸ‡§ðŸ‡±',NULL,2);
INSERT INTO app_portfolio.country (id, country_code, flag_emoji, flag_url, country_group_id) VALUES (456,'sh','ðŸ‡¸ðŸ‡­',NULL,1);
INSERT INTO app_portfolio.country (id, country_code, flag_emoji, flag_url, country_group_id) VALUES (457,'kn','ðŸ‡°ðŸ‡³',NULL,2);
INSERT INTO app_portfolio.country (id, country_code, flag_emoji, flag_url, country_group_id) VALUES (458,'lc','ðŸ‡±ðŸ‡¨',NULL,2);
INSERT INTO app_portfolio.country (id, country_code, flag_emoji, flag_url, country_group_id) VALUES (459,'mf','ðŸ‡²ðŸ‡«',NULL,2);
INSERT INTO app_portfolio.country (id, country_code, flag_emoji, flag_url, country_group_id) VALUES (460,'pm','ðŸ‡µðŸ‡²',NULL,2);
INSERT INTO app_portfolio.country (id, country_code, flag_emoji, flag_url, country_group_id) VALUES (461,'vc','ðŸ‡»ðŸ‡¨',NULL,2);
INSERT INTO app_portfolio.country (id, country_code, flag_emoji, flag_url, country_group_id) VALUES (462,'sd','ðŸ‡¸ðŸ‡©',NULL,1);
INSERT INTO app_portfolio.country (id, country_code, flag_emoji, flag_url, country_group_id) VALUES (463,'sr','ðŸ‡¸ðŸ‡·',NULL,2);
INSERT INTO app_portfolio.country (id, country_code, flag_emoji, flag_url, country_group_id) VALUES (464,'sj','ðŸ‡¸ðŸ‡¯',NULL,4);
INSERT INTO app_portfolio.country (id, country_code, flag_emoji, flag_url, country_group_id) VALUES (465,'se','ðŸ‡¸ðŸ‡ª',NULL,4);
INSERT INTO app_portfolio.country (id, country_code, flag_emoji, flag_url, country_group_id) VALUES (466,'ch','ðŸ‡¨ðŸ‡­',NULL,4);
INSERT INTO app_portfolio.country (id, country_code, flag_emoji, flag_url, country_group_id) VALUES (467,'sy','ðŸ‡¸ðŸ‡¾',NULL,3);
INSERT INTO app_portfolio.country (id, country_code, flag_emoji, flag_url, country_group_id) VALUES (468,'tw','ðŸ‡¹ðŸ‡¼',NULL,3);
INSERT INTO app_portfolio.country (id, country_code, flag_emoji, flag_url, country_group_id) VALUES (469,'tj','ðŸ‡¹ðŸ‡¯',NULL,3);
INSERT INTO app_portfolio.country (id, country_code, flag_emoji, flag_url, country_group_id) VALUES (470,'tz','ðŸ‡¹ðŸ‡¿',NULL,1);
INSERT INTO app_portfolio.country (id, country_code, flag_emoji, flag_url, country_group_id) VALUES (471,'th','ðŸ‡¹ðŸ‡­',NULL,3);
INSERT INTO app_portfolio.country (id, country_code, flag_emoji, flag_url, country_group_id) VALUES (472,'tl','ðŸ‡¹ðŸ‡±',NULL,3);
INSERT INTO app_portfolio.country (id, country_code, flag_emoji, flag_url, country_group_id) VALUES (473,'tg','ðŸ‡¹ðŸ‡¬',NULL,1);
INSERT INTO app_portfolio.country (id, country_code, flag_emoji, flag_url, country_group_id) VALUES (474,'tk','ðŸ‡¹ðŸ‡°',NULL,5);
INSERT INTO app_portfolio.country (id, country_code, flag_emoji, flag_url, country_group_id) VALUES (475,'to','ðŸ‡¹ðŸ‡´',NULL,5);
INSERT INTO app_portfolio.country (id, country_code, flag_emoji, flag_url, country_group_id) VALUES (476,'tt','ðŸ‡¹ðŸ‡¹',NULL,2);
INSERT INTO app_portfolio.country (id, country_code, flag_emoji, flag_url, country_group_id) VALUES (477,'tn','ðŸ‡¹ðŸ‡³',NULL,1);
INSERT INTO app_portfolio.country (id, country_code, flag_emoji, flag_url, country_group_id) VALUES (478,'tr','ðŸ‡¹ðŸ‡·',NULL,3);
INSERT INTO app_portfolio.country (id, country_code, flag_emoji, flag_url, country_group_id) VALUES (479,'tm','ðŸ‡¹ðŸ‡²',NULL,3);
INSERT INTO app_portfolio.country (id, country_code, flag_emoji, flag_url, country_group_id) VALUES (480,'tc','ðŸ‡¹ðŸ‡¨',NULL,2);
INSERT INTO app_portfolio.country (id, country_code, flag_emoji, flag_url, country_group_id) VALUES (481,'tv','ðŸ‡¹ðŸ‡»',NULL,5);
INSERT INTO app_portfolio.country (id, country_code, flag_emoji, flag_url, country_group_id) VALUES (482,'um','ðŸ‡ºðŸ‡²',NULL,5);
INSERT INTO app_portfolio.country (id, country_code, flag_emoji, flag_url, country_group_id) VALUES (483,'vi','ðŸ‡»ðŸ‡®',NULL,2);
INSERT INTO app_portfolio.country (id, country_code, flag_emoji, flag_url, country_group_id) VALUES (484,'ug','ðŸ‡ºðŸ‡¬',NULL,1);
INSERT INTO app_portfolio.country (id, country_code, flag_emoji, flag_url, country_group_id) VALUES (485,'ua','ðŸ‡ºðŸ‡¦',NULL,4);
INSERT INTO app_portfolio.country (id, country_code, flag_emoji, flag_url, country_group_id) VALUES (486,'ae','ðŸ‡¦ðŸ‡ª',NULL,3);
INSERT INTO app_portfolio.country (id, country_code, flag_emoji, flag_url, country_group_id) VALUES (487,'gb','ðŸ‡¬ðŸ‡§',NULL,4);
INSERT INTO app_portfolio.country (id, country_code, flag_emoji, flag_url, country_group_id) VALUES (488,'us','ðŸ‡ºðŸ‡¸',NULL,2);
INSERT INTO app_portfolio.country (id, country_code, flag_emoji, flag_url, country_group_id) VALUES (489,'uy','ðŸ‡ºðŸ‡¾',NULL,2);
INSERT INTO app_portfolio.country (id, country_code, flag_emoji, flag_url, country_group_id) VALUES (490,'uz','ðŸ‡ºðŸ‡¿',NULL,3);
INSERT INTO app_portfolio.country (id, country_code, flag_emoji, flag_url, country_group_id) VALUES (491,'vu','ðŸ‡»ðŸ‡º',NULL,5);
INSERT INTO app_portfolio.country (id, country_code, flag_emoji, flag_url, country_group_id) VALUES (492,'va','ðŸ‡»ðŸ‡¦',NULL,4);
INSERT INTO app_portfolio.country (id, country_code, flag_emoji, flag_url, country_group_id) VALUES (493,'ve','ðŸ‡»ðŸ‡ª',NULL,2);
INSERT INTO app_portfolio.country (id, country_code, flag_emoji, flag_url, country_group_id) VALUES (494,'vn','ðŸ‡»ðŸ‡³',NULL,3);
INSERT INTO app_portfolio.country (id, country_code, flag_emoji, flag_url, country_group_id) VALUES (495,'wf','ðŸ‡¼ðŸ‡«',NULL,5);
INSERT INTO app_portfolio.country (id, country_code, flag_emoji, flag_url, country_group_id) VALUES (496,'eh','ðŸ‡ªðŸ‡­',NULL,1);
INSERT INTO app_portfolio.country (id, country_code, flag_emoji, flag_url, country_group_id) VALUES (497,'ye','ðŸ‡¾ðŸ‡ª',NULL,3);
INSERT INTO app_portfolio.country (id, country_code, flag_emoji, flag_url, country_group_id) VALUES (498,'zm','ðŸ‡¿ðŸ‡²',NULL,1);
INSERT INTO app_portfolio.country (id, country_code, flag_emoji, flag_url, country_group_id) VALUES (499,'zw','ðŸ‡¿ðŸ‡¼',NULL,1);
INSERT INTO app_portfolio.country (id, country_code, flag_emoji, flag_url, country_group_id) VALUES (500,'xk','ðŸ‡½ðŸ‡°',NULL,4);
--
-- event_type
--
INSERT INTO app_portfolio.event_type (id, event_type_name) VALUES (1,'USER');
--
-- event
--
INSERT INTO app_portfolio.event (id,event_name,event_type_id) VALUES (1,'SIGNUP',1);
INSERT INTO app_portfolio.event (id,event_name,event_type_id) VALUES (2,'LOGIN',1);
INSERT INTO app_portfolio.event (id,event_name,event_type_id) VALUES (3,'EMAIL_UPDATED',1);
INSERT INTO app_portfolio.event (id,event_name,event_type_id) VALUES (4,'PASSWORD_UPDATED',1);
INSERT INTO app_portfolio.event (id,event_name,event_type_id) VALUES (5,'PASSWORD_RESET',1);
INSERT INTO app_portfolio.event (id,event_name,event_type_id) VALUES (6,'OTP_SENT_SIGNUP',1);
INSERT INTO app_portfolio.event (id,event_name,event_type_id) VALUES (7,'OTP_SENT_LOGIN',1);
INSERT INTO app_portfolio.event (id,event_name,event_type_id) VALUES (8,'OTP_SENT_UNVERIFIED',1);
INSERT INTO app_portfolio.event (id,event_name,event_type_id) VALUES (9,'OTP_SENT_PASSWORD_RESET',1);
INSERT INTO app_portfolio.event (id,event_name,event_type_id) VALUES (10,'OTP_SENT_CHANGE_EMAIL',1);
INSERT INTO app_portfolio.event (id,event_name,event_type_id) VALUES (11,'EMAIL_VERIFIED_SIGNUP',1);
INSERT INTO app_portfolio.event (id,event_name,event_type_id) VALUES (12,'EMAIL_VERIFIED_UNVERIFIED',1);
INSERT INTO app_portfolio.event (id,event_name,event_type_id) VALUES (13,'EMAIL_VERIFIED_PASSWORD_RESET',1);
INSERT INTO app_portfolio.event (id,event_name,event_type_id) VALUES (14,'EMAIL_VERIFIED_CHANGE_EMAIL',1);
INSERT INTO app_portfolio.event (id,event_name,event_type_id) VALUES (15,'LOGIN_NOT_MATCHING_PASSWORD',1);
INSERT INTO app_portfolio.event (id,event_name,event_type_id) VALUES (16,'USER_UPDATED',1);
INSERT INTO app_portfolio.event (id,event_name,event_type_id) VALUES (17,'LOGIN_2FA',1);
INSERT INTO app_portfolio.event (id,event_name,event_type_id) VALUES (18,'USER_SUSPENDED',1);
INSERT INTO app_portfolio.event (id,event_name,event_type_id) VALUES (19,'USER_UNSUSPENDED',1);
INSERT INTO app_portfolio.event (id,event_name,event_type_id) VALUES (20,'LOGIN_SUCCESSFUL_SUSPENDED_ACCOUNT',1);
INSERT INTO app_portfolio.event (id,event_name,event_type_id) VALUES (21,'PHONE_UPDATED',1);
INSERT INTO app_portfolio.event (id,event_name,event_type_id) VALUES (22,'PHONE_VERIFIED_SIGNUP',1);
INSERT INTO app_portfolio.event (id,event_name,event_type_id) VALUES (23,'PHONE_VERIFIED_UNVERIFIED',1);
INSERT INTO app_portfolio.event (id,event_name,event_type_id) VALUES (24,'PHONE_VERIFIED_PASSWORD_RESET',1);
INSERT INTO app_portfolio.event (id,event_name,event_type_id) VALUES (25,'PHONE_VERIFIED_CHANGE_PHONE',1);
INSERT INTO app_portfolio.event (id,event_name,event_type_id) VALUES (26,'PHONE_OTP_SENT_SIGNUP',1);
INSERT INTO app_portfolio.event (id,event_name,event_type_id) VALUES (27,'PHONE_OTP_SENT_LOGIN',1);
INSERT INTO app_portfolio.event (id,event_name,event_type_id) VALUES (28,'PHONE_OTP_UNVERIFIED',1);
INSERT INTO app_portfolio.event (id,event_name,event_type_id) VALUES (29,'PHONE_OTP_PASSWORD_RESET',1);
INSERT INTO app_portfolio.event (id,event_name,event_type_id) VALUES (30,'PHONE_OTP_CHANGE_PHONE',1);
--
-- event_status
--
INSERT INTO app_portfolio.event_status (id,status_name) VALUES (1,'INPROGRESS');
INSERT INTO app_portfolio.event_status (id,status_name) VALUES (2,'SUCCESSFUL');
INSERT INTO app_portfolio.event_status (id,status_name) VALUES (3,'FAILED');
--
-- group_place
--
INSERT INTO app_portfolio.group_place (id, group_name, icon_emoji, icon_url) VALUES (1,'Africa','ðŸŒ',NULL);
INSERT INTO app_portfolio.group_place (id, group_name, icon_emoji, icon_url) VALUES (2,'America','ðŸŒŽ',NULL);
INSERT INTO app_portfolio.group_place (id, group_name, icon_emoji, icon_url) VALUES (3,'Antarctic','ðŸ‡¦ðŸ‡¶',NULL);
INSERT INTO app_portfolio.group_place (id, group_name, icon_emoji, icon_url) VALUES (4,'Asia','ðŸŒ',NULL);
INSERT INTO app_portfolio.group_place (id, group_name, icon_emoji, icon_url) VALUES (5,'Australia/Oceania','ðŸŒ',NULL);
INSERT INTO app_portfolio.group_place (id, group_name, icon_emoji, icon_url) VALUES (6,'Churches','â›ªï¸',NULL);
INSERT INTO app_portfolio.group_place (id, group_name, icon_emoji, icon_url) VALUES (7,'Europe','ðŸŒ',NULL);
INSERT INTO app_portfolio.group_place (id, group_name, icon_emoji, icon_url) VALUES (8,'Mandir','ðŸ›•',NULL);
INSERT INTO app_portfolio.group_place (id, group_name, icon_emoji, icon_url) VALUES (9,'Mosques','ðŸ•Œ',NULL);
INSERT INTO app_portfolio.group_place (id, group_name, icon_emoji, icon_url) VALUES (10,'Mystery places','ðŸ‘½',NULL);
INSERT INTO app_portfolio.group_place (id, group_name, icon_emoji, icon_url) VALUES (11,'Popular places','ðŸ¤©',NULL);
INSERT INTO app_portfolio.group_place (id, group_name, icon_emoji, icon_url) VALUES (12,'Synagogue','ðŸ•',NULL);
--
-- language
--
INSERT INTO app_portfolio.language (id, lang_code) VALUES (1,'ab');
INSERT INTO app_portfolio.language (id, lang_code) VALUES (2,'ace');
INSERT INTO app_portfolio.language (id, lang_code) VALUES (3,'ach');
INSERT INTO app_portfolio.language (id, lang_code) VALUES (4,'ada');
INSERT INTO app_portfolio.language (id, lang_code) VALUES (5,'ady');
INSERT INTO app_portfolio.language (id, lang_code) VALUES (6,'aa');
INSERT INTO app_portfolio.language (id, lang_code) VALUES (7,'afh');
INSERT INTO app_portfolio.language (id, lang_code) VALUES (8,'af');
INSERT INTO app_portfolio.language (id, lang_code) VALUES (9,'agq');
INSERT INTO app_portfolio.language (id, lang_code) VALUES (10,'ain');
INSERT INTO app_portfolio.language (id, lang_code) VALUES (11,'ak');
INSERT INTO app_portfolio.language (id, lang_code) VALUES (12,'akk');
INSERT INTO app_portfolio.language (id, lang_code) VALUES (13,'bss');
INSERT INTO app_portfolio.language (id, lang_code) VALUES (14,'akz');
INSERT INTO app_portfolio.language (id, lang_code) VALUES (15,'sq');
INSERT INTO app_portfolio.language (id, lang_code) VALUES (16,'ale');
INSERT INTO app_portfolio.language (id, lang_code) VALUES (17,'arq');
INSERT INTO app_portfolio.language (id, lang_code) VALUES (18,'en-us');
INSERT INTO app_portfolio.language (id, lang_code) VALUES (19,'ase');
INSERT INTO app_portfolio.language (id, lang_code) VALUES (20,'am');
INSERT INTO app_portfolio.language (id, lang_code) VALUES (21,'egy');
INSERT INTO app_portfolio.language (id, lang_code) VALUES (22,'grc');
INSERT INTO app_portfolio.language (id, lang_code) VALUES (23,'anp');
INSERT INTO app_portfolio.language (id, lang_code) VALUES (24,'njo');
INSERT INTO app_portfolio.language (id, lang_code) VALUES (25,'ar');
INSERT INTO app_portfolio.language (id, lang_code) VALUES (26,'an');
INSERT INTO app_portfolio.language (id, lang_code) VALUES (27,'arc');
INSERT INTO app_portfolio.language (id, lang_code) VALUES (28,'aro');
INSERT INTO app_portfolio.language (id, lang_code) VALUES (29,'arp');
INSERT INTO app_portfolio.language (id, lang_code) VALUES (30,'arw');
INSERT INTO app_portfolio.language (id, lang_code) VALUES (31,'hy');
INSERT INTO app_portfolio.language (id, lang_code) VALUES (32,'rup');
INSERT INTO app_portfolio.language (id, lang_code) VALUES (33,'frp');
INSERT INTO app_portfolio.language (id, lang_code) VALUES (34,'as');
INSERT INTO app_portfolio.language (id, lang_code) VALUES (35,'ast');
INSERT INTO app_portfolio.language (id, lang_code) VALUES (36,'asa');
INSERT INTO app_portfolio.language (id, lang_code) VALUES (37,'cch');
INSERT INTO app_portfolio.language (id, lang_code) VALUES (38,'en-au');
INSERT INTO app_portfolio.language (id, lang_code) VALUES (39,'de-at');
INSERT INTO app_portfolio.language (id, lang_code) VALUES (40,'av');
INSERT INTO app_portfolio.language (id, lang_code) VALUES (41,'ae');
INSERT INTO app_portfolio.language (id, lang_code) VALUES (42,'awa');
INSERT INTO app_portfolio.language (id, lang_code) VALUES (43,'ay');
INSERT INTO app_portfolio.language (id, lang_code) VALUES (44,'az');
INSERT INTO app_portfolio.language (id, lang_code) VALUES (45,'bfq');
INSERT INTO app_portfolio.language (id, lang_code) VALUES (46,'ksf');
INSERT INTO app_portfolio.language (id, lang_code) VALUES (47,'bfd');
INSERT INTO app_portfolio.language (id, lang_code) VALUES (48,'bqi');
INSERT INTO app_portfolio.language (id, lang_code) VALUES (49,'ban');
INSERT INTO app_portfolio.language (id, lang_code) VALUES (50,'bal');
INSERT INTO app_portfolio.language (id, lang_code) VALUES (51,'bm');
INSERT INTO app_portfolio.language (id, lang_code) VALUES (52,'bax');
INSERT INTO app_portfolio.language (id, lang_code) VALUES (53,'bjn');
INSERT INTO app_portfolio.language (id, lang_code) VALUES (54,'bas');
INSERT INTO app_portfolio.language (id, lang_code) VALUES (55,'ba');
INSERT INTO app_portfolio.language (id, lang_code) VALUES (56,'eu');
INSERT INTO app_portfolio.language (id, lang_code) VALUES (57,'bbc');
INSERT INTO app_portfolio.language (id, lang_code) VALUES (58,'bar');
INSERT INTO app_portfolio.language (id, lang_code) VALUES (59,'bej');
INSERT INTO app_portfolio.language (id, lang_code) VALUES (60,'be');
INSERT INTO app_portfolio.language (id, lang_code) VALUES (61,'bem');
INSERT INTO app_portfolio.language (id, lang_code) VALUES (62,'bez');
INSERT INTO app_portfolio.language (id, lang_code) VALUES (63,'bn');
INSERT INTO app_portfolio.language (id, lang_code) VALUES (64,'bew');
INSERT INTO app_portfolio.language (id, lang_code) VALUES (65,'bho');
INSERT INTO app_portfolio.language (id, lang_code) VALUES (66,'bik');
INSERT INTO app_portfolio.language (id, lang_code) VALUES (67,'bin');
INSERT INTO app_portfolio.language (id, lang_code) VALUES (68,'bpy');
INSERT INTO app_portfolio.language (id, lang_code) VALUES (69,'bi');
INSERT INTO app_portfolio.language (id, lang_code) VALUES (70,'byn');
INSERT INTO app_portfolio.language (id, lang_code) VALUES (71,'zbl');
INSERT INTO app_portfolio.language (id, lang_code) VALUES (72,'brx');
INSERT INTO app_portfolio.language (id, lang_code) VALUES (73,'bs');
INSERT INTO app_portfolio.language (id, lang_code) VALUES (74,'brh');
INSERT INTO app_portfolio.language (id, lang_code) VALUES (75,'bra');
INSERT INTO app_portfolio.language (id, lang_code) VALUES (76,'pt-br');
INSERT INTO app_portfolio.language (id, lang_code) VALUES (77,'br');
INSERT INTO app_portfolio.language (id, lang_code) VALUES (78,'en-gb');
INSERT INTO app_portfolio.language (id, lang_code) VALUES (79,'bug');
INSERT INTO app_portfolio.language (id, lang_code) VALUES (80,'bg');
INSERT INTO app_portfolio.language (id, lang_code) VALUES (81,'bum');
INSERT INTO app_portfolio.language (id, lang_code) VALUES (82,'bua');
INSERT INTO app_portfolio.language (id, lang_code) VALUES (83,'my');
INSERT INTO app_portfolio.language (id, lang_code) VALUES (84,'cad');
INSERT INTO app_portfolio.language (id, lang_code) VALUES (85,'frc');
INSERT INTO app_portfolio.language (id, lang_code) VALUES (86,'en-ca');
INSERT INTO app_portfolio.language (id, lang_code) VALUES (87,'fr-ca');
INSERT INTO app_portfolio.language (id, lang_code) VALUES (88,'yue');
INSERT INTO app_portfolio.language (id, lang_code) VALUES (89,'cps');
INSERT INTO app_portfolio.language (id, lang_code) VALUES (90,'car');
INSERT INTO app_portfolio.language (id, lang_code) VALUES (91,'ca');
INSERT INTO app_portfolio.language (id, lang_code) VALUES (92,'cay');
INSERT INTO app_portfolio.language (id, lang_code) VALUES (93,'ceb');
INSERT INTO app_portfolio.language (id, lang_code) VALUES (94,'tzm');
INSERT INTO app_portfolio.language (id, lang_code) VALUES (95,'dtp');
INSERT INTO app_portfolio.language (id, lang_code) VALUES (96,'ckb');
INSERT INTO app_portfolio.language (id, lang_code) VALUES (97,'esu');
INSERT INTO app_portfolio.language (id, lang_code) VALUES (98,'shu');
INSERT INTO app_portfolio.language (id, lang_code) VALUES (99,'chg');
INSERT INTO app_portfolio.language (id, lang_code) VALUES (100,'ch');
INSERT INTO app_portfolio.language (id, lang_code) VALUES (101,'ce');
INSERT INTO app_portfolio.language (id, lang_code) VALUES (102,'chr');
INSERT INTO app_portfolio.language (id, lang_code) VALUES (103,'chy');
INSERT INTO app_portfolio.language (id, lang_code) VALUES (104,'chb');
INSERT INTO app_portfolio.language (id, lang_code) VALUES (105,'cgg');
INSERT INTO app_portfolio.language (id, lang_code) VALUES (106,'qug');
INSERT INTO app_portfolio.language (id, lang_code) VALUES (107,'zh');
INSERT INTO app_portfolio.language (id, lang_code) VALUES (108,'chn');
INSERT INTO app_portfolio.language (id, lang_code) VALUES (109,'chp');
INSERT INTO app_portfolio.language (id, lang_code) VALUES (110,'cho');
INSERT INTO app_portfolio.language (id, lang_code) VALUES (111,'cu');
INSERT INTO app_portfolio.language (id, lang_code) VALUES (112,'chk');
INSERT INTO app_portfolio.language (id, lang_code) VALUES (113,'cv');
INSERT INTO app_portfolio.language (id, lang_code) VALUES (114,'nwc');
INSERT INTO app_portfolio.language (id, lang_code) VALUES (115,'syc');
INSERT INTO app_portfolio.language (id, lang_code) VALUES (116,'ksh');
INSERT INTO app_portfolio.language (id, lang_code) VALUES (117,'swb');
INSERT INTO app_portfolio.language (id, lang_code) VALUES (118,'swc');
INSERT INTO app_portfolio.language (id, lang_code) VALUES (119,'cop');
INSERT INTO app_portfolio.language (id, lang_code) VALUES (120,'kw');
INSERT INTO app_portfolio.language (id, lang_code) VALUES (121,'co');
INSERT INTO app_portfolio.language (id, lang_code) VALUES (122,'cr');
INSERT INTO app_portfolio.language (id, lang_code) VALUES (123,'mus');
INSERT INTO app_portfolio.language (id, lang_code) VALUES (124,'crh');
INSERT INTO app_portfolio.language (id, lang_code) VALUES (125,'hr');
INSERT INTO app_portfolio.language (id, lang_code) VALUES (126,'cs');
INSERT INTO app_portfolio.language (id, lang_code) VALUES (127,'dak');
INSERT INTO app_portfolio.language (id, lang_code) VALUES (128,'da');
INSERT INTO app_portfolio.language (id, lang_code) VALUES (129,'dar');
INSERT INTO app_portfolio.language (id, lang_code) VALUES (130,'dzg');
INSERT INTO app_portfolio.language (id, lang_code) VALUES (131,'del');
INSERT INTO app_portfolio.language (id, lang_code) VALUES (132,'din');
INSERT INTO app_portfolio.language (id, lang_code) VALUES (133,'dv');
INSERT INTO app_portfolio.language (id, lang_code) VALUES (134,'doi');
INSERT INTO app_portfolio.language (id, lang_code) VALUES (135,'dgr');
INSERT INTO app_portfolio.language (id, lang_code) VALUES (136,'dua');
INSERT INTO app_portfolio.language (id, lang_code) VALUES (137,'nl');
INSERT INTO app_portfolio.language (id, lang_code) VALUES (138,'dyu');
INSERT INTO app_portfolio.language (id, lang_code) VALUES (139,'dz');
INSERT INTO app_portfolio.language (id, lang_code) VALUES (140,'frs');
INSERT INTO app_portfolio.language (id, lang_code) VALUES (141,'efi');
INSERT INTO app_portfolio.language (id, lang_code) VALUES (142,'arz');
INSERT INTO app_portfolio.language (id, lang_code) VALUES (143,'eka');
INSERT INTO app_portfolio.language (id, lang_code) VALUES (144,'elx');
INSERT INTO app_portfolio.language (id, lang_code) VALUES (145,'ebu');
INSERT INTO app_portfolio.language (id, lang_code) VALUES (146,'egl');
INSERT INTO app_portfolio.language (id, lang_code) VALUES (147,'en');
INSERT INTO app_portfolio.language (id, lang_code) VALUES (148,'myv');
INSERT INTO app_portfolio.language (id, lang_code) VALUES (149,'eo');
INSERT INTO app_portfolio.language (id, lang_code) VALUES (150,'et');
INSERT INTO app_portfolio.language (id, lang_code) VALUES (151,'pt-pt');
INSERT INTO app_portfolio.language (id, lang_code) VALUES (152,'es-es');
INSERT INTO app_portfolio.language (id, lang_code) VALUES (153,'ee');
INSERT INTO app_portfolio.language (id, lang_code) VALUES (154,'ewo');
INSERT INTO app_portfolio.language (id, lang_code) VALUES (155,'ext');
INSERT INTO app_portfolio.language (id, lang_code) VALUES (156,'fan');
INSERT INTO app_portfolio.language (id, lang_code) VALUES (157,'fat');
INSERT INTO app_portfolio.language (id, lang_code) VALUES (158,'fo');
INSERT INTO app_portfolio.language (id, lang_code) VALUES (159,'hif');
INSERT INTO app_portfolio.language (id, lang_code) VALUES (160,'fj');
INSERT INTO app_portfolio.language (id, lang_code) VALUES (161,'fil');
INSERT INTO app_portfolio.language (id, lang_code) VALUES (162,'fi');
INSERT INTO app_portfolio.language (id, lang_code) VALUES (163,'nl-be');
INSERT INTO app_portfolio.language (id, lang_code) VALUES (164,'fon');
INSERT INTO app_portfolio.language (id, lang_code) VALUES (165,'gur');
INSERT INTO app_portfolio.language (id, lang_code) VALUES (166,'fr');
INSERT INTO app_portfolio.language (id, lang_code) VALUES (167,'fur');
INSERT INTO app_portfolio.language (id, lang_code) VALUES (168,'ff');
INSERT INTO app_portfolio.language (id, lang_code) VALUES (169,'gaa');
INSERT INTO app_portfolio.language (id, lang_code) VALUES (170,'gag');
INSERT INTO app_portfolio.language (id, lang_code) VALUES (171,'gl');
INSERT INTO app_portfolio.language (id, lang_code) VALUES (172,'gan');
INSERT INTO app_portfolio.language (id, lang_code) VALUES (173,'lg');
INSERT INTO app_portfolio.language (id, lang_code) VALUES (174,'gay');
INSERT INTO app_portfolio.language (id, lang_code) VALUES (175,'gba');
INSERT INTO app_portfolio.language (id, lang_code) VALUES (176,'gez');
INSERT INTO app_portfolio.language (id, lang_code) VALUES (177,'ka');
INSERT INTO app_portfolio.language (id, lang_code) VALUES (178,'de');
INSERT INTO app_portfolio.language (id, lang_code) VALUES (179,'aln');
INSERT INTO app_portfolio.language (id, lang_code) VALUES (180,'bbj');
INSERT INTO app_portfolio.language (id, lang_code) VALUES (181,'glk');
INSERT INTO app_portfolio.language (id, lang_code) VALUES (182,'gil');
INSERT INTO app_portfolio.language (id, lang_code) VALUES (183,'gom');
INSERT INTO app_portfolio.language (id, lang_code) VALUES (184,'gon');
INSERT INTO app_portfolio.language (id, lang_code) VALUES (185,'gor');
INSERT INTO app_portfolio.language (id, lang_code) VALUES (186,'got');
INSERT INTO app_portfolio.language (id, lang_code) VALUES (187,'grb');
INSERT INTO app_portfolio.language (id, lang_code) VALUES (188,'el');
INSERT INTO app_portfolio.language (id, lang_code) VALUES (189,'gn');
INSERT INTO app_portfolio.language (id, lang_code) VALUES (190,'gu');
INSERT INTO app_portfolio.language (id, lang_code) VALUES (191,'guz');
INSERT INTO app_portfolio.language (id, lang_code) VALUES (192,'gwi');
INSERT INTO app_portfolio.language (id, lang_code) VALUES (193,'hai');
INSERT INTO app_portfolio.language (id, lang_code) VALUES (194,'ht');
INSERT INTO app_portfolio.language (id, lang_code) VALUES (195,'hak');
INSERT INTO app_portfolio.language (id, lang_code) VALUES (196,'ha');
INSERT INTO app_portfolio.language (id, lang_code) VALUES (197,'haw');
INSERT INTO app_portfolio.language (id, lang_code) VALUES (198,'he');
INSERT INTO app_portfolio.language (id, lang_code) VALUES (199,'hz');
INSERT INTO app_portfolio.language (id, lang_code) VALUES (200,'hil');
INSERT INTO app_portfolio.language (id, lang_code) VALUES (201,'hi');
INSERT INTO app_portfolio.language (id, lang_code) VALUES (202,'ho');
INSERT INTO app_portfolio.language (id, lang_code) VALUES (203,'hit');
INSERT INTO app_portfolio.language (id, lang_code) VALUES (204,'hmn');
INSERT INTO app_portfolio.language (id, lang_code) VALUES (205,'hu');
INSERT INTO app_portfolio.language (id, lang_code) VALUES (206,'hup');
INSERT INTO app_portfolio.language (id, lang_code) VALUES (207,'iba');
INSERT INTO app_portfolio.language (id, lang_code) VALUES (208,'ibb');
INSERT INTO app_portfolio.language (id, lang_code) VALUES (209,'is');
INSERT INTO app_portfolio.language (id, lang_code) VALUES (210,'io');
INSERT INTO app_portfolio.language (id, lang_code) VALUES (211,'ig');
INSERT INTO app_portfolio.language (id, lang_code) VALUES (212,'ilo');
INSERT INTO app_portfolio.language (id, lang_code) VALUES (213,'smn');
INSERT INTO app_portfolio.language (id, lang_code) VALUES (214,'id');
INSERT INTO app_portfolio.language (id, lang_code) VALUES (215,'izh');
INSERT INTO app_portfolio.language (id, lang_code) VALUES (216,'inh');
INSERT INTO app_portfolio.language (id, lang_code) VALUES (217,'ia');
INSERT INTO app_portfolio.language (id, lang_code) VALUES (218,'ie');
INSERT INTO app_portfolio.language (id, lang_code) VALUES (219,'iu');
INSERT INTO app_portfolio.language (id, lang_code) VALUES (220,'ik');
INSERT INTO app_portfolio.language (id, lang_code) VALUES (221,'ga');
INSERT INTO app_portfolio.language (id, lang_code) VALUES (222,'it');
INSERT INTO app_portfolio.language (id, lang_code) VALUES (223,'jam');
INSERT INTO app_portfolio.language (id, lang_code) VALUES (224,'ja');
INSERT INTO app_portfolio.language (id, lang_code) VALUES (225,'jv');
INSERT INTO app_portfolio.language (id, lang_code) VALUES (226,'kaj');
INSERT INTO app_portfolio.language (id, lang_code) VALUES (227,'dyo');
INSERT INTO app_portfolio.language (id, lang_code) VALUES (228,'jrb');
INSERT INTO app_portfolio.language (id, lang_code) VALUES (229,'jpr');
INSERT INTO app_portfolio.language (id, lang_code) VALUES (230,'jut');
INSERT INTO app_portfolio.language (id, lang_code) VALUES (231,'kbd');
INSERT INTO app_portfolio.language (id, lang_code) VALUES (232,'kea');
INSERT INTO app_portfolio.language (id, lang_code) VALUES (233,'kab');
INSERT INTO app_portfolio.language (id, lang_code) VALUES (234,'kac');
INSERT INTO app_portfolio.language (id, lang_code) VALUES (235,'kgp');
INSERT INTO app_portfolio.language (id, lang_code) VALUES (236,'kkj');
INSERT INTO app_portfolio.language (id, lang_code) VALUES (237,'kl');
INSERT INTO app_portfolio.language (id, lang_code) VALUES (238,'kln');
INSERT INTO app_portfolio.language (id, lang_code) VALUES (239,'xal');
INSERT INTO app_portfolio.language (id, lang_code) VALUES (240,'kam');
INSERT INTO app_portfolio.language (id, lang_code) VALUES (241,'kbl');
INSERT INTO app_portfolio.language (id, lang_code) VALUES (242,'kn');
INSERT INTO app_portfolio.language (id, lang_code) VALUES (243,'kr');
INSERT INTO app_portfolio.language (id, lang_code) VALUES (244,'kaa');
INSERT INTO app_portfolio.language (id, lang_code) VALUES (245,'krc');
INSERT INTO app_portfolio.language (id, lang_code) VALUES (246,'krl');
INSERT INTO app_portfolio.language (id, lang_code) VALUES (247,'ks');
INSERT INTO app_portfolio.language (id, lang_code) VALUES (248,'csb');
INSERT INTO app_portfolio.language (id, lang_code) VALUES (249,'kaw');
INSERT INTO app_portfolio.language (id, lang_code) VALUES (250,'kk');
INSERT INTO app_portfolio.language (id, lang_code) VALUES (251,'ken');
INSERT INTO app_portfolio.language (id, lang_code) VALUES (252,'kha');
INSERT INTO app_portfolio.language (id, lang_code) VALUES (253,'km');
INSERT INTO app_portfolio.language (id, lang_code) VALUES (254,'kho');
INSERT INTO app_portfolio.language (id, lang_code) VALUES (255,'khw');
INSERT INTO app_portfolio.language (id, lang_code) VALUES (256,'ki');
INSERT INTO app_portfolio.language (id, lang_code) VALUES (257,'kmb');
INSERT INTO app_portfolio.language (id, lang_code) VALUES (258,'krj');
INSERT INTO app_portfolio.language (id, lang_code) VALUES (259,'rw');
INSERT INTO app_portfolio.language (id, lang_code) VALUES (260,'kiu');
INSERT INTO app_portfolio.language (id, lang_code) VALUES (261,'tlh');
INSERT INTO app_portfolio.language (id, lang_code) VALUES (262,'bkm');
INSERT INTO app_portfolio.language (id, lang_code) VALUES (263,'kv');
INSERT INTO app_portfolio.language (id, lang_code) VALUES (264,'koi');
INSERT INTO app_portfolio.language (id, lang_code) VALUES (265,'kg');
INSERT INTO app_portfolio.language (id, lang_code) VALUES (266,'kok');
INSERT INTO app_portfolio.language (id, lang_code) VALUES (267,'ko');
INSERT INTO app_portfolio.language (id, lang_code) VALUES (268,'kfo');
INSERT INTO app_portfolio.language (id, lang_code) VALUES (269,'kos');
INSERT INTO app_portfolio.language (id, lang_code) VALUES (270,'avk');
INSERT INTO app_portfolio.language (id, lang_code) VALUES (271,'khq');
INSERT INTO app_portfolio.language (id, lang_code) VALUES (272,'ses');
INSERT INTO app_portfolio.language (id, lang_code) VALUES (273,'kpe');
INSERT INTO app_portfolio.language (id, lang_code) VALUES (274,'kri');
INSERT INTO app_portfolio.language (id, lang_code) VALUES (275,'kj');
INSERT INTO app_portfolio.language (id, lang_code) VALUES (276,'kum');
INSERT INTO app_portfolio.language (id, lang_code) VALUES (277,'ku');
INSERT INTO app_portfolio.language (id, lang_code) VALUES (278,'kru');
INSERT INTO app_portfolio.language (id, lang_code) VALUES (279,'kut');
INSERT INTO app_portfolio.language (id, lang_code) VALUES (280,'nmg');
INSERT INTO app_portfolio.language (id, lang_code) VALUES (281,'ky');
INSERT INTO app_portfolio.language (id, lang_code) VALUES (282,'quc');
INSERT INTO app_portfolio.language (id, lang_code) VALUES (283,'lad');
INSERT INTO app_portfolio.language (id, lang_code) VALUES (284,'lah');
INSERT INTO app_portfolio.language (id, lang_code) VALUES (285,'lkt');
INSERT INTO app_portfolio.language (id, lang_code) VALUES (286,'lam');
INSERT INTO app_portfolio.language (id, lang_code) VALUES (287,'lag');
INSERT INTO app_portfolio.language (id, lang_code) VALUES (288,'lo');
INSERT INTO app_portfolio.language (id, lang_code) VALUES (289,'ltg');
INSERT INTO app_portfolio.language (id, lang_code) VALUES (290,'la');
INSERT INTO app_portfolio.language (id, lang_code) VALUES (291,'es-419');
INSERT INTO app_portfolio.language (id, lang_code) VALUES (292,'lv');
INSERT INTO app_portfolio.language (id, lang_code) VALUES (293,'lzz');
INSERT INTO app_portfolio.language (id, lang_code) VALUES (294,'lez');
INSERT INTO app_portfolio.language (id, lang_code) VALUES (295,'lij');
INSERT INTO app_portfolio.language (id, lang_code) VALUES (296,'li');
INSERT INTO app_portfolio.language (id, lang_code) VALUES (297,'ln');
INSERT INTO app_portfolio.language (id, lang_code) VALUES (298,'lfn');
INSERT INTO app_portfolio.language (id, lang_code) VALUES (299,'lzh');
INSERT INTO app_portfolio.language (id, lang_code) VALUES (300,'lt');
INSERT INTO app_portfolio.language (id, lang_code) VALUES (301,'liv');
INSERT INTO app_portfolio.language (id, lang_code) VALUES (302,'jbo');
INSERT INTO app_portfolio.language (id, lang_code) VALUES (303,'lmo');
INSERT INTO app_portfolio.language (id, lang_code) VALUES (304,'nds');
INSERT INTO app_portfolio.language (id, lang_code) VALUES (305,'sli');
INSERT INTO app_portfolio.language (id, lang_code) VALUES (306,'dsb');
INSERT INTO app_portfolio.language (id, lang_code) VALUES (307,'loz');
INSERT INTO app_portfolio.language (id, lang_code) VALUES (308,'lu');
INSERT INTO app_portfolio.language (id, lang_code) VALUES (309,'lua');
INSERT INTO app_portfolio.language (id, lang_code) VALUES (310,'lui');
INSERT INTO app_portfolio.language (id, lang_code) VALUES (311,'smj');
INSERT INTO app_portfolio.language (id, lang_code) VALUES (312,'lun');
INSERT INTO app_portfolio.language (id, lang_code) VALUES (313,'luo');
INSERT INTO app_portfolio.language (id, lang_code) VALUES (314,'lb');
INSERT INTO app_portfolio.language (id, lang_code) VALUES (315,'luy');
INSERT INTO app_portfolio.language (id, lang_code) VALUES (316,'mde');
INSERT INTO app_portfolio.language (id, lang_code) VALUES (317,'mk');
INSERT INTO app_portfolio.language (id, lang_code) VALUES (318,'jmc');
INSERT INTO app_portfolio.language (id, lang_code) VALUES (319,'mad');
INSERT INTO app_portfolio.language (id, lang_code) VALUES (320,'maf');
INSERT INTO app_portfolio.language (id, lang_code) VALUES (321,'mag');
INSERT INTO app_portfolio.language (id, lang_code) VALUES (322,'vmf');
INSERT INTO app_portfolio.language (id, lang_code) VALUES (323,'mai');
INSERT INTO app_portfolio.language (id, lang_code) VALUES (324,'mak');
INSERT INTO app_portfolio.language (id, lang_code) VALUES (325,'mgh');
INSERT INTO app_portfolio.language (id, lang_code) VALUES (326,'kde');
INSERT INTO app_portfolio.language (id, lang_code) VALUES (327,'mg');
INSERT INTO app_portfolio.language (id, lang_code) VALUES (328,'ms');
INSERT INTO app_portfolio.language (id, lang_code) VALUES (329,'ml');
INSERT INTO app_portfolio.language (id, lang_code) VALUES (330,'mt');
INSERT INTO app_portfolio.language (id, lang_code) VALUES (331,'mnc');
INSERT INTO app_portfolio.language (id, lang_code) VALUES (332,'mdr');
INSERT INTO app_portfolio.language (id, lang_code) VALUES (333,'man');
INSERT INTO app_portfolio.language (id, lang_code) VALUES (334,'mni');
INSERT INTO app_portfolio.language (id, lang_code) VALUES (335,'gv');
INSERT INTO app_portfolio.language (id, lang_code) VALUES (336,'mi');
INSERT INTO app_portfolio.language (id, lang_code) VALUES (337,'arn');
INSERT INTO app_portfolio.language (id, lang_code) VALUES (338,'mr');
INSERT INTO app_portfolio.language (id, lang_code) VALUES (339,'chm');
INSERT INTO app_portfolio.language (id, lang_code) VALUES (340,'mh');
INSERT INTO app_portfolio.language (id, lang_code) VALUES (341,'mwr');
INSERT INTO app_portfolio.language (id, lang_code) VALUES (342,'mas');
INSERT INTO app_portfolio.language (id, lang_code) VALUES (343,'mzn');
INSERT INTO app_portfolio.language (id, lang_code) VALUES (344,'byv');
INSERT INTO app_portfolio.language (id, lang_code) VALUES (345,'men');
INSERT INTO app_portfolio.language (id, lang_code) VALUES (346,'mwv');
INSERT INTO app_portfolio.language (id, lang_code) VALUES (347,'mer');
INSERT INTO app_portfolio.language (id, lang_code) VALUES (348,'mgo');
INSERT INTO app_portfolio.language (id, lang_code) VALUES (349,'es-mx');
INSERT INTO app_portfolio.language (id, lang_code) VALUES (350,'mic');
INSERT INTO app_portfolio.language (id, lang_code) VALUES (351,'dum');
INSERT INTO app_portfolio.language (id, lang_code) VALUES (352,'enm');
INSERT INTO app_portfolio.language (id, lang_code) VALUES (353,'frm');
INSERT INTO app_portfolio.language (id, lang_code) VALUES (354,'gmh');
INSERT INTO app_portfolio.language (id, lang_code) VALUES (355,'mga');
INSERT INTO app_portfolio.language (id, lang_code) VALUES (356,'nan');
INSERT INTO app_portfolio.language (id, lang_code) VALUES (357,'min');
INSERT INTO app_portfolio.language (id, lang_code) VALUES (358,'xmf');
INSERT INTO app_portfolio.language (id, lang_code) VALUES (359,'mwl');
INSERT INTO app_portfolio.language (id, lang_code) VALUES (360,'lus');
INSERT INTO app_portfolio.language (id, lang_code) VALUES (361,'ar-001');
INSERT INTO app_portfolio.language (id, lang_code) VALUES (362,'moh');
INSERT INTO app_portfolio.language (id, lang_code) VALUES (363,'mdf');
INSERT INTO app_portfolio.language (id, lang_code) VALUES (364,'ro-md');
INSERT INTO app_portfolio.language (id, lang_code) VALUES (365,'lol');
INSERT INTO app_portfolio.language (id, lang_code) VALUES (366,'mn');
INSERT INTO app_portfolio.language (id, lang_code) VALUES (367,'mfe');
INSERT INTO app_portfolio.language (id, lang_code) VALUES (368,'ary');
INSERT INTO app_portfolio.language (id, lang_code) VALUES (369,'mos');
INSERT INTO app_portfolio.language (id, lang_code) VALUES (370,'mul');
INSERT INTO app_portfolio.language (id, lang_code) VALUES (371,'mua');
INSERT INTO app_portfolio.language (id, lang_code) VALUES (372,'ttt');
INSERT INTO app_portfolio.language (id, lang_code) VALUES (373,'mye');
INSERT INTO app_portfolio.language (id, lang_code) VALUES (374,'naq');
INSERT INTO app_portfolio.language (id, lang_code) VALUES (375,'na');
INSERT INTO app_portfolio.language (id, lang_code) VALUES (376,'nv');
INSERT INTO app_portfolio.language (id, lang_code) VALUES (377,'ng');
INSERT INTO app_portfolio.language (id, lang_code) VALUES (378,'nap');
INSERT INTO app_portfolio.language (id, lang_code) VALUES (379,'ne');
INSERT INTO app_portfolio.language (id, lang_code) VALUES (380,'new');
INSERT INTO app_portfolio.language (id, lang_code) VALUES (381,'sba');
INSERT INTO app_portfolio.language (id, lang_code) VALUES (382,'nnh');
INSERT INTO app_portfolio.language (id, lang_code) VALUES (383,'jgo');
INSERT INTO app_portfolio.language (id, lang_code) VALUES (384,'yrl');
INSERT INTO app_portfolio.language (id, lang_code) VALUES (385,'nia');
INSERT INTO app_portfolio.language (id, lang_code) VALUES (386,'niu');
INSERT INTO app_portfolio.language (id, lang_code) VALUES (387,'zxx');
INSERT INTO app_portfolio.language (id, lang_code) VALUES (388,'nog');
INSERT INTO app_portfolio.language (id, lang_code) VALUES (389,'nd');
INSERT INTO app_portfolio.language (id, lang_code) VALUES (390,'frr');
INSERT INTO app_portfolio.language (id, lang_code) VALUES (391,'se');
INSERT INTO app_portfolio.language (id, lang_code) VALUES (392,'nso');
INSERT INTO app_portfolio.language (id, lang_code) VALUES (393,'no');
INSERT INTO app_portfolio.language (id, lang_code) VALUES (394,'nb');
INSERT INTO app_portfolio.language (id, lang_code) VALUES (395,'nn');
INSERT INTO app_portfolio.language (id, lang_code) VALUES (396,'nov');
INSERT INTO app_portfolio.language (id, lang_code) VALUES (397,'nus');
INSERT INTO app_portfolio.language (id, lang_code) VALUES (398,'nym');
INSERT INTO app_portfolio.language (id, lang_code) VALUES (399,'ny');
INSERT INTO app_portfolio.language (id, lang_code) VALUES (400,'nyn');
INSERT INTO app_portfolio.language (id, lang_code) VALUES (401,'tog');
INSERT INTO app_portfolio.language (id, lang_code) VALUES (402,'nyo');
INSERT INTO app_portfolio.language (id, lang_code) VALUES (403,'nzi');
INSERT INTO app_portfolio.language (id, lang_code) VALUES (404,'nqo');
INSERT INTO app_portfolio.language (id, lang_code) VALUES (405,'oc');
INSERT INTO app_portfolio.language (id, lang_code) VALUES (406,'oj');
INSERT INTO app_portfolio.language (id, lang_code) VALUES (407,'ang');
INSERT INTO app_portfolio.language (id, lang_code) VALUES (408,'fro');
INSERT INTO app_portfolio.language (id, lang_code) VALUES (409,'goh');
INSERT INTO app_portfolio.language (id, lang_code) VALUES (410,'sga');
INSERT INTO app_portfolio.language (id, lang_code) VALUES (411,'non');
INSERT INTO app_portfolio.language (id, lang_code) VALUES (412,'peo');
INSERT INTO app_portfolio.language (id, lang_code) VALUES (413,'pro');
INSERT INTO app_portfolio.language (id, lang_code) VALUES (414,'or');
INSERT INTO app_portfolio.language (id, lang_code) VALUES (415,'om');
INSERT INTO app_portfolio.language (id, lang_code) VALUES (416,'osa');
INSERT INTO app_portfolio.language (id, lang_code) VALUES (417,'os');
INSERT INTO app_portfolio.language (id, lang_code) VALUES (418,'ota');
INSERT INTO app_portfolio.language (id, lang_code) VALUES (419,'pal');
INSERT INTO app_portfolio.language (id, lang_code) VALUES (420,'pfl');
INSERT INTO app_portfolio.language (id, lang_code) VALUES (421,'pau');
INSERT INTO app_portfolio.language (id, lang_code) VALUES (422,'pi');
INSERT INTO app_portfolio.language (id, lang_code) VALUES (423,'pam');
INSERT INTO app_portfolio.language (id, lang_code) VALUES (424,'pag');
INSERT INTO app_portfolio.language (id, lang_code) VALUES (425,'pap');
INSERT INTO app_portfolio.language (id, lang_code) VALUES (426,'ps');
INSERT INTO app_portfolio.language (id, lang_code) VALUES (427,'pdc');
INSERT INTO app_portfolio.language (id, lang_code) VALUES (428,'fa');
INSERT INTO app_portfolio.language (id, lang_code) VALUES (429,'phn');
INSERT INTO app_portfolio.language (id, lang_code) VALUES (430,'pcd');
INSERT INTO app_portfolio.language (id, lang_code) VALUES (431,'pms');
INSERT INTO app_portfolio.language (id, lang_code) VALUES (432,'pdt');
INSERT INTO app_portfolio.language (id, lang_code) VALUES (433,'pon');
INSERT INTO app_portfolio.language (id, lang_code) VALUES (434,'pl');
INSERT INTO app_portfolio.language (id, lang_code) VALUES (435,'pnt');
INSERT INTO app_portfolio.language (id, lang_code) VALUES (436,'pt');
INSERT INTO app_portfolio.language (id, lang_code) VALUES (437,'prg');
INSERT INTO app_portfolio.language (id, lang_code) VALUES (438,'pa');
INSERT INTO app_portfolio.language (id, lang_code) VALUES (439,'qu');
INSERT INTO app_portfolio.language (id, lang_code) VALUES (440,'raj');
INSERT INTO app_portfolio.language (id, lang_code) VALUES (441,'rap');
INSERT INTO app_portfolio.language (id, lang_code) VALUES (442,'rar');
INSERT INTO app_portfolio.language (id, lang_code) VALUES (443,'rif');
INSERT INTO app_portfolio.language (id, lang_code) VALUES (444,'rgn');
INSERT INTO app_portfolio.language (id, lang_code) VALUES (445,'ro');
INSERT INTO app_portfolio.language (id, lang_code) VALUES (446,'rm');
INSERT INTO app_portfolio.language (id, lang_code) VALUES (447,'rom');
INSERT INTO app_portfolio.language (id, lang_code) VALUES (448,'rof');
INSERT INTO app_portfolio.language (id, lang_code) VALUES (449,'root');
INSERT INTO app_portfolio.language (id, lang_code) VALUES (450,'rtm');
INSERT INTO app_portfolio.language (id, lang_code) VALUES (451,'rug');
INSERT INTO app_portfolio.language (id, lang_code) VALUES (452,'rn');
INSERT INTO app_portfolio.language (id, lang_code) VALUES (453,'ru');
INSERT INTO app_portfolio.language (id, lang_code) VALUES (454,'rue');
INSERT INTO app_portfolio.language (id, lang_code) VALUES (455,'rwk');
INSERT INTO app_portfolio.language (id, lang_code) VALUES (456,'ssy');
INSERT INTO app_portfolio.language (id, lang_code) VALUES (457,'sah');
INSERT INTO app_portfolio.language (id, lang_code) VALUES (458,'sam');
INSERT INTO app_portfolio.language (id, lang_code) VALUES (459,'saq');
INSERT INTO app_portfolio.language (id, lang_code) VALUES (460,'sm');
INSERT INTO app_portfolio.language (id, lang_code) VALUES (461,'sgs');
INSERT INTO app_portfolio.language (id, lang_code) VALUES (462,'sad');
INSERT INTO app_portfolio.language (id, lang_code) VALUES (463,'sg');
INSERT INTO app_portfolio.language (id, lang_code) VALUES (464,'sbp');
INSERT INTO app_portfolio.language (id, lang_code) VALUES (465,'sa');
INSERT INTO app_portfolio.language (id, lang_code) VALUES (466,'sat');
INSERT INTO app_portfolio.language (id, lang_code) VALUES (467,'sc');
INSERT INTO app_portfolio.language (id, lang_code) VALUES (468,'sas');
INSERT INTO app_portfolio.language (id, lang_code) VALUES (469,'sdc');
INSERT INTO app_portfolio.language (id, lang_code) VALUES (470,'stq');
INSERT INTO app_portfolio.language (id, lang_code) VALUES (471,'saz');
INSERT INTO app_portfolio.language (id, lang_code) VALUES (472,'sco');
INSERT INTO app_portfolio.language (id, lang_code) VALUES (473,'gd');
INSERT INTO app_portfolio.language (id, lang_code) VALUES (474,'sly');
INSERT INTO app_portfolio.language (id, lang_code) VALUES (475,'sel');
INSERT INTO app_portfolio.language (id, lang_code) VALUES (476,'seh');
INSERT INTO app_portfolio.language (id, lang_code) VALUES (477,'see');
INSERT INTO app_portfolio.language (id, lang_code) VALUES (478,'sr');
INSERT INTO app_portfolio.language (id, lang_code) VALUES (479,'sh');
INSERT INTO app_portfolio.language (id, lang_code) VALUES (480,'srr');
INSERT INTO app_portfolio.language (id, lang_code) VALUES (481,'sei');
INSERT INTO app_portfolio.language (id, lang_code) VALUES (482,'ksb');
INSERT INTO app_portfolio.language (id, lang_code) VALUES (483,'shn');
INSERT INTO app_portfolio.language (id, lang_code) VALUES (484,'sn');
INSERT INTO app_portfolio.language (id, lang_code) VALUES (485,'ii');
INSERT INTO app_portfolio.language (id, lang_code) VALUES (486,'scn');
INSERT INTO app_portfolio.language (id, lang_code) VALUES (487,'sid');
INSERT INTO app_portfolio.language (id, lang_code) VALUES (488,'bla');
INSERT INTO app_portfolio.language (id, lang_code) VALUES (489,'szl');
INSERT INTO app_portfolio.language (id, lang_code) VALUES (490,'zh-hans');
INSERT INTO app_portfolio.language (id, lang_code) VALUES (491,'sd');
INSERT INTO app_portfolio.language (id, lang_code) VALUES (492,'si');
INSERT INTO app_portfolio.language (id, lang_code) VALUES (493,'sms');
INSERT INTO app_portfolio.language (id, lang_code) VALUES (494,'den');
INSERT INTO app_portfolio.language (id, lang_code) VALUES (495,'sk');
INSERT INTO app_portfolio.language (id, lang_code) VALUES (496,'sl');
INSERT INTO app_portfolio.language (id, lang_code) VALUES (497,'xog');
INSERT INTO app_portfolio.language (id, lang_code) VALUES (498,'sog');
INSERT INTO app_portfolio.language (id, lang_code) VALUES (499,'so');
INSERT INTO app_portfolio.language (id, lang_code) VALUES (500,'snk');
INSERT INTO app_portfolio.language (id, lang_code) VALUES (501,'azb');
INSERT INTO app_portfolio.language (id, lang_code) VALUES (502,'nr');
INSERT INTO app_portfolio.language (id, lang_code) VALUES (503,'alt');
INSERT INTO app_portfolio.language (id, lang_code) VALUES (504,'sma');
INSERT INTO app_portfolio.language (id, lang_code) VALUES (505,'st');
INSERT INTO app_portfolio.language (id, lang_code) VALUES (506,'es');
INSERT INTO app_portfolio.language (id, lang_code) VALUES (507,'srn');
INSERT INTO app_portfolio.language (id, lang_code) VALUES (508,'zgh');
INSERT INTO app_portfolio.language (id, lang_code) VALUES (509,'suk');
INSERT INTO app_portfolio.language (id, lang_code) VALUES (510,'sux');
INSERT INTO app_portfolio.language (id, lang_code) VALUES (511,'su');
INSERT INTO app_portfolio.language (id, lang_code) VALUES (512,'sus');
INSERT INTO app_portfolio.language (id, lang_code) VALUES (513,'sw');
INSERT INTO app_portfolio.language (id, lang_code) VALUES (514,'ss');
INSERT INTO app_portfolio.language (id, lang_code) VALUES (515,'sv');
INSERT INTO app_portfolio.language (id, lang_code) VALUES (516,'fr-ch');
INSERT INTO app_portfolio.language (id, lang_code) VALUES (517,'gsw');
INSERT INTO app_portfolio.language (id, lang_code) VALUES (518,'de-ch');
INSERT INTO app_portfolio.language (id, lang_code) VALUES (519,'syr');
INSERT INTO app_portfolio.language (id, lang_code) VALUES (520,'shi');
INSERT INTO app_portfolio.language (id, lang_code) VALUES (521,'tl');
INSERT INTO app_portfolio.language (id, lang_code) VALUES (522,'ty');
INSERT INTO app_portfolio.language (id, lang_code) VALUES (523,'dav');
INSERT INTO app_portfolio.language (id, lang_code) VALUES (524,'tg');
INSERT INTO app_portfolio.language (id, lang_code) VALUES (525,'tly');
INSERT INTO app_portfolio.language (id, lang_code) VALUES (526,'tmh');
INSERT INTO app_portfolio.language (id, lang_code) VALUES (527,'ta');
INSERT INTO app_portfolio.language (id, lang_code) VALUES (528,'trv');
INSERT INTO app_portfolio.language (id, lang_code) VALUES (529,'twq');
INSERT INTO app_portfolio.language (id, lang_code) VALUES (530,'tt');
INSERT INTO app_portfolio.language (id, lang_code) VALUES (531,'te');
INSERT INTO app_portfolio.language (id, lang_code) VALUES (532,'ter');
INSERT INTO app_portfolio.language (id, lang_code) VALUES (533,'teo');
INSERT INTO app_portfolio.language (id, lang_code) VALUES (534,'tet');
INSERT INTO app_portfolio.language (id, lang_code) VALUES (535,'th');
INSERT INTO app_portfolio.language (id, lang_code) VALUES (536,'bo');
INSERT INTO app_portfolio.language (id, lang_code) VALUES (537,'tig');
INSERT INTO app_portfolio.language (id, lang_code) VALUES (538,'ti');
INSERT INTO app_portfolio.language (id, lang_code) VALUES (539,'tem');
INSERT INTO app_portfolio.language (id, lang_code) VALUES (540,'tiv');
INSERT INTO app_portfolio.language (id, lang_code) VALUES (541,'tli');
INSERT INTO app_portfolio.language (id, lang_code) VALUES (542,'tpi');
INSERT INTO app_portfolio.language (id, lang_code) VALUES (543,'tkl');
INSERT INTO app_portfolio.language (id, lang_code) VALUES (544,'to');
INSERT INTO app_portfolio.language (id, lang_code) VALUES (545,'fit');
INSERT INTO app_portfolio.language (id, lang_code) VALUES (546,'zh-hant');
INSERT INTO app_portfolio.language (id, lang_code) VALUES (547,'tkr');
INSERT INTO app_portfolio.language (id, lang_code) VALUES (548,'tsd');
INSERT INTO app_portfolio.language (id, lang_code) VALUES (549,'tsi');
INSERT INTO app_portfolio.language (id, lang_code) VALUES (550,'ts');
INSERT INTO app_portfolio.language (id, lang_code) VALUES (551,'tn');
INSERT INTO app_portfolio.language (id, lang_code) VALUES (552,'tcy');
INSERT INTO app_portfolio.language (id, lang_code) VALUES (553,'tum');
INSERT INTO app_portfolio.language (id, lang_code) VALUES (554,'aeb');
INSERT INTO app_portfolio.language (id, lang_code) VALUES (555,'tr');
INSERT INTO app_portfolio.language (id, lang_code) VALUES (556,'tk');
INSERT INTO app_portfolio.language (id, lang_code) VALUES (557,'tru');
INSERT INTO app_portfolio.language (id, lang_code) VALUES (558,'tvl');
INSERT INTO app_portfolio.language (id, lang_code) VALUES (559,'tyv');
INSERT INTO app_portfolio.language (id, lang_code) VALUES (560,'tw');
INSERT INTO app_portfolio.language (id, lang_code) VALUES (561,'kcg');
INSERT INTO app_portfolio.language (id, lang_code) VALUES (562,'udm');
INSERT INTO app_portfolio.language (id, lang_code) VALUES (563,'uga');
INSERT INTO app_portfolio.language (id, lang_code) VALUES (564,'uk');
INSERT INTO app_portfolio.language (id, lang_code) VALUES (565,'umb');
INSERT INTO app_portfolio.language (id, lang_code) VALUES (566,'und');
INSERT INTO app_portfolio.language (id, lang_code) VALUES (567,'hsb');
INSERT INTO app_portfolio.language (id, lang_code) VALUES (568,'ur');
INSERT INTO app_portfolio.language (id, lang_code) VALUES (569,'ug');
INSERT INTO app_portfolio.language (id, lang_code) VALUES (570,'uz');
INSERT INTO app_portfolio.language (id, lang_code) VALUES (571,'vai');
INSERT INTO app_portfolio.language (id, lang_code) VALUES (572,'ve');
INSERT INTO app_portfolio.language (id, lang_code) VALUES (573,'vec');
INSERT INTO app_portfolio.language (id, lang_code) VALUES (574,'vep');
INSERT INTO app_portfolio.language (id, lang_code) VALUES (575,'vi');
INSERT INTO app_portfolio.language (id, lang_code) VALUES (576,'vo');
INSERT INTO app_portfolio.language (id, lang_code) VALUES (577,'vro');
INSERT INTO app_portfolio.language (id, lang_code) VALUES (578,'vot');
INSERT INTO app_portfolio.language (id, lang_code) VALUES (579,'vun');
INSERT INTO app_portfolio.language (id, lang_code) VALUES (580,'wa');
INSERT INTO app_portfolio.language (id, lang_code) VALUES (581,'wae');
INSERT INTO app_portfolio.language (id, lang_code) VALUES (582,'war');
INSERT INTO app_portfolio.language (id, lang_code) VALUES (583,'wbp');
INSERT INTO app_portfolio.language (id, lang_code) VALUES (584,'was');
INSERT INTO app_portfolio.language (id, lang_code) VALUES (585,'guc');
INSERT INTO app_portfolio.language (id, lang_code) VALUES (586,'cy');
INSERT INTO app_portfolio.language (id, lang_code) VALUES (587,'vls');
INSERT INTO app_portfolio.language (id, lang_code) VALUES (588,'fy');
INSERT INTO app_portfolio.language (id, lang_code) VALUES (589,'mrj');
INSERT INTO app_portfolio.language (id, lang_code) VALUES (590,'wal');
INSERT INTO app_portfolio.language (id, lang_code) VALUES (591,'wo');
INSERT INTO app_portfolio.language (id, lang_code) VALUES (592,'wuu');
INSERT INTO app_portfolio.language (id, lang_code) VALUES (593,'xh');
INSERT INTO app_portfolio.language (id, lang_code) VALUES (594,'hsn');
INSERT INTO app_portfolio.language (id, lang_code) VALUES (595,'yav');
INSERT INTO app_portfolio.language (id, lang_code) VALUES (596,'yao');
INSERT INTO app_portfolio.language (id, lang_code) VALUES (597,'yap');
INSERT INTO app_portfolio.language (id, lang_code) VALUES (598,'ybb');
INSERT INTO app_portfolio.language (id, lang_code) VALUES (599,'yi');
INSERT INTO app_portfolio.language (id, lang_code) VALUES (600,'yo');
INSERT INTO app_portfolio.language (id, lang_code) VALUES (601,'zap');
INSERT INTO app_portfolio.language (id, lang_code) VALUES (602,'dje');
INSERT INTO app_portfolio.language (id, lang_code) VALUES (603,'zza');
INSERT INTO app_portfolio.language (id, lang_code) VALUES (604,'zea');
INSERT INTO app_portfolio.language (id, lang_code) VALUES (605,'zen');
INSERT INTO app_portfolio.language (id, lang_code) VALUES (606,'za');
INSERT INTO app_portfolio.language (id, lang_code) VALUES (607,'gbz');
INSERT INTO app_portfolio.language (id, lang_code) VALUES (608,'zu');
INSERT INTO app_portfolio.language (id, lang_code) VALUES (609,'zun');
INSERT INTO app_portfolio.language (id, lang_code) VALUES (1024,'az-cyrl');
INSERT INTO app_portfolio.language (id, lang_code) VALUES (1025,'az-latn');
INSERT INTO app_portfolio.language (id, lang_code) VALUES (1026,'bm-latn');
INSERT INTO app_portfolio.language (id, lang_code) VALUES (1027,'bs-cyrl');
INSERT INTO app_portfolio.language (id, lang_code) VALUES (1028,'bs-latn');
INSERT INTO app_portfolio.language (id, lang_code) VALUES (1029,'ha-latn');
INSERT INTO app_portfolio.language (id, lang_code) VALUES (1030,'ks-arab');
INSERT INTO app_portfolio.language (id, lang_code) VALUES (1031,'kk-cyrl');
INSERT INTO app_portfolio.language (id, lang_code) VALUES (1032,'ky-cyrl');
INSERT INTO app_portfolio.language (id, lang_code) VALUES (1033,'ms-latn');
INSERT INTO app_portfolio.language (id, lang_code) VALUES (1034,'mn-cyrl');
INSERT INTO app_portfolio.language (id, lang_code) VALUES (1035,'pa-arab');
INSERT INTO app_portfolio.language (id, lang_code) VALUES (1036,'pa-guru');
INSERT INTO app_portfolio.language (id, lang_code) VALUES (1037,'sr-cyrl');
INSERT INTO app_portfolio.language (id, lang_code) VALUES (1038,'sr-latn');
INSERT INTO app_portfolio.language (id, lang_code) VALUES (1039,'ug-arab');
INSERT INTO app_portfolio.language (id, lang_code) VALUES (1040,'uz-arab');
INSERT INTO app_portfolio.language (id, lang_code) VALUES (1041,'uz-cyrl');
INSERT INTO app_portfolio.language (id, lang_code) VALUES (1042,'uz-latn');
--
-- locale
--
INSERT INTO app_portfolio.locale (language_id, country_id) VALUES (8,402);
INSERT INTO app_portfolio.locale (language_id, country_id) VALUES (8,449);
INSERT INTO app_portfolio.locale (language_id, country_id) VALUES (11,336);
INSERT INTO app_portfolio.locale (language_id, country_id) VALUES (15,253);
INSERT INTO app_portfolio.locale (language_id, country_id) VALUES (15,414);
INSERT INTO app_portfolio.locale (language_id, country_id) VALUES (20,323);
INSERT INTO app_portfolio.locale (language_id, country_id) VALUES (25,254);
INSERT INTO app_portfolio.locale (language_id, country_id) VALUES (25,268);
INSERT INTO app_portfolio.locale (language_id, country_id) VALUES (25,295);
INSERT INTO app_portfolio.locale (language_id, country_id) VALUES (25,301);
INSERT INTO app_portfolio.locale (language_id, country_id) VALUES (25,313);
INSERT INTO app_portfolio.locale (language_id, country_id) VALUES (25,317);
INSERT INTO app_portfolio.locale (language_id, country_id) VALUES (25,320);
INSERT INTO app_portfolio.locale (language_id, country_id) VALUES (25,357);
INSERT INTO app_portfolio.locale (language_id, country_id) VALUES (25,360);
INSERT INTO app_portfolio.locale (language_id, country_id) VALUES (25,365);
INSERT INTO app_portfolio.locale (language_id, country_id) VALUES (25,369);
INSERT INTO app_portfolio.locale (language_id, country_id) VALUES (25,373);
INSERT INTO app_portfolio.locale (language_id, country_id) VALUES (25,376);
INSERT INTO app_portfolio.locale (language_id, country_id) VALUES (25,389);
INSERT INTO app_portfolio.locale (language_id, country_id) VALUES (25,399);
INSERT INTO app_portfolio.locale (language_id, country_id) VALUES (25,417);
INSERT INTO app_portfolio.locale (language_id, country_id) VALUES (25,420);
INSERT INTO app_portfolio.locale (language_id, country_id) VALUES (25,430);
INSERT INTO app_portfolio.locale (language_id, country_id) VALUES (25,438);
INSERT INTO app_portfolio.locale (language_id, country_id) VALUES (25,448);
INSERT INTO app_portfolio.locale (language_id, country_id) VALUES (25,452);
INSERT INTO app_portfolio.locale (language_id, country_id) VALUES (25,462);
INSERT INTO app_portfolio.locale (language_id, country_id) VALUES (25,467);
INSERT INTO app_portfolio.locale (language_id, country_id) VALUES (25,477);
INSERT INTO app_portfolio.locale (language_id, country_id) VALUES (25,486);
INSERT INTO app_portfolio.locale (language_id, country_id) VALUES (25,496);
INSERT INTO app_portfolio.locale (language_id, country_id) VALUES (25,497);
INSERT INTO app_portfolio.locale (language_id, country_id) VALUES (31,262);
INSERT INTO app_portfolio.locale (language_id, country_id) VALUES (34,354);
INSERT INTO app_portfolio.locale (language_id, country_id) VALUES (44,266);
INSERT INTO app_portfolio.locale (language_id, country_id) VALUES (56,453);
INSERT INTO app_portfolio.locale (language_id, country_id) VALUES (60,271);
INSERT INTO app_portfolio.locale (language_id, country_id) VALUES (63,269);
INSERT INTO app_portfolio.locale (language_id, country_id) VALUES (63,354);
INSERT INTO app_portfolio.locale (language_id, country_id) VALUES (73,278);
INSERT INTO app_portfolio.locale (language_id, country_id) VALUES (77,328);
INSERT INTO app_portfolio.locale (language_id, country_id) VALUES (80,285);
INSERT INTO app_portfolio.locale (language_id, country_id) VALUES (83,401);
INSERT INTO app_portfolio.locale (language_id, country_id) VALUES (91,256);
INSERT INTO app_portfolio.locale (language_id, country_id) VALUES (91,328);
INSERT INTO app_portfolio.locale (language_id, country_id) VALUES (91,361);
INSERT INTO app_portfolio.locale (language_id, country_id) VALUES (91,453);
INSERT INTO app_portfolio.locale (language_id, country_id) VALUES (107,297);
INSERT INTO app_portfolio.locale (language_id, country_id) VALUES (107,351);
INSERT INTO app_portfolio.locale (language_id, country_id) VALUES (107,380);
INSERT INTO app_portfolio.locale (language_id, country_id) VALUES (107,443);
INSERT INTO app_portfolio.locale (language_id, country_id) VALUES (107,468);
INSERT INTO app_portfolio.locale (language_id, country_id) VALUES (120,487);
INSERT INTO app_portfolio.locale (language_id, country_id) VALUES (125,278);
INSERT INTO app_portfolio.locale (language_id, country_id) VALUES (125,307);
INSERT INTO app_portfolio.locale (language_id, country_id) VALUES (126,311);
INSERT INTO app_portfolio.locale (language_id, country_id) VALUES (128,312);
INSERT INTO app_portfolio.locale (language_id, country_id) VALUES (128,339);
INSERT INTO app_portfolio.locale (language_id, country_id) VALUES (137,263);
INSERT INTO app_portfolio.locale (language_id, country_id) VALUES (137,272);
INSERT INTO app_portfolio.locale (language_id, country_id) VALUES (137,292);
INSERT INTO app_portfolio.locale (language_id, country_id) VALUES (137,309);
INSERT INTO app_portfolio.locale (language_id, country_id) VALUES (137,405);
INSERT INTO app_portfolio.locale (language_id, country_id) VALUES (137,444);
INSERT INTO app_portfolio.locale (language_id, country_id) VALUES (137,463);
INSERT INTO app_portfolio.locale (language_id, country_id) VALUES (139,276);
INSERT INTO app_portfolio.locale (language_id, country_id) VALUES (147,255);
INSERT INTO app_portfolio.locale (language_id, country_id) VALUES (147,258);
INSERT INTO app_portfolio.locale (language_id, country_id) VALUES (147,260);
INSERT INTO app_portfolio.locale (language_id, country_id) VALUES (147,264);
INSERT INTO app_portfolio.locale (language_id, country_id) VALUES (147,267);
INSERT INTO app_portfolio.locale (language_id, country_id) VALUES (147,270);
INSERT INTO app_portfolio.locale (language_id, country_id) VALUES (147,272);
INSERT INTO app_portfolio.locale (language_id, country_id) VALUES (147,273);
INSERT INTO app_portfolio.locale (language_id, country_id) VALUES (147,275);
INSERT INTO app_portfolio.locale (language_id, country_id) VALUES (147,279);
INSERT INTO app_portfolio.locale (language_id, country_id) VALUES (147,282);
INSERT INTO app_portfolio.locale (language_id, country_id) VALUES (147,283);
INSERT INTO app_portfolio.locale (language_id, country_id) VALUES (147,289);
INSERT INTO app_portfolio.locale (language_id, country_id) VALUES (147,290);
INSERT INTO app_portfolio.locale (language_id, country_id) VALUES (147,293);
INSERT INTO app_portfolio.locale (language_id, country_id) VALUES (147,298);
INSERT INTO app_portfolio.locale (language_id, country_id) VALUES (147,299);
INSERT INTO app_portfolio.locale (language_id, country_id) VALUES (147,304);
INSERT INTO app_portfolio.locale (language_id, country_id) VALUES (147,314);
INSERT INTO app_portfolio.locale (language_id, country_id) VALUES (147,320);
INSERT INTO app_portfolio.locale (language_id, country_id) VALUES (147,322);
INSERT INTO app_portfolio.locale (language_id, country_id) VALUES (147,324);
INSERT INTO app_portfolio.locale (language_id, country_id) VALUES (147,326);
INSERT INTO app_portfolio.locale (language_id, country_id) VALUES (147,333);
INSERT INTO app_portfolio.locale (language_id, country_id) VALUES (147,336);
INSERT INTO app_portfolio.locale (language_id, country_id) VALUES (147,337);
INSERT INTO app_portfolio.locale (language_id, country_id) VALUES (147,340);
INSERT INTO app_portfolio.locale (language_id, country_id) VALUES (147,342);
INSERT INTO app_portfolio.locale (language_id, country_id) VALUES (147,344);
INSERT INTO app_portfolio.locale (language_id, country_id) VALUES (147,347);
INSERT INTO app_portfolio.locale (language_id, country_id) VALUES (147,351);
INSERT INTO app_portfolio.locale (language_id, country_id) VALUES (147,354);
INSERT INTO app_portfolio.locale (language_id, country_id) VALUES (147,358);
INSERT INTO app_portfolio.locale (language_id, country_id) VALUES (147,359);
INSERT INTO app_portfolio.locale (language_id, country_id) VALUES (147,362);
INSERT INTO app_portfolio.locale (language_id, country_id) VALUES (147,364);
INSERT INTO app_portfolio.locale (language_id, country_id) VALUES (147,367);
INSERT INTO app_portfolio.locale (language_id, country_id) VALUES (147,368);
INSERT INTO app_portfolio.locale (language_id, country_id) VALUES (147,374);
INSERT INTO app_portfolio.locale (language_id, country_id) VALUES (147,375);
INSERT INTO app_portfolio.locale (language_id, country_id) VALUES (147,380);
INSERT INTO app_portfolio.locale (language_id, country_id) VALUES (147,381);
INSERT INTO app_portfolio.locale (language_id, country_id) VALUES (147,382);
INSERT INTO app_portfolio.locale (language_id, country_id) VALUES (147,383);
INSERT INTO app_portfolio.locale (language_id, country_id) VALUES (147,386);
INSERT INTO app_portfolio.locale (language_id, country_id) VALUES (147,387);
INSERT INTO app_portfolio.locale (language_id, country_id) VALUES (147,390);
INSERT INTO app_portfolio.locale (language_id, country_id) VALUES (147,393);
INSERT INTO app_portfolio.locale (language_id, country_id) VALUES (147,398);
INSERT INTO app_portfolio.locale (language_id, country_id) VALUES (147,402);
INSERT INTO app_portfolio.locale (language_id, country_id) VALUES (147,403);
INSERT INTO app_portfolio.locale (language_id, country_id) VALUES (147,407);
INSERT INTO app_portfolio.locale (language_id, country_id) VALUES (147,410);
INSERT INTO app_portfolio.locale (language_id, country_id) VALUES (147,411);
INSERT INTO app_portfolio.locale (language_id, country_id) VALUES (147,412);
INSERT INTO app_portfolio.locale (language_id, country_id) VALUES (147,415);
INSERT INTO app_portfolio.locale (language_id, country_id) VALUES (147,418);
INSERT INTO app_portfolio.locale (language_id, country_id) VALUES (147,419);
INSERT INTO app_portfolio.locale (language_id, country_id) VALUES (147,422);
INSERT INTO app_portfolio.locale (language_id, country_id) VALUES (147,425);
INSERT INTO app_portfolio.locale (language_id, country_id) VALUES (147,426);
INSERT INTO app_portfolio.locale (language_id, country_id) VALUES (147,429);
INSERT INTO app_portfolio.locale (language_id, country_id) VALUES (147,434);
INSERT INTO app_portfolio.locale (language_id, country_id) VALUES (147,435);
INSERT INTO app_portfolio.locale (language_id, country_id) VALUES (147,441);
INSERT INTO app_portfolio.locale (language_id, country_id) VALUES (147,442);
INSERT INTO app_portfolio.locale (language_id, country_id) VALUES (147,443);
INSERT INTO app_portfolio.locale (language_id, country_id) VALUES (147,444);
INSERT INTO app_portfolio.locale (language_id, country_id) VALUES (147,447);
INSERT INTO app_portfolio.locale (language_id, country_id) VALUES (147,449);
INSERT INTO app_portfolio.locale (language_id, country_id) VALUES (147,452);
INSERT INTO app_portfolio.locale (language_id, country_id) VALUES (147,456);
INSERT INTO app_portfolio.locale (language_id, country_id) VALUES (147,457);
INSERT INTO app_portfolio.locale (language_id, country_id) VALUES (147,458);
INSERT INTO app_portfolio.locale (language_id, country_id) VALUES (147,461);
INSERT INTO app_portfolio.locale (language_id, country_id) VALUES (147,462);
INSERT INTO app_portfolio.locale (language_id, country_id) VALUES (147,470);
INSERT INTO app_portfolio.locale (language_id, country_id) VALUES (147,474);
INSERT INTO app_portfolio.locale (language_id, country_id) VALUES (147,475);
INSERT INTO app_portfolio.locale (language_id, country_id) VALUES (147,476);
INSERT INTO app_portfolio.locale (language_id, country_id) VALUES (147,480);
INSERT INTO app_portfolio.locale (language_id, country_id) VALUES (147,481);
INSERT INTO app_portfolio.locale (language_id, country_id) VALUES (147,482);
INSERT INTO app_portfolio.locale (language_id, country_id) VALUES (147,483);
INSERT INTO app_portfolio.locale (language_id, country_id) VALUES (147,484);
INSERT INTO app_portfolio.locale (language_id, country_id) VALUES (147,487);
INSERT INTO app_portfolio.locale (language_id, country_id) VALUES (147,488);
INSERT INTO app_portfolio.locale (language_id, country_id) VALUES (147,491);
INSERT INTO app_portfolio.locale (language_id, country_id) VALUES (147,498);
INSERT INTO app_portfolio.locale (language_id, country_id) VALUES (147,499);
INSERT INTO app_portfolio.locale (language_id, country_id) VALUES (150,321);
INSERT INTO app_portfolio.locale (language_id, country_id) VALUES (153,336);
INSERT INTO app_portfolio.locale (language_id, country_id) VALUES (153,473);
INSERT INTO app_portfolio.locale (language_id, country_id) VALUES (158,325);
INSERT INTO app_portfolio.locale (language_id, country_id) VALUES (162,327);
INSERT INTO app_portfolio.locale (language_id, country_id) VALUES (166,254);
INSERT INTO app_portfolio.locale (language_id, country_id) VALUES (166,272);
INSERT INTO app_portfolio.locale (language_id, country_id) VALUES (166,274);
INSERT INTO app_portfolio.locale (language_id, country_id) VALUES (166,286);
INSERT INTO app_portfolio.locale (language_id, country_id) VALUES (166,287);
INSERT INTO app_portfolio.locale (language_id, country_id) VALUES (166,289);
INSERT INTO app_portfolio.locale (language_id, country_id) VALUES (166,290);
INSERT INTO app_portfolio.locale (language_id, country_id) VALUES (166,294);
INSERT INTO app_portfolio.locale (language_id, country_id) VALUES (166,295);
INSERT INTO app_portfolio.locale (language_id, country_id) VALUES (166,301);
INSERT INTO app_portfolio.locale (language_id, country_id) VALUES (166,302);
INSERT INTO app_portfolio.locale (language_id, country_id) VALUES (166,303);
INSERT INTO app_portfolio.locale (language_id, country_id) VALUES (166,306);
INSERT INTO app_portfolio.locale (language_id, country_id) VALUES (166,313);
INSERT INTO app_portfolio.locale (language_id, country_id) VALUES (166,319);
INSERT INTO app_portfolio.locale (language_id, country_id) VALUES (166,328);
INSERT INTO app_portfolio.locale (language_id, country_id) VALUES (166,329);
INSERT INTO app_portfolio.locale (language_id, country_id) VALUES (166,330);
INSERT INTO app_portfolio.locale (language_id, country_id) VALUES (166,332);
INSERT INTO app_portfolio.locale (language_id, country_id) VALUES (166,341);
INSERT INTO app_portfolio.locale (language_id, country_id) VALUES (166,345);
INSERT INTO app_portfolio.locale (language_id, country_id) VALUES (166,348);
INSERT INTO app_portfolio.locale (language_id, country_id) VALUES (166,379);
INSERT INTO app_portfolio.locale (language_id, country_id) VALUES (166,381);
INSERT INTO app_portfolio.locale (language_id, country_id) VALUES (166,385);
INSERT INTO app_portfolio.locale (language_id, country_id) VALUES (166,388);
INSERT INTO app_portfolio.locale (language_id, country_id) VALUES (166,389);
INSERT INTO app_portfolio.locale (language_id, country_id) VALUES (166,390);
INSERT INTO app_portfolio.locale (language_id, country_id) VALUES (166,391);
INSERT INTO app_portfolio.locale (language_id, country_id) VALUES (166,395);
INSERT INTO app_portfolio.locale (language_id, country_id) VALUES (166,399);
INSERT INTO app_portfolio.locale (language_id, country_id) VALUES (166,406);
INSERT INTO app_portfolio.locale (language_id, country_id) VALUES (166,409);
INSERT INTO app_portfolio.locale (language_id, country_id) VALUES (166,431);
INSERT INTO app_portfolio.locale (language_id, country_id) VALUES (166,434);
INSERT INTO app_portfolio.locale (language_id, country_id) VALUES (166,439);
INSERT INTO app_portfolio.locale (language_id, country_id) VALUES (166,441);
INSERT INTO app_portfolio.locale (language_id, country_id) VALUES (166,455);
INSERT INTO app_portfolio.locale (language_id, country_id) VALUES (166,459);
INSERT INTO app_portfolio.locale (language_id, country_id) VALUES (166,460);
INSERT INTO app_portfolio.locale (language_id, country_id) VALUES (166,466);
INSERT INTO app_portfolio.locale (language_id, country_id) VALUES (166,467);
INSERT INTO app_portfolio.locale (language_id, country_id) VALUES (166,473);
INSERT INTO app_portfolio.locale (language_id, country_id) VALUES (166,477);
INSERT INTO app_portfolio.locale (language_id, country_id) VALUES (166,491);
INSERT INTO app_portfolio.locale (language_id, country_id) VALUES (166,495);
INSERT INTO app_portfolio.locale (language_id, country_id) VALUES (168,289);
INSERT INTO app_portfolio.locale (language_id, country_id) VALUES (168,345);
INSERT INTO app_portfolio.locale (language_id, country_id) VALUES (168,389);
INSERT INTO app_portfolio.locale (language_id, country_id) VALUES (168,439);
INSERT INTO app_portfolio.locale (language_id, country_id) VALUES (171,453);
INSERT INTO app_portfolio.locale (language_id, country_id) VALUES (173,484);
INSERT INTO app_portfolio.locale (language_id, country_id) VALUES (177,334);
INSERT INTO app_portfolio.locale (language_id, country_id) VALUES (178,265);
INSERT INTO app_portfolio.locale (language_id, country_id) VALUES (178,272);
INSERT INTO app_portfolio.locale (language_id, country_id) VALUES (178,335);
INSERT INTO app_portfolio.locale (language_id, country_id) VALUES (178,377);
INSERT INTO app_portfolio.locale (language_id, country_id) VALUES (178,379);
INSERT INTO app_portfolio.locale (language_id, country_id) VALUES (178,466);
INSERT INTO app_portfolio.locale (language_id, country_id) VALUES (188,310);
INSERT INTO app_portfolio.locale (language_id, country_id) VALUES (188,338);
INSERT INTO app_portfolio.locale (language_id, country_id) VALUES (190,354);
INSERT INTO app_portfolio.locale (language_id, country_id) VALUES (196,336);
INSERT INTO app_portfolio.locale (language_id, country_id) VALUES (196,409);
INSERT INTO app_portfolio.locale (language_id, country_id) VALUES (196,410);
INSERT INTO app_portfolio.locale (language_id, country_id) VALUES (198,360);
INSERT INTO app_portfolio.locale (language_id, country_id) VALUES (201,354);
INSERT INTO app_portfolio.locale (language_id, country_id) VALUES (205,352);
INSERT INTO app_portfolio.locale (language_id, country_id) VALUES (209,353);
INSERT INTO app_portfolio.locale (language_id, country_id) VALUES (211,410);
INSERT INTO app_portfolio.locale (language_id, country_id) VALUES (214,355);
INSERT INTO app_portfolio.locale (language_id, country_id) VALUES (221,358);
INSERT INTO app_portfolio.locale (language_id, country_id) VALUES (222,361);
INSERT INTO app_portfolio.locale (language_id, country_id) VALUES (222,436);
INSERT INTO app_portfolio.locale (language_id, country_id) VALUES (222,466);
INSERT INTO app_portfolio.locale (language_id, country_id) VALUES (224,363);
INSERT INTO app_portfolio.locale (language_id, country_id) VALUES (237,339);
INSERT INTO app_portfolio.locale (language_id, country_id) VALUES (242,354);
INSERT INTO app_portfolio.locale (language_id, country_id) VALUES (247,354);
INSERT INTO app_portfolio.locale (language_id, country_id) VALUES (250,366);
INSERT INTO app_portfolio.locale (language_id, country_id) VALUES (253,288);
INSERT INTO app_portfolio.locale (language_id, country_id) VALUES (256,367);
INSERT INTO app_portfolio.locale (language_id, country_id) VALUES (259,434);
INSERT INTO app_portfolio.locale (language_id, country_id) VALUES (267,413);
INSERT INTO app_portfolio.locale (language_id, country_id) VALUES (267,451);
INSERT INTO app_portfolio.locale (language_id, country_id) VALUES (281,370);
INSERT INTO app_portfolio.locale (language_id, country_id) VALUES (288,371);
INSERT INTO app_portfolio.locale (language_id, country_id) VALUES (292,372);
INSERT INTO app_portfolio.locale (language_id, country_id) VALUES (297,257);
INSERT INTO app_portfolio.locale (language_id, country_id) VALUES (297,294);
INSERT INTO app_portfolio.locale (language_id, country_id) VALUES (297,302);
INSERT INTO app_portfolio.locale (language_id, country_id) VALUES (297,303);
INSERT INTO app_portfolio.locale (language_id, country_id) VALUES (300,378);
INSERT INTO app_portfolio.locale (language_id, country_id) VALUES (308,303);
INSERT INTO app_portfolio.locale (language_id, country_id) VALUES (314,379);
INSERT INTO app_portfolio.locale (language_id, country_id) VALUES (317,414);
INSERT INTO app_portfolio.locale (language_id, country_id) VALUES (327,381);
INSERT INTO app_portfolio.locale (language_id, country_id) VALUES (328,284);
INSERT INTO app_portfolio.locale (language_id, country_id) VALUES (328,383);
INSERT INTO app_portfolio.locale (language_id, country_id) VALUES (328,443);
INSERT INTO app_portfolio.locale (language_id, country_id) VALUES (329,354);
INSERT INTO app_portfolio.locale (language_id, country_id) VALUES (330,386);
INSERT INTO app_portfolio.locale (language_id, country_id) VALUES (335,359);
INSERT INTO app_portfolio.locale (language_id, country_id) VALUES (338,354);
INSERT INTO app_portfolio.locale (language_id, country_id) VALUES (366,396);
INSERT INTO app_portfolio.locale (language_id, country_id) VALUES (379,354);
INSERT INTO app_portfolio.locale (language_id, country_id) VALUES (379,404);
INSERT INTO app_portfolio.locale (language_id, country_id) VALUES (389,499);
INSERT INTO app_portfolio.locale (language_id, country_id) VALUES (391,327);
INSERT INTO app_portfolio.locale (language_id, country_id) VALUES (391,416);
INSERT INTO app_portfolio.locale (language_id, country_id) VALUES (391,465);
INSERT INTO app_portfolio.locale (language_id, country_id) VALUES (393,416);
INSERT INTO app_portfolio.locale (language_id, country_id) VALUES (394,416);
INSERT INTO app_portfolio.locale (language_id, country_id) VALUES (394,464);
INSERT INTO app_portfolio.locale (language_id, country_id) VALUES (395,416);
INSERT INTO app_portfolio.locale (language_id, country_id) VALUES (414,354);
INSERT INTO app_portfolio.locale (language_id, country_id) VALUES (415,323);
INSERT INTO app_portfolio.locale (language_id, country_id) VALUES (415,367);
INSERT INTO app_portfolio.locale (language_id, country_id) VALUES (417,334);
INSERT INTO app_portfolio.locale (language_id, country_id) VALUES (417,433);
INSERT INTO app_portfolio.locale (language_id, country_id) VALUES (426,251);
INSERT INTO app_portfolio.locale (language_id, country_id) VALUES (428,251);
INSERT INTO app_portfolio.locale (language_id, country_id) VALUES (428,356);
INSERT INTO app_portfolio.locale (language_id, country_id) VALUES (434,427);
INSERT INTO app_portfolio.locale (language_id, country_id) VALUES (436,257);
INSERT INTO app_portfolio.locale (language_id, country_id) VALUES (436,281);
INSERT INTO app_portfolio.locale (language_id, country_id) VALUES (436,291);
INSERT INTO app_portfolio.locale (language_id, country_id) VALUES (436,346);
INSERT INTO app_portfolio.locale (language_id, country_id) VALUES (436,380);
INSERT INTO app_portfolio.locale (language_id, country_id) VALUES (436,400);
INSERT INTO app_portfolio.locale (language_id, country_id) VALUES (436,428);
INSERT INTO app_portfolio.locale (language_id, country_id) VALUES (436,437);
INSERT INTO app_portfolio.locale (language_id, country_id) VALUES (436,472);
INSERT INTO app_portfolio.locale (language_id, country_id) VALUES (438,354);
INSERT INTO app_portfolio.locale (language_id, country_id) VALUES (438,418);
INSERT INTO app_portfolio.locale (language_id, country_id) VALUES (439,277);
INSERT INTO app_portfolio.locale (language_id, country_id) VALUES (439,316);
INSERT INTO app_portfolio.locale (language_id, country_id) VALUES (439,424);
INSERT INTO app_portfolio.locale (language_id, country_id) VALUES (445,394);
INSERT INTO app_portfolio.locale (language_id, country_id) VALUES (445,432);
INSERT INTO app_portfolio.locale (language_id, country_id) VALUES (446,466);
INSERT INTO app_portfolio.locale (language_id, country_id) VALUES (452,287);
INSERT INTO app_portfolio.locale (language_id, country_id) VALUES (453,271);
INSERT INTO app_portfolio.locale (language_id, country_id) VALUES (453,366);
INSERT INTO app_portfolio.locale (language_id, country_id) VALUES (453,370);
INSERT INTO app_portfolio.locale (language_id, country_id) VALUES (453,394);
INSERT INTO app_portfolio.locale (language_id, country_id) VALUES (453,433);
INSERT INTO app_portfolio.locale (language_id, country_id) VALUES (453,485);
INSERT INTO app_portfolio.locale (language_id, country_id) VALUES (463,294);
INSERT INTO app_portfolio.locale (language_id, country_id) VALUES (473,487);
INSERT INTO app_portfolio.locale (language_id, country_id) VALUES (478,278);
INSERT INTO app_portfolio.locale (language_id, country_id) VALUES (478,397);
INSERT INTO app_portfolio.locale (language_id, country_id) VALUES (478,440);
INSERT INTO app_portfolio.locale (language_id, country_id) VALUES (479,278);
INSERT INTO app_portfolio.locale (language_id, country_id) VALUES (484,499);
INSERT INTO app_portfolio.locale (language_id, country_id) VALUES (485,297);
INSERT INTO app_portfolio.locale (language_id, country_id) VALUES (490,297);
INSERT INTO app_portfolio.locale (language_id, country_id) VALUES (490,351);
INSERT INTO app_portfolio.locale (language_id, country_id) VALUES (490,380);
INSERT INTO app_portfolio.locale (language_id, country_id) VALUES (490,443);
INSERT INTO app_portfolio.locale (language_id, country_id) VALUES (492,454);
INSERT INTO app_portfolio.locale (language_id, country_id) VALUES (495,445);
INSERT INTO app_portfolio.locale (language_id, country_id) VALUES (496,446);
INSERT INTO app_portfolio.locale (language_id, country_id) VALUES (499,313);
INSERT INTO app_portfolio.locale (language_id, country_id) VALUES (499,323);
INSERT INTO app_portfolio.locale (language_id, country_id) VALUES (499,367);
INSERT INTO app_portfolio.locale (language_id, country_id) VALUES (499,448);
INSERT INTO app_portfolio.locale (language_id, country_id) VALUES (506,261);
INSERT INTO app_portfolio.locale (language_id, country_id) VALUES (506,277);
INSERT INTO app_portfolio.locale (language_id, country_id) VALUES (506,296);
INSERT INTO app_portfolio.locale (language_id, country_id) VALUES (506,300);
INSERT INTO app_portfolio.locale (language_id, country_id) VALUES (506,305);
INSERT INTO app_portfolio.locale (language_id, country_id) VALUES (506,308);
INSERT INTO app_portfolio.locale (language_id, country_id) VALUES (506,315);
INSERT INTO app_portfolio.locale (language_id, country_id) VALUES (506,316);
INSERT INTO app_portfolio.locale (language_id, country_id) VALUES (506,318);
INSERT INTO app_portfolio.locale (language_id, country_id) VALUES (506,319);
INSERT INTO app_portfolio.locale (language_id, country_id) VALUES (506,343);
INSERT INTO app_portfolio.locale (language_id, country_id) VALUES (506,350);
INSERT INTO app_portfolio.locale (language_id, country_id) VALUES (506,392);
INSERT INTO app_portfolio.locale (language_id, country_id) VALUES (506,408);
INSERT INTO app_portfolio.locale (language_id, country_id) VALUES (506,421);
INSERT INTO app_portfolio.locale (language_id, country_id) VALUES (506,423);
INSERT INTO app_portfolio.locale (language_id, country_id) VALUES (506,424);
INSERT INTO app_portfolio.locale (language_id, country_id) VALUES (506,425);
INSERT INTO app_portfolio.locale (language_id, country_id) VALUES (506,429);
INSERT INTO app_portfolio.locale (language_id, country_id) VALUES (506,453);
INSERT INTO app_portfolio.locale (language_id, country_id) VALUES (506,488);
INSERT INTO app_portfolio.locale (language_id, country_id) VALUES (506,489);
INSERT INTO app_portfolio.locale (language_id, country_id) VALUES (506,493);
INSERT INTO app_portfolio.locale (language_id, country_id) VALUES (513,367);
INSERT INTO app_portfolio.locale (language_id, country_id) VALUES (513,470);
INSERT INTO app_portfolio.locale (language_id, country_id) VALUES (513,484);
INSERT INTO app_portfolio.locale (language_id, country_id) VALUES (515,252);
INSERT INTO app_portfolio.locale (language_id, country_id) VALUES (515,327);
INSERT INTO app_portfolio.locale (language_id, country_id) VALUES (515,465);
INSERT INTO app_portfolio.locale (language_id, country_id) VALUES (521,425);
INSERT INTO app_portfolio.locale (language_id, country_id) VALUES (527,354);
INSERT INTO app_portfolio.locale (language_id, country_id) VALUES (527,383);
INSERT INTO app_portfolio.locale (language_id, country_id) VALUES (527,443);
INSERT INTO app_portfolio.locale (language_id, country_id) VALUES (527,454);
INSERT INTO app_portfolio.locale (language_id, country_id) VALUES (531,354);
INSERT INTO app_portfolio.locale (language_id, country_id) VALUES (535,471);
INSERT INTO app_portfolio.locale (language_id, country_id) VALUES (536,297);
INSERT INTO app_portfolio.locale (language_id, country_id) VALUES (536,354);
INSERT INTO app_portfolio.locale (language_id, country_id) VALUES (538,320);
INSERT INTO app_portfolio.locale (language_id, country_id) VALUES (538,323);
INSERT INTO app_portfolio.locale (language_id, country_id) VALUES (544,475);
INSERT INTO app_portfolio.locale (language_id, country_id) VALUES (546,351);
INSERT INTO app_portfolio.locale (language_id, country_id) VALUES (546,380);
INSERT INTO app_portfolio.locale (language_id, country_id) VALUES (546,468);
INSERT INTO app_portfolio.locale (language_id, country_id) VALUES (555,310);
INSERT INTO app_portfolio.locale (language_id, country_id) VALUES (555,478);
INSERT INTO app_portfolio.locale (language_id, country_id) VALUES (564,485);
INSERT INTO app_portfolio.locale (language_id, country_id) VALUES (568,354);
INSERT INTO app_portfolio.locale (language_id, country_id) VALUES (568,418);
INSERT INTO app_portfolio.locale (language_id, country_id) VALUES (569,297);
INSERT INTO app_portfolio.locale (language_id, country_id) VALUES (570,251);
INSERT INTO app_portfolio.locale (language_id, country_id) VALUES (570,490);
INSERT INTO app_portfolio.locale (language_id, country_id) VALUES (575,494);
INSERT INTO app_portfolio.locale (language_id, country_id) VALUES (586,487);
INSERT INTO app_portfolio.locale (language_id, country_id) VALUES (588,405);
INSERT INTO app_portfolio.locale (language_id, country_id) VALUES (600,274);
INSERT INTO app_portfolio.locale (language_id, country_id) VALUES (600,410);
INSERT INTO app_portfolio.locale (language_id, country_id) VALUES (608,449);
INSERT INTO app_portfolio.locale (language_id, country_id) VALUES (1024,266);
INSERT INTO app_portfolio.locale (language_id, country_id) VALUES (1025,266);
INSERT INTO app_portfolio.locale (language_id, country_id) VALUES (1026,385);
INSERT INTO app_portfolio.locale (language_id, country_id) VALUES (1027,278);
INSERT INTO app_portfolio.locale (language_id, country_id) VALUES (1028,278);
INSERT INTO app_portfolio.locale (language_id, country_id) VALUES (1029,336);
INSERT INTO app_portfolio.locale (language_id, country_id) VALUES (1029,409);
INSERT INTO app_portfolio.locale (language_id, country_id) VALUES (1029,410);
INSERT INTO app_portfolio.locale (language_id, country_id) VALUES (1030,354);
INSERT INTO app_portfolio.locale (language_id, country_id) VALUES (1031,366);
INSERT INTO app_portfolio.locale (language_id, country_id) VALUES (1032,370);
INSERT INTO app_portfolio.locale (language_id, country_id) VALUES (1033,284);
INSERT INTO app_portfolio.locale (language_id, country_id) VALUES (1033,383);
INSERT INTO app_portfolio.locale (language_id, country_id) VALUES (1033,443);
INSERT INTO app_portfolio.locale (language_id, country_id) VALUES (1034,396);
INSERT INTO app_portfolio.locale (language_id, country_id) VALUES (1035,418);
INSERT INTO app_portfolio.locale (language_id, country_id) VALUES (1036,354);
INSERT INTO app_portfolio.locale (language_id, country_id) VALUES (1037,278);
INSERT INTO app_portfolio.locale (language_id, country_id) VALUES (1037,397);
INSERT INTO app_portfolio.locale (language_id, country_id) VALUES (1037,440);
INSERT INTO app_portfolio.locale (language_id, country_id) VALUES (1038,278);
INSERT INTO app_portfolio.locale (language_id, country_id) VALUES (1038,397);
INSERT INTO app_portfolio.locale (language_id, country_id) VALUES (1038,440);
INSERT INTO app_portfolio.locale (language_id, country_id) VALUES (1039,297);
INSERT INTO app_portfolio.locale (language_id, country_id) VALUES (1040,251);
INSERT INTO app_portfolio.locale (language_id, country_id) VALUES (1041,490);
INSERT INTO app_portfolio.locale (language_id, country_id) VALUES (1042,490);
--
-- message_level
--
INSERT INTO app_portfolio.message_level (id, message_level) VALUES (1,'0_INFO');
INSERT INTO app_portfolio.message_level (id, message_level) VALUES (2,'10_USER');
INSERT INTO app_portfolio.message_level (id, message_level) VALUES (3,'20_APP');
INSERT INTO app_portfolio.message_level (id, message_level) VALUES (4,'30_SYSTEM');
--
-- message_type
--
INSERT INTO app_portfolio.message_type (id, message_type) VALUES (1,'ERROR');
INSERT INTO app_portfolio.message_type (id, message_type) VALUES (2,'INFO');
--
-- message
--  db info/errors
--	20100-20199
--	db constraints info/error
--	20200-20299
--	app info/error
--	20300-20399
--	node rest api info/error
--	20400-20499
--	service info/error
--	20500-20599
--
INSERT INTO app_portfolio.message (message_level_id, message_type_id, code) VALUES (1,1,'20100');
INSERT INTO app_portfolio.message (message_level_id, message_type_id, code) VALUES (1,1,'20101');
INSERT INTO app_portfolio.message (message_level_id, message_type_id, code) VALUES (1,1,'20102');
INSERT INTO app_portfolio.message (message_level_id, message_type_id, code) VALUES (1,1,'20103');
INSERT INTO app_portfolio.message (message_level_id, message_type_id, code) VALUES (1,1,'20104');
INSERT INTO app_portfolio.message (message_level_id, message_type_id, code) VALUES (1,1,'20105');
INSERT INTO app_portfolio.message (message_level_id, message_type_id, code) VALUES (1,1,'20106');
INSERT INTO app_portfolio.message (message_level_id, message_type_id, code) VALUES (1,1,'20107');
INSERT INTO app_portfolio.message (message_level_id, message_type_id, code) VALUES (1,1,'20108');
INSERT INTO app_portfolio.message (message_level_id, message_type_id, code) VALUES (1,1,'20200');
INSERT INTO app_portfolio.message (message_level_id, message_type_id, code) VALUES (1,1,'20201');
INSERT INTO app_portfolio.message (message_level_id, message_type_id, code) VALUES (1,1,'20203');
INSERT INTO app_portfolio.message (message_level_id, message_type_id, code) VALUES (1,1,'20204');
INSERT INTO app_portfolio.message (message_level_id, message_type_id, code) VALUES (1,1,'20300');
INSERT INTO app_portfolio.message (message_level_id, message_type_id, code) VALUES (1,1,'20301');
INSERT INTO app_portfolio.message (message_level_id, message_type_id, code) VALUES (1,1,'20302');
INSERT INTO app_portfolio.message (message_level_id, message_type_id, code) VALUES (1,1,'20303');
INSERT INTO app_portfolio.message (message_level_id, message_type_id, code) VALUES (1,1,'20304');
INSERT INTO app_portfolio.message (message_level_id, message_type_id, code) VALUES (1,1,'20305');
INSERT INTO app_portfolio.message (message_level_id, message_type_id, code) VALUES (1,1,'20306');
INSERT INTO app_portfolio.message (message_level_id, message_type_id, code) VALUES (1,1,'20307');
INSERT INTO app_portfolio.message (message_level_id, message_type_id, code) VALUES (1,1,'20308');
INSERT INTO app_portfolio.message (message_level_id, message_type_id, code) VALUES (2,1,'20309');
INSERT INTO app_portfolio.message (message_level_id, message_type_id, code) VALUES (2,1,'20310');
INSERT INTO app_portfolio.message (message_level_id, message_type_id, code) VALUES (1,1,'20400');
INSERT INTO app_portfolio.message (message_level_id, message_type_id, code) VALUES (1,1,'20401');
INSERT INTO app_portfolio.message (message_level_id, message_type_id, code) VALUES (1,1,'20500');
--
-- app_message
--
INSERT INTO app_portfolio.app_message (message_code, app_id) VALUES ('20100',0);
INSERT INTO app_portfolio.app_message (message_code, app_id) VALUES ('20101',0);
INSERT INTO app_portfolio.app_message (message_code, app_id) VALUES ('20102',0);
INSERT INTO app_portfolio.app_message (message_code, app_id) VALUES ('20103',0);
INSERT INTO app_portfolio.app_message (message_code, app_id) VALUES ('20104',0);
INSERT INTO app_portfolio.app_message (message_code, app_id) VALUES ('20105',0);
INSERT INTO app_portfolio.app_message (message_code, app_id) VALUES ('20106',0);
INSERT INTO app_portfolio.app_message (message_code, app_id) VALUES ('20107',0);
INSERT INTO app_portfolio.app_message (message_code, app_id) VALUES ('20200',0);
INSERT INTO app_portfolio.app_message (message_code, app_id) VALUES ('20201',0);
INSERT INTO app_portfolio.app_message (message_code, app_id) VALUES ('20203',0);
INSERT INTO app_portfolio.app_message (message_code, app_id) VALUES ('20204',0);
INSERT INTO app_portfolio.app_message (message_code, app_id) VALUES ('20300',0);
INSERT INTO app_portfolio.app_message (message_code, app_id) VALUES ('20301',0);
INSERT INTO app_portfolio.app_message (message_code, app_id) VALUES ('20302',2);
INSERT INTO app_portfolio.app_message (message_code, app_id) VALUES ('20303',0);
INSERT INTO app_portfolio.app_message (message_code, app_id) VALUES ('20304',0);
INSERT INTO app_portfolio.app_message (message_code, app_id) VALUES ('20305',0);
INSERT INTO app_portfolio.app_message (message_code, app_id) VALUES ('20306',0);
INSERT INTO app_portfolio.app_message (message_code, app_id) VALUES ('20307',0);
INSERT INTO app_portfolio.app_message (message_code, app_id) VALUES ('20308',0);
INSERT INTO app_portfolio.app_message (message_code, app_id) VALUES ('20309',0);
INSERT INTO app_portfolio.app_message (message_code, app_id) VALUES ('20310',0);
INSERT INTO app_portfolio.app_message (message_code, app_id) VALUES ('20400',0);
INSERT INTO app_portfolio.app_message (message_code, app_id) VALUES ('20400',2);
INSERT INTO app_portfolio.app_message (message_code, app_id) VALUES ('20401',0);
INSERT INTO app_portfolio.app_message (message_code, app_id) VALUES ('20500',0);
--
-- parameter_type
--
INSERT INTO app_portfolio.parameter_type (id, parameter_type_name) VALUES (0,'Public');
INSERT INTO app_portfolio.parameter_type (id, parameter_type_name) VALUES (1,'Private shared');
INSERT INTO app_portfolio.parameter_type (id, parameter_type_name) VALUES (2,'Private');
--
-- app_parameter
--
INSERT INTO app_portfolio.app_parameter (app_id, parameter_type_id, parameter_name, parameter_value, parameter_comment) VALUES (0,'0','SERVER_MAINTENANCE','0','0=no, 1=yes');
INSERT INTO app_portfolio.app_parameter (app_id, parameter_type_id, parameter_name, parameter_value, parameter_comment) VALUES (0,'1','APP_REST_CLIENT_ID','{APP_REST_CLIENT_ID}',NULL);
INSERT INTO app_portfolio.app_parameter (app_id, parameter_type_id, parameter_name, parameter_value, parameter_comment) VALUES (0,'1','APP_REST_CLIENT_SECRET','{APP_REST_CLIENT_SECRET}',NULL);
INSERT INTO app_portfolio.app_parameter (app_id, parameter_type_id, parameter_name, parameter_value, parameter_comment) VALUES (0,'0','REST_APP','app',NULL);
INSERT INTO app_portfolio.app_parameter (app_id, parameter_type_id, parameter_name, parameter_value, parameter_comment) VALUES (0,'0','REST_APP_LOG','app_log/',NULL);
INSERT INTO app_portfolio.app_parameter (app_id, parameter_type_id, parameter_name, parameter_value, parameter_comment) VALUES (0,'0','REST_APP_OBJECT','app_object/',NULL);
INSERT INTO app_portfolio.app_parameter (app_id, parameter_type_id, parameter_name, parameter_value, parameter_comment) VALUES (0,'0','REST_APP_PARAMETER','app_parameter/',NULL);
INSERT INTO app_portfolio.app_parameter (app_id, parameter_type_id, parameter_name, parameter_value, parameter_comment) VALUES (0,'0','REST_COUNTRY','country/',NULL);
INSERT INTO app_portfolio.app_parameter (app_id, parameter_type_id, parameter_name, parameter_value, parameter_comment) VALUES (0,'0','REST_IDENTITY_PROVIDER','identity_provider/',NULL);
INSERT INTO app_portfolio.app_parameter (app_id, parameter_type_id, parameter_name, parameter_value, parameter_comment) VALUES (0,'0','REST_LANGUAGE_LOCALE','language/locale/',NULL);
INSERT INTO app_portfolio.app_parameter (app_id, parameter_type_id, parameter_name, parameter_value, parameter_comment) VALUES (0,'0','REST_MESSAGE_TRANSLATION','message_translation/',NULL);
INSERT INTO app_portfolio.app_parameter (app_id, parameter_type_id, parameter_name, parameter_value, parameter_comment) VALUES (0,'0','REST_PARAMETER_TYPE','parameter_type/',NULL);
INSERT INTO app_portfolio.app_parameter (app_id, parameter_type_id, parameter_name, parameter_value, parameter_comment) VALUES (0,'0','REST_REGIONAL_SETTING','regional_setting/',NULL);
INSERT INTO app_portfolio.app_parameter (app_id, parameter_type_id, parameter_name, parameter_value, parameter_comment) VALUES (0,'0','REST_USER_ACCOUNT','user_account/',NULL);
INSERT INTO app_portfolio.app_parameter (app_id, parameter_type_id, parameter_name, parameter_value, parameter_comment) VALUES (0,'0','REST_USER_ACCOUNT_ACTIVATE','user_account/activate/',NULL);
INSERT INTO app_portfolio.app_parameter (app_id, parameter_type_id, parameter_name, parameter_value, parameter_comment) VALUES (0,'0','REST_USER_ACCOUNT_APP','user_account_app/',NULL);
INSERT INTO app_portfolio.app_parameter (app_id, parameter_type_id, parameter_name, parameter_value, parameter_comment) VALUES (0,'0','REST_USER_ACCOUNT_COMMON','user_account/common/',NULL);
INSERT INTO app_portfolio.app_parameter (app_id, parameter_type_id, parameter_name, parameter_value, parameter_comment) VALUES (0,'0','REST_USER_ACCOUNT_FOLLOW','user_account_follow/',NULL);
INSERT INTO app_portfolio.app_parameter (app_id, parameter_type_id, parameter_name, parameter_value, parameter_comment) VALUES (0,'0','REST_USER_ACCOUNT_FORGOT','user_account/password_reset/',NULL);
INSERT INTO app_portfolio.app_parameter (app_id, parameter_type_id, parameter_name, parameter_value, parameter_comment) VALUES (0,'0','REST_USER_ACCOUNT_LIKE','user_account_like/',NULL);
INSERT INTO app_portfolio.app_parameter (app_id, parameter_type_id, parameter_name, parameter_value, parameter_comment) VALUES (0,'0','REST_USER_ACCOUNT_LOGIN','user_account/login',NULL);
INSERT INTO app_portfolio.app_parameter (app_id, parameter_type_id, parameter_name, parameter_value, parameter_comment) VALUES (0,'0','REST_USER_ACCOUNT_PROFILE_DETAIL','user_account/profile/detail/',NULL);
INSERT INTO app_portfolio.app_parameter (app_id, parameter_type_id, parameter_name, parameter_value, parameter_comment) VALUES (0,'0','REST_USER_ACCOUNT_PROFILE_SEARCHD','user_account/profile/username/searchD/',NULL);
INSERT INTO app_portfolio.app_parameter (app_id, parameter_type_id, parameter_name, parameter_value, parameter_comment) VALUES (0,'0','REST_USER_ACCOUNT_PROFILE_SEARCHA','user_account/profile/username/searchA/',NULL);
INSERT INTO app_portfolio.app_parameter (app_id, parameter_type_id, parameter_name, parameter_value, parameter_comment) VALUES (0,'0','REST_USER_ACCOUNT_PROFILE_TOP','user_account/profile/top/',NULL);
INSERT INTO app_portfolio.app_parameter (app_id, parameter_type_id, parameter_name, parameter_value, parameter_comment) VALUES (0,'0','REST_USER_ACCOUNT_PROFILE_USERID','user_account/profile/id/',NULL);
INSERT INTO app_portfolio.app_parameter (app_id, parameter_type_id, parameter_name, parameter_value, parameter_comment) VALUES (0,'0','REST_USER_ACCOUNT_PROFILE_USERNAME','user_account/profile/username/',NULL);
INSERT INTO app_portfolio.app_parameter (app_id, parameter_type_id, parameter_name, parameter_value, parameter_comment) VALUES (0,'0','REST_USER_ACCOUNT_PROVIDER','user_account/provider/',NULL);
INSERT INTO app_portfolio.app_parameter (app_id, parameter_type_id, parameter_name, parameter_value, parameter_comment) VALUES (0,'0','REST_USER_ACCOUNT_SIGNUP','user_account/signup',NULL);
INSERT INTO app_portfolio.app_parameter (app_id, parameter_type_id, parameter_name, parameter_value, parameter_comment) VALUES (0,'0','REST_USER_ACCOUNT_PASSWORD','user_account/password/',NULL);
INSERT INTO app_portfolio.app_parameter (app_id, parameter_type_id, parameter_name, parameter_value, parameter_comment) VALUES (0,'0','SERVICE_AUTH','/service/auth',NULL);
INSERT INTO app_portfolio.app_parameter (app_id, parameter_type_id, parameter_name, parameter_value, parameter_comment) VALUES (0,'2','SERVICE_AUTH_TOKEN_ACCESS_SECRET','{TOKEN_SECRET}',NULL);
INSERT INTO app_portfolio.app_parameter (app_id, parameter_type_id, parameter_name, parameter_value, parameter_comment) VALUES (0,'2','SERVICE_AUTH_TOKEN_ACCESS_EXPIRE','1h',NULL);
INSERT INTO app_portfolio.app_parameter (app_id, parameter_type_id, parameter_name, parameter_value, parameter_comment) VALUES (0,'2','SERVICE_AUTH_TOKEN_DATA_SECRET','{TOKEN_SECRET}',NULL);
INSERT INTO app_portfolio.app_parameter (app_id, parameter_type_id, parameter_name, parameter_value, parameter_comment) VALUES (0,'2','SERVICE_AUTH_TOKEN_DATA_EXPIRE','2d',NULL);
INSERT INTO app_portfolio.app_parameter (app_id, parameter_type_id, parameter_name, parameter_value, parameter_comment) VALUES (0,'0','SERVICE_GEOLOCATION','/service/geolocation',NULL);
INSERT INTO app_portfolio.app_parameter (app_id, parameter_type_id, parameter_name, parameter_value, parameter_comment) VALUES (0,'0','SERVICE_GEOLOCATION_GPS_IP','/getip',NULL);
INSERT INTO app_portfolio.app_parameter (app_id, parameter_type_id, parameter_name, parameter_value, parameter_comment) VALUES (0,'0','SERVICE_GEOLOCATION_GPS_PLACE','/getplace',NULL);
INSERT INTO app_portfolio.app_parameter (app_id, parameter_type_id, parameter_name, parameter_value, parameter_comment) VALUES (0,'0','SERVICE_GEOLOCATION_URL_GPS_IP','http://www.geoplugin.net/json.gp',NULL);
INSERT INTO app_portfolio.app_parameter (app_id, parameter_type_id, parameter_name, parameter_value, parameter_comment) VALUES (0,'0','SERVICE_GEOLOCATION_URL_GPS_PLACE','http://www.geoplugin.net/extras/location.gp',NULL);
INSERT INTO app_portfolio.app_parameter (app_id, parameter_type_id, parameter_name, parameter_value, parameter_comment) VALUES (0,'0','SERVICE_MAIL_TYPE_SIGNUP','1',NULL);
INSERT INTO app_portfolio.app_parameter (app_id, parameter_type_id, parameter_name, parameter_value, parameter_comment) VALUES (0,'1','SERVICE_MAIL_TYPE_SIGNUP_FROM_NAME','{EMAIL_FROM_NAME}',NULL);
INSERT INTO app_portfolio.app_parameter (app_id, parameter_type_id, parameter_name, parameter_value, parameter_comment) VALUES (0,'0','SERVICE_MAIL_TYPE_UNVERIFIED','2',NULL);
INSERT INTO app_portfolio.app_parameter (app_id, parameter_type_id, parameter_name, parameter_value, parameter_comment) VALUES (0,'1','SERVICE_MAIL_TYPE_UNVERIFIED_FROM_NAME','{EMAIL_FROM_NAME}',NULL);
INSERT INTO app_portfolio.app_parameter (app_id, parameter_type_id, parameter_name, parameter_value, parameter_comment) VALUES (0,'0','SERVICE_MAIL_TYPE_PASSWORD_RESET','3',NULL);
INSERT INTO app_portfolio.app_parameter (app_id, parameter_type_id, parameter_name, parameter_value, parameter_comment) VALUES (0,'1','SERVICE_MAIL_TYPE_PASSWORD_RESET_FROM_NAME','{EMAIL_FROM_NAME}',NULL);
INSERT INTO app_portfolio.app_parameter (app_id, parameter_type_id, parameter_name, parameter_value, parameter_comment) VALUES (0,'0','SERVICE_MAIL_TYPE_CHANGE_EMAIL','4',NULL);
INSERT INTO app_portfolio.app_parameter (app_id, parameter_type_id, parameter_name, parameter_value, parameter_comment) VALUES (0,'1','SERVICE_MAIL_TYPE_CHANGE_EMAIL_FROM_NAME','{EMAIL_FROM_NAME}',NULL);
INSERT INTO app_portfolio.app_parameter (app_id, parameter_type_id, parameter_name, parameter_value, parameter_comment) VALUES (0,'2','SERVICE_MAIL_HOST','{EMAIL_HOST}',NULL);
INSERT INTO app_portfolio.app_parameter (app_id, parameter_type_id, parameter_name, parameter_value, parameter_comment) VALUES (0,'2','SERVICE_MAIL_PORT','{EMAIL_PORT}',NULL);
INSERT INTO app_portfolio.app_parameter (app_id, parameter_type_id, parameter_name, parameter_value, parameter_comment) VALUES (0,'2','SERVICE_MAIL_SECURE','{EMAIL_SECURE}',NULL);
INSERT INTO app_portfolio.app_parameter (app_id, parameter_type_id, parameter_name, parameter_value, parameter_comment) VALUES (0,'2','SERVICE_MAIL_USERNAME','{EMAIL_USERNAME}',NULL);
INSERT INTO app_portfolio.app_parameter (app_id, parameter_type_id, parameter_name, parameter_value, parameter_comment) VALUES (0,'2','SERVICE_MAIL_PASSWORD','{EMAIL_PASSWORD}',NULL);
INSERT INTO app_portfolio.app_parameter (app_id, parameter_type_id, parameter_name, parameter_value, parameter_comment) VALUES (0,'0','SERVICE_REPORT','/service/report',NULL);
INSERT INTO app_portfolio.app_parameter (app_id, parameter_type_id, parameter_name, parameter_value, parameter_comment) VALUES (0,'0','SERVICE_WORLDCITIES','/service/worldcities',NULL);
INSERT INTO app_portfolio.app_parameter (app_id, parameter_type_id, parameter_name, parameter_value, parameter_comment) VALUES (0,'1','GPS_MAP_ACCESS_TOKEN','{MAPBOX_ID}',NULL);
INSERT INTO app_portfolio.app_parameter (app_id, parameter_type_id, parameter_name, parameter_value, parameter_comment) VALUES (0,'0','IMAGE_FILE_ALLOWED_TYPE1','jpg',NULL);
INSERT INTO app_portfolio.app_parameter (app_id, parameter_type_id, parameter_name, parameter_value, parameter_comment) VALUES (0,'0','IMAGE_FILE_ALLOWED_TYPE2','png',NULL);
INSERT INTO app_portfolio.app_parameter (app_id, parameter_type_id, parameter_name, parameter_value, parameter_comment) VALUES (0,'0','IMAGE_FILE_ALLOWED_TYPE3','gif',NULL);
INSERT INTO app_portfolio.app_parameter (app_id, parameter_type_id, parameter_name, parameter_value, parameter_comment) VALUES (0,'0','IMAGE_FILE_MAX_SIZE','2000000',NULL);
INSERT INTO app_portfolio.app_parameter (app_id, parameter_type_id, parameter_name, parameter_value, parameter_comment) VALUES (0,'0','IMAGE_FILE_MIME_TYPE','image/jpeg',NULL);
INSERT INTO app_portfolio.app_parameter (app_id, parameter_type_id, parameter_name, parameter_value, parameter_comment) VALUES (0,'0','IMAGE_AVATAR_HEIGHT','64',NULL);
INSERT INTO app_portfolio.app_parameter (app_id, parameter_type_id, parameter_name, parameter_value, parameter_comment) VALUES (0,'0','IMAGE_AVATAR_WIDTH','64',NULL);

INSERT INTO app_portfolio.app_parameter (app_id, parameter_type_id, parameter_name, parameter_value, parameter_comment) VALUES (1,'1','APP_COPYRIGHT','{COPYRIGHT TEXT}',NULL);
INSERT INTO app_portfolio.app_parameter (app_id, parameter_type_id, parameter_name, parameter_value, parameter_comment) VALUES (1,'1','APP_EMAIL','{HOMEPAGE EMAIL}',NULL);
INSERT INTO app_portfolio.app_parameter (app_id, parameter_type_id, parameter_name, parameter_value, parameter_comment) VALUES (1,'1','INFO_EMAIL_DISCLAIMER','{EMAIL_DISCLAIMER}',NULL);
INSERT INTO app_portfolio.app_parameter (app_id, parameter_type_id, parameter_name, parameter_value, parameter_comment) VALUES (1,'1','INFO_EMAIL_POLICY','{EMAIL_POLICY}',NULL);
INSERT INTO app_portfolio.app_parameter (app_id, parameter_type_id, parameter_name, parameter_value, parameter_comment) VALUES (1,'1','INFO_EMAIL_TERMS','{EMAIL_TERMS}',NULL);
INSERT INTO app_portfolio.app_parameter (app_id, parameter_type_id, parameter_name, parameter_value, parameter_comment) VALUES (1,'0','INFO_LINK_POLICY_NAME','Privacy Policy',NULL);
INSERT INTO app_portfolio.app_parameter (app_id, parameter_type_id, parameter_name, parameter_value, parameter_comment) VALUES (1,'0','INFO_LINK_POLICY_URL','/info/privacy_policy',NULL);
INSERT INTO app_portfolio.app_parameter (app_id, parameter_type_id, parameter_name, parameter_value, parameter_comment) VALUES (1,'0','INFO_LINK_DISCLAIMER_NAME','Disclaimer',NULL);
INSERT INTO app_portfolio.app_parameter (app_id, parameter_type_id, parameter_name, parameter_value, parameter_comment) VALUES (1,'0','INFO_LINK_DISCLAIMER_URL','/info/disclaimer',NULL);
INSERT INTO app_portfolio.app_parameter (app_id, parameter_type_id, parameter_name, parameter_value, parameter_comment) VALUES (1,'0','INFO_LINK_TERMS_NAME','Terms',NULL);
INSERT INTO app_portfolio.app_parameter (app_id, parameter_type_id, parameter_name, parameter_value, parameter_comment) VALUES (1,'0','INFO_LINK_TERMS_URL','/info/terms',NULL);
INSERT INTO app_portfolio.app_parameter (app_id, parameter_type_id, parameter_name, parameter_value, parameter_comment) VALUES (1,'0','INFO_LINK_ABOUT_NAME','About',NULL);
INSERT INTO app_portfolio.app_parameter (app_id, parameter_type_id, parameter_name, parameter_value, parameter_comment) VALUES (1,'0','INFO_LINK_ABOUT_URL','/info/about',NULL);
INSERT INTO app_portfolio.app_parameter (app_id, parameter_type_id, parameter_name, parameter_value, parameter_comment) VALUES (1,'1','INFO_SOCIAL_LINK1_ICON',NULL,NULL);
INSERT INTO app_portfolio.app_parameter (app_id, parameter_type_id, parameter_name, parameter_value, parameter_comment) VALUES (1,'1','INFO_SOCIAL_LINK1_URL',NULL,NULL);
INSERT INTO app_portfolio.app_parameter (app_id, parameter_type_id, parameter_name, parameter_value, parameter_comment) VALUES (1,'1','INFO_SOCIAL_LINK2_ICON',NULL,NULL);
INSERT INTO app_portfolio.app_parameter (app_id, parameter_type_id, parameter_name, parameter_value, parameter_comment) VALUES (1,'1','INFO_SOCIAL_LINK2_URL',NULL,NULL);
INSERT INTO app_portfolio.app_parameter (app_id, parameter_type_id, parameter_name, parameter_value, parameter_comment) VALUES (1,'1','INFO_SOCIAL_LINK3_ICON',NULL,NULL);
INSERT INTO app_portfolio.app_parameter (app_id, parameter_type_id, parameter_name, parameter_value, parameter_comment) VALUES (1,'1','INFO_SOCIAL_LINK3_URL',NULL,NULL);
INSERT INTO app_portfolio.app_parameter (app_id, parameter_type_id, parameter_name, parameter_value, parameter_comment) VALUES (1,'1','INFO_SOCIAL_LINK4_ICON',NULL,NULL);
INSERT INTO app_portfolio.app_parameter (app_id, parameter_type_id, parameter_name, parameter_value, parameter_comment) VALUES (1,'1','INFO_SOCIAL_LINK4_URL',NULL,NULL);
INSERT INTO app_portfolio.app_parameter (app_id, parameter_type_id, parameter_name, parameter_value, parameter_comment) VALUES (1,'0','QR_BACKGROUND_COLOR','#ffffff',NULL);
INSERT INTO app_portfolio.app_parameter (app_id, parameter_type_id, parameter_name, parameter_value, parameter_comment) VALUES (1,'0','QR_COLOR_DARK','#2b2b32',NULL);
INSERT INTO app_portfolio.app_parameter (app_id, parameter_type_id, parameter_name, parameter_value, parameter_comment) VALUES (1,'0','QR_COLOR_LIGHT','#ffffff',NULL);
INSERT INTO app_portfolio.app_parameter (app_id, parameter_type_id, parameter_name, parameter_value, parameter_comment) VALUES (1,'0','QR_HEIGHT','128',NULL);
INSERT INTO app_portfolio.app_parameter (app_id, parameter_type_id, parameter_name, parameter_value, parameter_comment) VALUES (1,'0','QR_LOGO_FILE_PATH','/app1/images/logo.png',NULL);
INSERT INTO app_portfolio.app_parameter (app_id, parameter_type_id, parameter_name, parameter_value, parameter_comment) VALUES (1,'0','QR_LOGO_HEIGHT','32',NULL);
INSERT INTO app_portfolio.app_parameter (app_id, parameter_type_id, parameter_name, parameter_value, parameter_comment) VALUES (1,'0','QR_LOGO_WIDTH','32',NULL);
INSERT INTO app_portfolio.app_parameter (app_id, parameter_type_id, parameter_name, parameter_value, parameter_comment) VALUES (1,'0','QR_WIDTH','128',NULL);

INSERT INTO app_portfolio.app_parameter (app_id, parameter_type_id, parameter_name, parameter_value, parameter_comment) VALUES (2,'1','APP_COPYRIGHT','{COPYRIGHT TEXT}',NULL);
INSERT INTO app_portfolio.app_parameter (app_id, parameter_type_id, parameter_name, parameter_value, parameter_comment) VALUES (2,'0','APP_DEFAULT_STARTUP_PAGE','3','1=print, 2=day, 3=month, 4=year, 5=settings, 6=profile');
INSERT INTO app_portfolio.app_parameter (app_id, parameter_type_id, parameter_name, parameter_value, parameter_comment) VALUES (2,'0','APP_REPORT_TIMETABLE','timetable.html',NULL);
INSERT INTO app_portfolio.app_parameter (app_id, parameter_type_id, parameter_name, parameter_value, parameter_comment) VALUES (2,'0','REST_APP2_PLACE','app2_place/',NULL);
INSERT INTO app_portfolio.app_parameter (app_id, parameter_type_id, parameter_name, parameter_value, parameter_comment) VALUES (2,'0','REST_APP2_THEME','app2_theme/',NULL);
INSERT INTO app_portfolio.app_parameter (app_id, parameter_type_id, parameter_name, parameter_value, parameter_comment) VALUES (2,'0','REST_APP2_USER_SETTING','app2_user_setting/',NULL);
INSERT INTO app_portfolio.app_parameter (app_id, parameter_type_id, parameter_name, parameter_value, parameter_comment) VALUES (2,'0','REST_APP2_USER_SETTING_LIKE','app2_user_setting_like/',NULL);
INSERT INTO app_portfolio.app_parameter (app_id, parameter_type_id, parameter_name, parameter_value, parameter_comment) VALUES (2,'0','REST_APP2_USER_SETTING_PROFILE','app2_user_setting/profile/',NULL);
INSERT INTO app_portfolio.app_parameter (app_id, parameter_type_id, parameter_name, parameter_value, parameter_comment) VALUES (2,'0','REST_APP2_USER_SETTING_PROFILE_ALL','app2_user_setting/profile/all/',NULL);
INSERT INTO app_portfolio.app_parameter (app_id, parameter_type_id, parameter_name, parameter_value, parameter_comment) VALUES (2,'0','REST_APP2_USER_SETTING_PROFILE_DETAIL','app2_user_setting/profile/detail/',NULL);
INSERT INTO app_portfolio.app_parameter (app_id, parameter_type_id, parameter_name, parameter_value, parameter_comment) VALUES (2,'0','REST_APP2_USER_SETTING_PROFILE_TOP','app2_user_setting/profile/top/',NULL);
INSERT INTO app_portfolio.app_parameter (app_id, parameter_type_id, parameter_name, parameter_value, parameter_comment) VALUES (2,'0','REST_APP2_USER_SETTING_USER_ACCOUNT_ID','app2_user_setting/user_account_id/',NULL);
INSERT INTO app_portfolio.app_parameter (app_id, parameter_type_id, parameter_name, parameter_value, parameter_comment) VALUES (2,'0','REST_APP2_USER_SETTING_VIEW','app2_user_setting_view/',NULL);
INSERT INTO app_portfolio.app_parameter (app_id, parameter_type_id, parameter_name, parameter_value, parameter_comment) VALUES (2,'2','SERVICE_DB_DB2_APP_USER','{DB_USER}',NULL);
INSERT INTO app_portfolio.app_parameter (app_id, parameter_type_id, parameter_name, parameter_value, parameter_comment) VALUES (2,'2','SERVICE_DB_DB2_APP_PASSWORD','{DB_PASSWORD}',NULL);
INSERT INTO app_portfolio.app_parameter (app_id, parameter_type_id, parameter_name, parameter_value, parameter_comment) VALUES (2,'1','INFO_EMAIL_DISCLAIMER','{EMAIL_DISCLAIMER}',NULL);
INSERT INTO app_portfolio.app_parameter (app_id, parameter_type_id, parameter_name, parameter_value, parameter_comment) VALUES (2,'1','INFO_EMAIL_POLICY','{EMAIL_POLICY}',NULL);
INSERT INTO app_portfolio.app_parameter (app_id, parameter_type_id, parameter_name, parameter_value, parameter_comment) VALUES (2,'1','INFO_EMAIL_TERMS','{EMAIL_TERMS}',NULL);
INSERT INTO app_portfolio.app_parameter (app_id, parameter_type_id, parameter_name, parameter_value, parameter_comment) VALUES (2,'0','INFO_LINK_POLICY_NAME','Privacy Policy',NULL);
INSERT INTO app_portfolio.app_parameter (app_id, parameter_type_id, parameter_name, parameter_value, parameter_comment) VALUES (2,'0','INFO_LINK_POLICY_URL','/info/privacy_policy',NULL);
INSERT INTO app_portfolio.app_parameter (app_id, parameter_type_id, parameter_name, parameter_value, parameter_comment) VALUES (2,'0','INFO_LINK_DISCLAIMER_NAME','Disclaimer',NULL);
INSERT INTO app_portfolio.app_parameter (app_id, parameter_type_id, parameter_name, parameter_value, parameter_comment) VALUES (2,'0','INFO_LINK_DISCLAIMER_URL','/info/disclaimer',NULL);
INSERT INTO app_portfolio.app_parameter (app_id, parameter_type_id, parameter_name, parameter_value, parameter_comment) VALUES (2,'0','INFO_LINK_TERMS_NAME','Terms',NULL);
INSERT INTO app_portfolio.app_parameter (app_id, parameter_type_id, parameter_name, parameter_value, parameter_comment) VALUES (2,'0','INFO_LINK_TERMS_URL','/info/terms',NULL);
INSERT INTO app_portfolio.app_parameter (app_id, parameter_type_id, parameter_name, parameter_value, parameter_comment) VALUES (2,'0','INFO_LINK_ABOUT_NAME','About',NULL);
INSERT INTO app_portfolio.app_parameter (app_id, parameter_type_id, parameter_name, parameter_value, parameter_comment) VALUES (2,'0','INFO_LINK_ABOUT_URL','/info/about',NULL);
INSERT INTO app_portfolio.app_parameter (app_id, parameter_type_id, parameter_name, parameter_value, parameter_comment) VALUES (2,'1','INFO_SOCIAL_LINK1_ICON',NULL,NULL);
INSERT INTO app_portfolio.app_parameter (app_id, parameter_type_id, parameter_name, parameter_value, parameter_comment) VALUES (2,'1','INFO_SOCIAL_LINK1_URL',NULL,NULL);
INSERT INTO app_portfolio.app_parameter (app_id, parameter_type_id, parameter_name, parameter_value, parameter_comment) VALUES (2,'1','INFO_SOCIAL_LINK2_ICON',NULL,NULL);
INSERT INTO app_portfolio.app_parameter (app_id, parameter_type_id, parameter_name, parameter_value, parameter_comment) VALUES (2,'1','INFO_SOCIAL_LINK2_URL',NULL,NULL);
INSERT INTO app_portfolio.app_parameter (app_id, parameter_type_id, parameter_name, parameter_value, parameter_comment) VALUES (2,'1','INFO_SOCIAL_LINK3_ICON',NULL,NULL);
INSERT INTO app_portfolio.app_parameter (app_id, parameter_type_id, parameter_name, parameter_value, parameter_comment) VALUES (2,'1','INFO_SOCIAL_LINK3_URL',NULL,NULL);
INSERT INTO app_portfolio.app_parameter (app_id, parameter_type_id, parameter_name, parameter_value, parameter_comment) VALUES (2,'1','INFO_SOCIAL_LINK4_ICON',NULL,NULL);
INSERT INTO app_portfolio.app_parameter (app_id, parameter_type_id, parameter_name, parameter_value, parameter_comment) VALUES (2,'1','INFO_SOCIAL_LINK4_URL',NULL,NULL);
INSERT INTO app_portfolio.app_parameter (app_id, parameter_type_id, parameter_name, parameter_value, parameter_comment) VALUES (2,'0','REGIONAL_DEFAULT_ARABIC_SCRIPT','font_arabic_sans_kufi','Arabic script:Sans Kufi');
INSERT INTO app_portfolio.app_parameter (app_id, parameter_type_id, parameter_name, parameter_value, parameter_comment) VALUES (2,'0','REGIONAL_DEFAULT_CALENDAR_HIJRI_TYPE','islamic','Calendar hijri type: islamic');
INSERT INTO app_portfolio.app_parameter (app_id, parameter_type_id, parameter_name, parameter_value, parameter_comment) VALUES (2,'0','REGIONAL_DEFAULT_CALENDAR_LANG','en-us',NULL);
INSERT INTO app_portfolio.app_parameter (app_id, parameter_type_id, parameter_name, parameter_value, parameter_comment) VALUES (2,'0','REGIONAL_DEFAULT_CALENDAR_NUMBER_SYSTEM','latn','ex "-nu-latn"');
INSERT INTO app_portfolio.app_parameter (app_id, parameter_type_id, parameter_name, parameter_value, parameter_comment) VALUES (2,'0','REGIONAL_DEFAULT_CALENDAR_TYPE_GREG','gregory','ex "-u-ca-gregory"');
INSERT INTO app_portfolio.app_parameter (app_id, parameter_type_id, parameter_name, parameter_value, parameter_comment) VALUES (2,'0','REGIONAL_DEFAULT_CALENDARTYPE','GREGORIAN','Calendar type: Gregorian');
INSERT INTO app_portfolio.app_parameter (app_id, parameter_type_id, parameter_name, parameter_value, parameter_comment) VALUES (2,'0','REGIONAL_DEFAULT_COLTITLE','1','Column title: transliterated, translation');
INSERT INTO app_portfolio.app_parameter (app_id, parameter_type_id, parameter_name, parameter_value, parameter_comment) VALUES (2,'0','REGIONAL_DEFAULT_DIRECTION','ltr','Direction:Left to right');
INSERT INTO app_portfolio.app_parameter (app_id, parameter_type_id, parameter_name, parameter_value, parameter_comment) VALUES (2,'0','REGIONAL_DEFAULT_LOCALE_EXT_CALENDAR','-ca-',NULL);
INSERT INTO app_portfolio.app_parameter (app_id, parameter_type_id, parameter_name, parameter_value, parameter_comment) VALUES (2,'0','REGIONAL_DEFAULT_LOCALE_EXT_NUMBER_SYSTEM','-nu-',NULL);
INSERT INTO app_portfolio.app_parameter (app_id, parameter_type_id, parameter_name, parameter_value, parameter_comment) VALUES (2,'0','REGIONAL_DEFAULT_LOCALE_EXT_PREFIX','-u',NULL);
INSERT INTO app_portfolio.app_parameter (app_id, parameter_type_id, parameter_name, parameter_value, parameter_comment) VALUES (2,'0','REGIONAL_DEFAULT_LOCALE_SECOND','0','Second languague:None');
INSERT INTO app_portfolio.app_parameter (app_id, parameter_type_id, parameter_name, parameter_value, parameter_comment) VALUES (2,'0','GPS_DEFAULT_CITY',NULL,'City:... (none)');
INSERT INTO app_portfolio.app_parameter (app_id, parameter_type_id, parameter_name, parameter_value, parameter_comment) VALUES (2,'0','GPS_DEFAULT_COUNTRY',NULL,'Country:... (none)');
INSERT INTO app_portfolio.app_parameter (app_id, parameter_type_id, parameter_name, parameter_value, parameter_comment) VALUES (2,'0','GPS_DEFAULT_PLACE_ID','40002','Default place: Kabba, Makkah');
INSERT INTO app_portfolio.app_parameter (app_id, parameter_type_id, parameter_name, parameter_value, parameter_comment) VALUES (2,'0','GPS_MAP_CONTAINER','mapid',NULL);
INSERT INTO app_portfolio.app_parameter (app_id, parameter_type_id, parameter_name, parameter_value, parameter_comment) VALUES (2,'0','GPS_MAP_STYLE','satellite-streets-v11',NULL);
INSERT INTO app_portfolio.app_parameter (app_id, parameter_type_id, parameter_name, parameter_value, parameter_comment) VALUES (2,'0','GPS_MAP_ZOOM','14',NULL);
INSERT INTO app_portfolio.app_parameter (app_id, parameter_type_id, parameter_name, parameter_value, parameter_comment) VALUES (2,'0','GPS_MAP_ZOOM_CITY','8',NULL);
INSERT INTO app_portfolio.app_parameter (app_id, parameter_type_id, parameter_name, parameter_value, parameter_comment) VALUES (2,'0','GPS_MAP_ZOOM_PP','14',NULL);
INSERT INTO app_portfolio.app_parameter (app_id, parameter_type_id, parameter_name, parameter_value, parameter_comment) VALUES (2,'0','GPS_MAP_MARKER_DIV_CITY','map_marker_city',NULL);
INSERT INTO app_portfolio.app_parameter (app_id, parameter_type_id, parameter_name, parameter_value, parameter_comment) VALUES (2,'0','GPS_MAP_MARKER_DIV_GPS','map_marker_gps',NULL);
INSERT INTO app_portfolio.app_parameter (app_id, parameter_type_id, parameter_name, parameter_value, parameter_comment) VALUES (2,'0','GPS_MAP_MARKER_DIV_PP','map_marker_popular_place',NULL);
INSERT INTO app_portfolio.app_parameter (app_id, parameter_type_id, parameter_name, parameter_value, parameter_comment) VALUES (2,'0','GPS_MAP_STYLE_BASEURL','mapbox://styles/mapbox/',NULL);
INSERT INTO app_portfolio.app_parameter (app_id, parameter_type_id, parameter_name, parameter_value, parameter_comment) VALUES (2,'0','GPS_MAP_MAPTYPE','5','Maptype:satellite-streets-v11');
INSERT INTO app_portfolio.app_parameter (app_id, parameter_type_id, parameter_name, parameter_value, parameter_comment) VALUES (2,'0','GPS_MAP_FLYTO','1',NULL);
INSERT INTO app_portfolio.app_parameter (app_id, parameter_type_id, parameter_name, parameter_value, parameter_comment) VALUES (2,'0','GPS_MAP_JUMPTO','0',NULL);
INSERT INTO app_portfolio.app_parameter (app_id, parameter_type_id, parameter_name, parameter_value, parameter_comment) VALUES (2,'0','GPS_MAP_POPUP_OFFSET','25',NULL);
INSERT INTO app_portfolio.app_parameter (app_id, parameter_type_id, parameter_name, parameter_value, parameter_comment) VALUES (2,'0','GPS_MAP_QIBBLA_COLOR','#a49775',NULL);
INSERT INTO app_portfolio.app_parameter (app_id, parameter_type_id, parameter_name, parameter_value, parameter_comment) VALUES (2,'0','GPS_MAP_QIBBLA_LAT','21.4226',NULL);
INSERT INTO app_portfolio.app_parameter (app_id, parameter_type_id, parameter_name, parameter_value, parameter_comment) VALUES (2,'0','GPS_MAP_QIBBLA_LONG','39.8261',NULL);
INSERT INTO app_portfolio.app_parameter (app_id, parameter_type_id, parameter_name, parameter_value, parameter_comment) VALUES (2,'0','GPS_MAP_QIBBLA_OLD_COLOR','#404040',NULL);
INSERT INTO app_portfolio.app_parameter (app_id, parameter_type_id, parameter_name, parameter_value, parameter_comment) VALUES (2,'0','GPS_MAP_QIBBLA_OLD_LAT','30.3289',NULL);
INSERT INTO app_portfolio.app_parameter (app_id, parameter_type_id, parameter_name, parameter_value, parameter_comment) VALUES (2,'0','GPS_MAP_QIBBLA_OLD_LONG','35.4423',NULL);
INSERT INTO app_portfolio.app_parameter (app_id, parameter_type_id, parameter_name, parameter_value, parameter_comment) VALUES (2,'0','GPS_MAP_QIBBLA_OLD_OPACITY','0.4',NULL);
INSERT INTO app_portfolio.app_parameter (app_id, parameter_type_id, parameter_name, parameter_value, parameter_comment) VALUES (2,'0','GPS_MAP_QIBBLA_OLD_TEXT_SIZE','14','');
INSERT INTO app_portfolio.app_parameter (app_id, parameter_type_id, parameter_name, parameter_value, parameter_comment) VALUES (2,'0','GPS_MAP_QIBBLA_OLD_TITLE','Petra, jordan','Qibbla old Great temple');
INSERT INTO app_portfolio.app_parameter (app_id, parameter_type_id, parameter_name, parameter_value, parameter_comment) VALUES (2,'0','GPS_MAP_QIBBLA_OLD_WIDTH','4',NULL);
INSERT INTO app_portfolio.app_parameter (app_id, parameter_type_id, parameter_name, parameter_value, parameter_comment) VALUES (2,'0','GPS_MAP_QIBBLA_OPACITY','1',NULL);
INSERT INTO app_portfolio.app_parameter (app_id, parameter_type_id, parameter_name, parameter_value, parameter_comment) VALUES (2,'0','GPS_MAP_QIBBLA_TEXT_SIZE','14',NULL);
INSERT INTO app_portfolio.app_parameter (app_id, parameter_type_id, parameter_name, parameter_value, parameter_comment) VALUES (2,'0','GPS_MAP_QIBBLA_TITLE','Kaaba, Makkah','Qibbla Kabba, Makkah');
INSERT INTO app_portfolio.app_parameter (app_id, parameter_type_id, parameter_name, parameter_value, parameter_comment) VALUES (2,'0','GPS_MAP_QIBBLA_WIDTH','4',NULL);
INSERT INTO app_portfolio.app_parameter (app_id, parameter_type_id, parameter_name, parameter_value, parameter_comment) VALUES (2,'0','DESIGN_DEFAULT_HIGHLIGHT_ROW','1','highlight row: Friday');
INSERT INTO app_portfolio.app_parameter (app_id, parameter_type_id, parameter_name, parameter_value, parameter_comment) VALUES (2,'0','DESIGN_DEFAULT_PAPERSIZE','A4','A4 paper');
INSERT INTO app_portfolio.app_parameter (app_id, parameter_type_id, parameter_name, parameter_value, parameter_comment) VALUES (2,'0','DESIGN_DEFAULT_SHOW_CALENDARTYPE','true','Column calendartype: true');
INSERT INTO app_portfolio.app_parameter (app_id, parameter_type_id, parameter_name, parameter_value, parameter_comment) VALUES (2,'0','DESIGN_DEFAULT_SHOW_GPS','false','Show GPS: false');
INSERT INTO app_portfolio.app_parameter (app_id, parameter_type_id, parameter_name, parameter_value, parameter_comment) VALUES (2,'0','DESIGN_DEFAULT_SHOW_NOTES','false','Show notes: false');
INSERT INTO app_portfolio.app_parameter (app_id, parameter_type_id, parameter_name, parameter_value, parameter_comment) VALUES (2,'0','DESIGN_DEFAULT_SHOW_TIMEZONE','false','Show timezone: false');
INSERT INTO app_portfolio.app_parameter (app_id, parameter_type_id, parameter_name, parameter_value, parameter_comment) VALUES (2,'0','DESIGN_DEFAULT_SHOW_WEEKDAY','true','Show weekday: true');
INSERT INTO app_portfolio.app_parameter (app_id, parameter_type_id, parameter_name, parameter_value, parameter_comment) VALUES (2,'0','DESIGN_DEFAULT_THEME_DAY','10003',NULL);
INSERT INTO app_portfolio.app_parameter (app_id, parameter_type_id, parameter_name, parameter_value, parameter_comment) VALUES (2,'0','DESIGN_DEFAULT_THEME_MONTH','20003',NULL);
INSERT INTO app_portfolio.app_parameter (app_id, parameter_type_id, parameter_name, parameter_value, parameter_comment) VALUES (2,'0','DESIGN_DEFAULT_THEME_YEAR','30001',NULL);
INSERT INTO app_portfolio.app_parameter (app_id, parameter_type_id, parameter_name, parameter_value, parameter_comment) VALUES (2,'0','TEXT_DEFAULT_REPORTFOOTER1','Ø¨ÙØ³Ù’Ù…Ù Ø§Ù„Ù„Ù‡Ù Ø§Ù„Ø±ÙŽÙ‘Ø­Ù’Ù…Ù°Ù†Ù Ø§Ù„Ø±ÙŽÙ‘Ø­ÙÙŠÙ’Ù…Ù',NULL);
INSERT INTO app_portfolio.app_parameter (app_id, parameter_type_id, parameter_name, parameter_value, parameter_comment) VALUES (2,'0','TEXT_DEFAULT_REPORTFOOTER2','In the name of God, the Almighty, the Merciful',NULL);
INSERT INTO app_portfolio.app_parameter (app_id, parameter_type_id, parameter_name, parameter_value, parameter_comment) VALUES (2,'0','TEXT_DEFAULT_REPORTFOOTER3','Advanced traditional muslim prayer report',NULL);
INSERT INTO app_portfolio.app_parameter (app_id, parameter_type_id, parameter_name, parameter_value, parameter_comment) VALUES (2,'0','TEXT_DEFAULT_REPORTTITLE1',NULL,NULL);
INSERT INTO app_portfolio.app_parameter (app_id, parameter_type_id, parameter_name, parameter_value, parameter_comment) VALUES (2,'0','TEXT_DEFAULT_REPORTTITLE2',NULL,NULL);
INSERT INTO app_portfolio.app_parameter (app_id, parameter_type_id, parameter_name, parameter_value, parameter_comment) VALUES (2,'0','TEXT_DEFAULT_REPORTTITLE3',NULL,NULL);
INSERT INTO app_portfolio.app_parameter (app_id, parameter_type_id, parameter_name, parameter_value, parameter_comment) VALUES (2,'0','IMAGE_HEADER_FOOTER_HEIGHT','160',NULL);
INSERT INTO app_portfolio.app_parameter (app_id, parameter_type_id, parameter_name, parameter_value, parameter_comment) VALUES (2,'0','IMAGE_HEADER_FOOTER_WIDTH','800',NULL);
INSERT INTO app_portfolio.app_parameter (app_id, parameter_type_id, parameter_name, parameter_value, parameter_comment) VALUES (2,'0','IMAGE_DEFAULT_REPORT_FOOTER_SRC',NULL,NULL);
INSERT INTO app_portfolio.app_parameter (app_id, parameter_type_id, parameter_name, parameter_value, parameter_comment) VALUES (2,'0','IMAGE_DEFAULT_REPORT_HEADER_SRC','/app2/images/banner_kaaba.jpg',NULL);
INSERT INTO app_portfolio.app_parameter (app_id, parameter_type_id, parameter_name, parameter_value, parameter_comment) VALUES (2,'0','PRAYER_DEFAULT_ASR','Standard','Asr method: Standard');
INSERT INTO app_portfolio.app_parameter (app_id, parameter_type_id, parameter_name, parameter_value, parameter_comment) VALUES (2,'0','PRAYER_DEFAULT_HIGHLATITUDE','AngleBased','High latitude adj.: Angle/60th of night');
INSERT INTO app_portfolio.app_parameter (app_id, parameter_type_id, parameter_name, parameter_value, parameter_comment) VALUES (2,'0','PRAYER_DEFAULT_HIJRI_ADJUSTMENT','0','Hijri date adjustment: 0');
INSERT INTO app_portfolio.app_parameter (app_id, parameter_type_id, parameter_name, parameter_value, parameter_comment) VALUES (2,'0','PRAYER_DEFAULT_IQAMAT_TITLE_ASR','0','Asr Iqamat: None');
INSERT INTO app_portfolio.app_parameter (app_id, parameter_type_id, parameter_name, parameter_value, parameter_comment) VALUES (2,'0','PRAYER_DEFAULT_IQAMAT_TITLE_DHUHR','0','Dhuhr Iqamat: None');
INSERT INTO app_portfolio.app_parameter (app_id, parameter_type_id, parameter_name, parameter_value, parameter_comment) VALUES (2,'0','PRAYER_DEFAULT_IQAMAT_TITLE_FAJR','0','Fajr Iqamat: None');
INSERT INTO app_portfolio.app_parameter (app_id, parameter_type_id, parameter_name, parameter_value, parameter_comment) VALUES (2,'0','PRAYER_DEFAULT_IQAMAT_TITLE_ISHA','0','Isha Iqamat: None');
INSERT INTO app_portfolio.app_parameter (app_id, parameter_type_id, parameter_name, parameter_value, parameter_comment) VALUES (2,'0','PRAYER_DEFAULT_IQAMAT_TITLE_MAGHRIB','0','Maghrib Iqamat: None');
INSERT INTO app_portfolio.app_parameter (app_id, parameter_type_id, parameter_name, parameter_value, parameter_comment) VALUES (2,'0','PRAYER_DEFAULT_METHOD','MWL','Method: Muslim World League (MWL)');
INSERT INTO app_portfolio.app_parameter (app_id, parameter_type_id, parameter_name, parameter_value, parameter_comment) VALUES (2,'0','PRAYER_DEFAULT_SHOW_FAST_START_END','1','Fajr and Maghrib fasting info');
INSERT INTO app_portfolio.app_parameter (app_id, parameter_type_id, parameter_name, parameter_value, parameter_comment) VALUES (2,'0','PRAYER_DEFAULT_SHOW_IMSAK','false','Column imsak: no');
INSERT INTO app_portfolio.app_parameter (app_id, parameter_type_id, parameter_name, parameter_value, parameter_comment) VALUES (2,'0','PRAYER_DEFAULT_SHOW_MIDNIGHT','false','Column midnight: no');
INSERT INTO app_portfolio.app_parameter (app_id, parameter_type_id, parameter_name, parameter_value, parameter_comment) VALUES (2,'0','PRAYER_DEFAULT_SHOW_SUNSET','false','Column sunset: no');
INSERT INTO app_portfolio.app_parameter (app_id, parameter_type_id, parameter_name, parameter_value, parameter_comment) VALUES (2,'0','PRAYER_DEFAULT_TIMEFORMAT','12hNS','Timeformat: 12h with no suffix');
INSERT INTO app_portfolio.app_parameter (app_id, parameter_type_id, parameter_name, parameter_value, parameter_comment) VALUES (2,'0','PWA_BACKGROUND_COLOR','#FFFFFF',NULL);
INSERT INTO app_portfolio.app_parameter (app_id, parameter_type_id, parameter_name, parameter_value, parameter_comment) VALUES (2,'0','PWA_DESCRIPTION','Progressive web app (PWA) single page application (SPA).',NULL);
INSERT INTO app_portfolio.app_parameter (app_id, parameter_type_id, parameter_name, parameter_value, parameter_comment) VALUES (2,'0','PWA_DISPLAY','standalone',NULL);
INSERT INTO app_portfolio.app_parameter (app_id, parameter_type_id, parameter_name, parameter_value, parameter_comment) VALUES (2,'0','PWA_ICONS1_SIZES','192x192',NULL);
INSERT INTO app_portfolio.app_parameter (app_id, parameter_type_id, parameter_name, parameter_value, parameter_comment) VALUES (2,'0','PWA_ICONS1_SRC','/app2/images/pwa/icon-192x192.png',NULL);
INSERT INTO app_portfolio.app_parameter (app_id, parameter_type_id, parameter_name, parameter_value, parameter_comment) VALUES (2,'0','PWA_ICONS1_TYPE','image/png',NULL);
INSERT INTO app_portfolio.app_parameter (app_id, parameter_type_id, parameter_name, parameter_value, parameter_comment) VALUES (2,'0','PWA_ICONS2_SIZES','512x512',NULL);
INSERT INTO app_portfolio.app_parameter (app_id, parameter_type_id, parameter_name, parameter_value, parameter_comment) VALUES (2,'0','PWA_ICONS2_SRC','/app2/images/pwa/icon-512x512.png',NULL);
INSERT INTO app_portfolio.app_parameter (app_id, parameter_type_id, parameter_name, parameter_value, parameter_comment) VALUES (2,'0','PWA_ICONS2_TYPE','image/png',NULL);
INSERT INTO app_portfolio.app_parameter (app_id, parameter_type_id, parameter_name, parameter_value, parameter_comment) VALUES (2,'0','PWA_NAME','Timetables',NULL);
INSERT INTO app_portfolio.app_parameter (app_id, parameter_type_id, parameter_name, parameter_value, parameter_comment) VALUES (2,'0','PWA_ORIENTATION','portrait-primary',NULL);
INSERT INTO app_portfolio.app_parameter (app_id, parameter_type_id, parameter_name, parameter_value, parameter_comment) VALUES (2,'0','PWA_SCOPE','/',NULL);
INSERT INTO app_portfolio.app_parameter (app_id, parameter_type_id, parameter_name, parameter_value, parameter_comment) VALUES (2,'0','PWA_SHORT_NAME','Timetables',NULL);
INSERT INTO app_portfolio.app_parameter (app_id, parameter_type_id, parameter_name, parameter_value, parameter_comment) VALUES (2,'0','PWA_START_URL','/',NULL);
INSERT INTO app_portfolio.app_parameter (app_id, parameter_type_id, parameter_name, parameter_value, parameter_comment) VALUES (2,'0','PWA_THEME_COLOR','#a49775',NULL);
INSERT INTO app_portfolio.app_parameter (app_id, parameter_type_id, parameter_name, parameter_value, parameter_comment) VALUES (2,'0','QR_BACKGROUND_COLOR','#ffffff',NULL);
INSERT INTO app_portfolio.app_parameter (app_id, parameter_type_id, parameter_name, parameter_value, parameter_comment) VALUES (2,'0','QR_COLOR_DARK','#2b2b32',NULL);
INSERT INTO app_portfolio.app_parameter (app_id, parameter_type_id, parameter_name, parameter_value, parameter_comment) VALUES (2,'0','QR_COLOR_LIGHT','#ffffff',NULL);
INSERT INTO app_portfolio.app_parameter (app_id, parameter_type_id, parameter_name, parameter_value, parameter_comment) VALUES (2,'0','QR_HEIGHT','128',NULL);
INSERT INTO app_portfolio.app_parameter (app_id, parameter_type_id, parameter_name, parameter_value, parameter_comment) VALUES (2,'0','QR_LOGO_FILE_PATH','/app2/images/logo.png',NULL);
INSERT INTO app_portfolio.app_parameter (app_id, parameter_type_id, parameter_name, parameter_value, parameter_comment) VALUES (2,'0','QR_LOGO_HEIGHT','32',NULL);
INSERT INTO app_portfolio.app_parameter (app_id, parameter_type_id, parameter_name, parameter_value, parameter_comment) VALUES (2,'0','QR_LOGO_WIDTH','32',NULL);
INSERT INTO app_portfolio.app_parameter (app_id, parameter_type_id, parameter_name, parameter_value, parameter_comment) VALUES (2,'0','QR_WIDTH','128',NULL);
INSERT INTO app_portfolio.app_parameter (app_id, parameter_type_id, parameter_name, parameter_value, parameter_comment) VALUES (2,'2','SERVICE_DB_DB1_APP_USER','{DB_USER}',NULL);
INSERT INTO app_portfolio.app_parameter (app_id, parameter_type_id, parameter_name, parameter_value, parameter_comment) VALUES (2,'2','SERVICE_DB_DB1_APP_PASSWORD','{DB_PASSWORD}',NULL);
INSERT INTO app_portfolio.app_parameter (app_id, parameter_type_id, parameter_name, parameter_value, parameter_comment) VALUES (2,'2','SERVICE_DB_DB2_APP_USER','{DB_USER}',NULL);
INSERT INTO app_portfolio.app_parameter (app_id, parameter_type_id, parameter_name, parameter_value, parameter_comment) VALUES (2,'2','SERVICE_DB_DB2_APP_PASSWORD','{DB_PASSWORD}',NULL);

INSERT INTO app_portfolio.app_parameter (app_id, parameter_type_id, parameter_name, parameter_value, parameter_comment) VALUES (3,'1','APP_COPYRIGHT','{COPYRIGHT TEXT}',NULL);
INSERT INTO app_portfolio.app_parameter (app_id, parameter_type_id, parameter_name, parameter_value, parameter_comment) VALUES (3,'2','SERVICE_DB_DB1_APP_USER','{DB_USER}',NULL);
INSERT INTO app_portfolio.app_parameter (app_id, parameter_type_id, parameter_name, parameter_value, parameter_comment) VALUES (3,'2','SERVICE_DB_DB1_APP_PASSWORD','{DB_PASSWORD}',NULL);
INSERT INTO app_portfolio.app_parameter (app_id, parameter_type_id, parameter_name, parameter_value, parameter_comment) VALUES (3,'2','SERVICE_DB_DB2_APP_USER','{DB_USER}',NULL);
INSERT INTO app_portfolio.app_parameter (app_id, parameter_type_id, parameter_name, parameter_value, parameter_comment) VALUES (3,'2','SERVICE_DB_DB2_APP_PASSWORD','{DB_PASSWORD}',NULL);
--
-- device_type
--
INSERT INTO app_portfolio.device_type (id, device_type_name) VALUES( 1, 'Phone');
INSERT INTO app_portfolio.device_type (id, device_type_name) VALUES( 2, 'Tablet');
INSERT INTO app_portfolio.device_type (id, device_type_name) VALUES( 3, 'PC');
INSERT INTO app_portfolio.device_type (id, device_type_name) VALUES( 4, 'Laptop');
INSERT INTO app_portfolio.device_type (id, device_type_name) VALUES( 5, 'TV');
--
-- device
--
INSERT INTO app_portfolio.device (id, device_name, screen_x, screen_y, device_type_id) VALUES( 1, 'App Portfolio Mobile', '1080', '2400', 1);
INSERT INTO app_portfolio.device (id, device_name, screen_x, screen_y, device_type_id) VALUES( 2, 'App Portfolio Laptop', '1920', '1080', 4);
--
-- app_device
--
INSERT INTO app_portfolio.app_device(app_id, device_id) VALUES(1, 1);
INSERT INTO app_portfolio.app_device(app_id, device_id) VALUES(2, 1);
--
-- regional_types
--
INSERT INTO app_portfolio.regional_type (id, regional_type) VALUES (1,'TIMEZONE');
INSERT INTO app_portfolio.regional_type (id, regional_type) VALUES (2,'NUMBER_SYSTEM');
INSERT INTO app_portfolio.regional_type (id, regional_type) VALUES (3,'DIRECTION');
INSERT INTO app_portfolio.regional_type (id, regional_type) VALUES (4,'COLUMN_TITLE');
INSERT INTO app_portfolio.regional_type (id, regional_type) VALUES (5,'ARABIC_SCRIPT');
INSERT INTO app_portfolio.regional_type (id, regional_type) VALUES (6,'CALENDAR_TYPE');
INSERT INTO app_portfolio.regional_type (id, regional_type) VALUES (7,'CALENDAR_HIJRI_TYPE');
--
-- regional_setting
--
INSERT INTO app_portfolio.regional_setting (id, data, regional_type_id) VALUES (1,'Africa/Abidjan',1);
INSERT INTO app_portfolio.regional_setting (id, data, regional_type_id) VALUES (2,'Africa/Accra',1);
INSERT INTO app_portfolio.regional_setting (id, data, regional_type_id) VALUES (3,'Africa/Addis_Ababa',1);
INSERT INTO app_portfolio.regional_setting (id, data, regional_type_id) VALUES (4,'Africa/Algiers',1);
INSERT INTO app_portfolio.regional_setting (id, data, regional_type_id) VALUES (5,'Africa/Asmara',1);
INSERT INTO app_portfolio.regional_setting (id, data, regional_type_id) VALUES (6,'Africa/Bamako',1);
INSERT INTO app_portfolio.regional_setting (id, data, regional_type_id) VALUES (7,'Africa/Bangui',1);
INSERT INTO app_portfolio.regional_setting (id, data, regional_type_id) VALUES (8,'Africa/Banjul',1);
INSERT INTO app_portfolio.regional_setting (id, data, regional_type_id) VALUES (9,'Africa/Bissau',1);
INSERT INTO app_portfolio.regional_setting (id, data, regional_type_id) VALUES (10,'Africa/Blantyre',1);
INSERT INTO app_portfolio.regional_setting (id, data, regional_type_id) VALUES (11,'Africa/Brazzaville',1);
INSERT INTO app_portfolio.regional_setting (id, data, regional_type_id) VALUES (12,'Africa/Bujumbura',1);
INSERT INTO app_portfolio.regional_setting (id, data, regional_type_id) VALUES (13,'Africa/Cairo',1);
INSERT INTO app_portfolio.regional_setting (id, data, regional_type_id) VALUES (14,'Africa/Casablanca',1);
INSERT INTO app_portfolio.regional_setting (id, data, regional_type_id) VALUES (15,'Africa/Ceuta',1);
INSERT INTO app_portfolio.regional_setting (id, data, regional_type_id) VALUES (16,'Africa/Conakry',1);
INSERT INTO app_portfolio.regional_setting (id, data, regional_type_id) VALUES (17,'Africa/Dakar',1);
INSERT INTO app_portfolio.regional_setting (id, data, regional_type_id) VALUES (18,'Africa/Dar_es_Salaam',1);
INSERT INTO app_portfolio.regional_setting (id, data, regional_type_id) VALUES (19,'Africa/Djibouti',1);
INSERT INTO app_portfolio.regional_setting (id, data, regional_type_id) VALUES (20,'Africa/Douala',1);
INSERT INTO app_portfolio.regional_setting (id, data, regional_type_id) VALUES (21,'Africa/El_Aaiun',1);
INSERT INTO app_portfolio.regional_setting (id, data, regional_type_id) VALUES (22,'Africa/Freetown',1);
INSERT INTO app_portfolio.regional_setting (id, data, regional_type_id) VALUES (23,'Africa/Gaborone',1);
INSERT INTO app_portfolio.regional_setting (id, data, regional_type_id) VALUES (24,'Africa/Harare',1);
INSERT INTO app_portfolio.regional_setting (id, data, regional_type_id) VALUES (25,'Africa/Johannesburg',1);
INSERT INTO app_portfolio.regional_setting (id, data, regional_type_id) VALUES (26,'Africa/Juba',1);
INSERT INTO app_portfolio.regional_setting (id, data, regional_type_id) VALUES (27,'Africa/Kampala',1);
INSERT INTO app_portfolio.regional_setting (id, data, regional_type_id) VALUES (28,'Africa/Khartoum',1);
INSERT INTO app_portfolio.regional_setting (id, data, regional_type_id) VALUES (29,'Africa/Kigali',1);
INSERT INTO app_portfolio.regional_setting (id, data, regional_type_id) VALUES (30,'Africa/Kinshasa',1);
INSERT INTO app_portfolio.regional_setting (id, data, regional_type_id) VALUES (31,'Africa/Lagos',1);
INSERT INTO app_portfolio.regional_setting (id, data, regional_type_id) VALUES (32,'Africa/Libreville',1);
INSERT INTO app_portfolio.regional_setting (id, data, regional_type_id) VALUES (33,'Africa/Lome',1);
INSERT INTO app_portfolio.regional_setting (id, data, regional_type_id) VALUES (34,'Africa/Luanda',1);
INSERT INTO app_portfolio.regional_setting (id, data, regional_type_id) VALUES (35,'Africa/Lubumbashi',1);
INSERT INTO app_portfolio.regional_setting (id, data, regional_type_id) VALUES (36,'Africa/Lusaka',1);
INSERT INTO app_portfolio.regional_setting (id, data, regional_type_id) VALUES (37,'Africa/Malabo',1);
INSERT INTO app_portfolio.regional_setting (id, data, regional_type_id) VALUES (38,'Africa/Maputo',1);
INSERT INTO app_portfolio.regional_setting (id, data, regional_type_id) VALUES (39,'Africa/Maseru',1);
INSERT INTO app_portfolio.regional_setting (id, data, regional_type_id) VALUES (40,'Africa/Mbabane',1);
INSERT INTO app_portfolio.regional_setting (id, data, regional_type_id) VALUES (41,'Africa/Mogadishu',1);
INSERT INTO app_portfolio.regional_setting (id, data, regional_type_id) VALUES (42,'Africa/Monrovia',1);
INSERT INTO app_portfolio.regional_setting (id, data, regional_type_id) VALUES (43,'Africa/Nairobi',1);
INSERT INTO app_portfolio.regional_setting (id, data, regional_type_id) VALUES (44,'Africa/Ndjamena',1);
INSERT INTO app_portfolio.regional_setting (id, data, regional_type_id) VALUES (45,'Africa/Niamey',1);
INSERT INTO app_portfolio.regional_setting (id, data, regional_type_id) VALUES (46,'Africa/Nouakchott',1);
INSERT INTO app_portfolio.regional_setting (id, data, regional_type_id) VALUES (47,'Africa/Ouagadougou',1);
INSERT INTO app_portfolio.regional_setting (id, data, regional_type_id) VALUES (48,'Africa/Porto-Novo',1);
INSERT INTO app_portfolio.regional_setting (id, data, regional_type_id) VALUES (49,'Africa/Sao_Tome',1);
INSERT INTO app_portfolio.regional_setting (id, data, regional_type_id) VALUES (50,'Africa/Tripoli',1);
INSERT INTO app_portfolio.regional_setting (id, data, regional_type_id) VALUES (51,'Africa/Tunis',1);
INSERT INTO app_portfolio.regional_setting (id, data, regional_type_id) VALUES (52,'Africa/Windhoek',1);
INSERT INTO app_portfolio.regional_setting (id, data, regional_type_id) VALUES (53,'America/Adak',1);
INSERT INTO app_portfolio.regional_setting (id, data, regional_type_id) VALUES (54,'America/Anchorage',1);
INSERT INTO app_portfolio.regional_setting (id, data, regional_type_id) VALUES (55,'America/Anguilla',1);
INSERT INTO app_portfolio.regional_setting (id, data, regional_type_id) VALUES (56,'America/Antigua',1);
INSERT INTO app_portfolio.regional_setting (id, data, regional_type_id) VALUES (57,'America/Araguaina',1);
INSERT INTO app_portfolio.regional_setting (id, data, regional_type_id) VALUES (58,'America/Argentina/Buenos_Aires',1);
INSERT INTO app_portfolio.regional_setting (id, data, regional_type_id) VALUES (59,'America/Argentina/Catamarca',1);
INSERT INTO app_portfolio.regional_setting (id, data, regional_type_id) VALUES (60,'America/Argentina/Cordoba',1);
INSERT INTO app_portfolio.regional_setting (id, data, regional_type_id) VALUES (61,'America/Argentina/Jujuy',1);
INSERT INTO app_portfolio.regional_setting (id, data, regional_type_id) VALUES (62,'America/Argentina/La_Rioja',1);
INSERT INTO app_portfolio.regional_setting (id, data, regional_type_id) VALUES (63,'America/Argentina/Mendoza',1);
INSERT INTO app_portfolio.regional_setting (id, data, regional_type_id) VALUES (64,'America/Argentina/Rio_Gallegos',1);
INSERT INTO app_portfolio.regional_setting (id, data, regional_type_id) VALUES (65,'America/Argentina/Salta',1);
INSERT INTO app_portfolio.regional_setting (id, data, regional_type_id) VALUES (66,'America/Argentina/San_Juan',1);
INSERT INTO app_portfolio.regional_setting (id, data, regional_type_id) VALUES (67,'America/Argentina/San_Luis',1);
INSERT INTO app_portfolio.regional_setting (id, data, regional_type_id) VALUES (68,'America/Argentina/Tucuman',1);
INSERT INTO app_portfolio.regional_setting (id, data, regional_type_id) VALUES (69,'America/Argentina/Ushuaia',1);
INSERT INTO app_portfolio.regional_setting (id, data, regional_type_id) VALUES (70,'America/Aruba',1);
INSERT INTO app_portfolio.regional_setting (id, data, regional_type_id) VALUES (71,'America/Asuncion',1);
INSERT INTO app_portfolio.regional_setting (id, data, regional_type_id) VALUES (72,'America/Atikokan',1);
INSERT INTO app_portfolio.regional_setting (id, data, regional_type_id) VALUES (73,'America/Bahia',1);
INSERT INTO app_portfolio.regional_setting (id, data, regional_type_id) VALUES (74,'America/Bahia_Banderas',1);
INSERT INTO app_portfolio.regional_setting (id, data, regional_type_id) VALUES (75,'America/Barbados',1);
INSERT INTO app_portfolio.regional_setting (id, data, regional_type_id) VALUES (76,'America/Belem',1);
INSERT INTO app_portfolio.regional_setting (id, data, regional_type_id) VALUES (77,'America/Belize',1);
INSERT INTO app_portfolio.regional_setting (id, data, regional_type_id) VALUES (78,'America/Blanc-Sablon',1);
INSERT INTO app_portfolio.regional_setting (id, data, regional_type_id) VALUES (79,'America/Boa_Vista',1);
INSERT INTO app_portfolio.regional_setting (id, data, regional_type_id) VALUES (80,'America/Bogota',1);
INSERT INTO app_portfolio.regional_setting (id, data, regional_type_id) VALUES (81,'America/Boise',1);
INSERT INTO app_portfolio.regional_setting (id, data, regional_type_id) VALUES (82,'America/Cambridge_Bay',1);
INSERT INTO app_portfolio.regional_setting (id, data, regional_type_id) VALUES (83,'America/Campo_Grande',1);
INSERT INTO app_portfolio.regional_setting (id, data, regional_type_id) VALUES (84,'America/Cancun',1);
INSERT INTO app_portfolio.regional_setting (id, data, regional_type_id) VALUES (85,'America/Caracas',1);
INSERT INTO app_portfolio.regional_setting (id, data, regional_type_id) VALUES (86,'America/Cayenne',1);
INSERT INTO app_portfolio.regional_setting (id, data, regional_type_id) VALUES (87,'America/Cayman',1);
INSERT INTO app_portfolio.regional_setting (id, data, regional_type_id) VALUES (88,'America/Chicago',1);
INSERT INTO app_portfolio.regional_setting (id, data, regional_type_id) VALUES (89,'America/Chihuahua',1);
INSERT INTO app_portfolio.regional_setting (id, data, regional_type_id) VALUES (90,'America/Coral_Harbour',1);
INSERT INTO app_portfolio.regional_setting (id, data, regional_type_id) VALUES (91,'America/Costa_Rica',1);
INSERT INTO app_portfolio.regional_setting (id, data, regional_type_id) VALUES (92,'America/Creston',1);
INSERT INTO app_portfolio.regional_setting (id, data, regional_type_id) VALUES (93,'America/Cuiaba',1);
INSERT INTO app_portfolio.regional_setting (id, data, regional_type_id) VALUES (94,'America/Curacao',1);
INSERT INTO app_portfolio.regional_setting (id, data, regional_type_id) VALUES (95,'America/Danmarkshavn',1);
INSERT INTO app_portfolio.regional_setting (id, data, regional_type_id) VALUES (96,'America/Dawson',1);
INSERT INTO app_portfolio.regional_setting (id, data, regional_type_id) VALUES (97,'America/Dawson_Creek',1);
INSERT INTO app_portfolio.regional_setting (id, data, regional_type_id) VALUES (98,'America/Denver',1);
INSERT INTO app_portfolio.regional_setting (id, data, regional_type_id) VALUES (99,'America/Detroit',1);
INSERT INTO app_portfolio.regional_setting (id, data, regional_type_id) VALUES (100,'America/Dominica',1);
INSERT INTO app_portfolio.regional_setting (id, data, regional_type_id) VALUES (101,'America/Edmonton',1);
INSERT INTO app_portfolio.regional_setting (id, data, regional_type_id) VALUES (102,'America/Eirunepe',1);
INSERT INTO app_portfolio.regional_setting (id, data, regional_type_id) VALUES (103,'America/El_Salvador',1);
INSERT INTO app_portfolio.regional_setting (id, data, regional_type_id) VALUES (104,'America/Fort_Nelson',1);
INSERT INTO app_portfolio.regional_setting (id, data, regional_type_id) VALUES (105,'America/Fortaleza',1);
INSERT INTO app_portfolio.regional_setting (id, data, regional_type_id) VALUES (106,'America/Glace_Bay',1);
INSERT INTO app_portfolio.regional_setting (id, data, regional_type_id) VALUES (107,'America/Godthab',1);
INSERT INTO app_portfolio.regional_setting (id, data, regional_type_id) VALUES (108,'America/Goose_Bay',1);
INSERT INTO app_portfolio.regional_setting (id, data, regional_type_id) VALUES (109,'America/Grand_Turk',1);
INSERT INTO app_portfolio.regional_setting (id, data, regional_type_id) VALUES (110,'America/Grenada',1);
INSERT INTO app_portfolio.regional_setting (id, data, regional_type_id) VALUES (111,'America/Guadeloupe',1);
INSERT INTO app_portfolio.regional_setting (id, data, regional_type_id) VALUES (112,'America/Guatemala',1);
INSERT INTO app_portfolio.regional_setting (id, data, regional_type_id) VALUES (113,'America/Guayaquil',1);
INSERT INTO app_portfolio.regional_setting (id, data, regional_type_id) VALUES (114,'America/Guyana',1);
INSERT INTO app_portfolio.regional_setting (id, data, regional_type_id) VALUES (115,'America/Halifax',1);
INSERT INTO app_portfolio.regional_setting (id, data, regional_type_id) VALUES (116,'America/Havana',1);
INSERT INTO app_portfolio.regional_setting (id, data, regional_type_id) VALUES (117,'America/Hermosillo',1);
INSERT INTO app_portfolio.regional_setting (id, data, regional_type_id) VALUES (118,'America/Indiana/Indianapolis',1);
INSERT INTO app_portfolio.regional_setting (id, data, regional_type_id) VALUES (119,'America/Indiana/Knox',1);
INSERT INTO app_portfolio.regional_setting (id, data, regional_type_id) VALUES (120,'America/Indiana/Marengo',1);
INSERT INTO app_portfolio.regional_setting (id, data, regional_type_id) VALUES (121,'America/Indiana/Petersburg',1);
INSERT INTO app_portfolio.regional_setting (id, data, regional_type_id) VALUES (122,'America/Indiana/Tell_City',1);
INSERT INTO app_portfolio.regional_setting (id, data, regional_type_id) VALUES (123,'America/Indiana/Vevay',1);
INSERT INTO app_portfolio.regional_setting (id, data, regional_type_id) VALUES (124,'America/Indiana/Vincennes',1);
INSERT INTO app_portfolio.regional_setting (id, data, regional_type_id) VALUES (125,'America/Indiana/Winamac',1);
INSERT INTO app_portfolio.regional_setting (id, data, regional_type_id) VALUES (126,'America/Inuvik',1);
INSERT INTO app_portfolio.regional_setting (id, data, regional_type_id) VALUES (127,'America/Iqaluit',1);
INSERT INTO app_portfolio.regional_setting (id, data, regional_type_id) VALUES (128,'America/Jamaica',1);
INSERT INTO app_portfolio.regional_setting (id, data, regional_type_id) VALUES (129,'America/Juneau',1);
INSERT INTO app_portfolio.regional_setting (id, data, regional_type_id) VALUES (130,'America/Kentucky/Louisville',1);
INSERT INTO app_portfolio.regional_setting (id, data, regional_type_id) VALUES (131,'America/Kentucky/Monticello',1);
INSERT INTO app_portfolio.regional_setting (id, data, regional_type_id) VALUES (132,'America/Kralendijk',1);
INSERT INTO app_portfolio.regional_setting (id, data, regional_type_id) VALUES (133,'America/La_Paz',1);
INSERT INTO app_portfolio.regional_setting (id, data, regional_type_id) VALUES (134,'America/Lima',1);
INSERT INTO app_portfolio.regional_setting (id, data, regional_type_id) VALUES (135,'America/Los_Angeles',1);
INSERT INTO app_portfolio.regional_setting (id, data, regional_type_id) VALUES (136,'America/Lower_Princes',1);
INSERT INTO app_portfolio.regional_setting (id, data, regional_type_id) VALUES (137,'America/Maceio',1);
INSERT INTO app_portfolio.regional_setting (id, data, regional_type_id) VALUES (138,'America/Managua',1);
INSERT INTO app_portfolio.regional_setting (id, data, regional_type_id) VALUES (139,'America/Manaus',1);
INSERT INTO app_portfolio.regional_setting (id, data, regional_type_id) VALUES (140,'America/Marigot',1);
INSERT INTO app_portfolio.regional_setting (id, data, regional_type_id) VALUES (141,'America/Martinique',1);
INSERT INTO app_portfolio.regional_setting (id, data, regional_type_id) VALUES (142,'America/Matamoros',1);
INSERT INTO app_portfolio.regional_setting (id, data, regional_type_id) VALUES (143,'America/Mazatlan',1);
INSERT INTO app_portfolio.regional_setting (id, data, regional_type_id) VALUES (144,'America/Menominee',1);
INSERT INTO app_portfolio.regional_setting (id, data, regional_type_id) VALUES (145,'America/Merida',1);
INSERT INTO app_portfolio.regional_setting (id, data, regional_type_id) VALUES (146,'America/Metlakatla',1);
INSERT INTO app_portfolio.regional_setting (id, data, regional_type_id) VALUES (147,'America/Mexico_City',1);
INSERT INTO app_portfolio.regional_setting (id, data, regional_type_id) VALUES (148,'America/Miquelon',1);
INSERT INTO app_portfolio.regional_setting (id, data, regional_type_id) VALUES (149,'America/Moncton',1);
INSERT INTO app_portfolio.regional_setting (id, data, regional_type_id) VALUES (150,'America/Monterrey',1);
INSERT INTO app_portfolio.regional_setting (id, data, regional_type_id) VALUES (151,'America/Montevideo',1);
INSERT INTO app_portfolio.regional_setting (id, data, regional_type_id) VALUES (152,'America/Montreal',1);
INSERT INTO app_portfolio.regional_setting (id, data, regional_type_id) VALUES (153,'America/Montserrat',1);
INSERT INTO app_portfolio.regional_setting (id, data, regional_type_id) VALUES (154,'America/Nassau',1);
INSERT INTO app_portfolio.regional_setting (id, data, regional_type_id) VALUES (155,'America/New_York',1);
INSERT INTO app_portfolio.regional_setting (id, data, regional_type_id) VALUES (156,'America/Nipigon',1);
INSERT INTO app_portfolio.regional_setting (id, data, regional_type_id) VALUES (157,'America/Nome',1);
INSERT INTO app_portfolio.regional_setting (id, data, regional_type_id) VALUES (158,'America/Noronha',1);
INSERT INTO app_portfolio.regional_setting (id, data, regional_type_id) VALUES (159,'America/North_Dakota/Beulah',1);
INSERT INTO app_portfolio.regional_setting (id, data, regional_type_id) VALUES (160,'America/North_Dakota/Center',1);
INSERT INTO app_portfolio.regional_setting (id, data, regional_type_id) VALUES (161,'America/North_Dakota/New_Salem',1);
INSERT INTO app_portfolio.regional_setting (id, data, regional_type_id) VALUES (162,'America/Ojinaga',1);
INSERT INTO app_portfolio.regional_setting (id, data, regional_type_id) VALUES (163,'America/Panama',1);
INSERT INTO app_portfolio.regional_setting (id, data, regional_type_id) VALUES (164,'America/Pangnirtung',1);
INSERT INTO app_portfolio.regional_setting (id, data, regional_type_id) VALUES (165,'America/Paramaribo',1);
INSERT INTO app_portfolio.regional_setting (id, data, regional_type_id) VALUES (166,'America/Phoenix',1);
INSERT INTO app_portfolio.regional_setting (id, data, regional_type_id) VALUES (167,'America/Port_of_Spain',1);
INSERT INTO app_portfolio.regional_setting (id, data, regional_type_id) VALUES (168,'America/Port-au-Prince',1);
INSERT INTO app_portfolio.regional_setting (id, data, regional_type_id) VALUES (169,'America/Porto_Velho',1);
INSERT INTO app_portfolio.regional_setting (id, data, regional_type_id) VALUES (170,'America/Puerto_Rico',1);
INSERT INTO app_portfolio.regional_setting (id, data, regional_type_id) VALUES (171,'America/Rainy_River',1);
INSERT INTO app_portfolio.regional_setting (id, data, regional_type_id) VALUES (172,'America/Rankin_Inlet',1);
INSERT INTO app_portfolio.regional_setting (id, data, regional_type_id) VALUES (173,'America/Recife',1);
INSERT INTO app_portfolio.regional_setting (id, data, regional_type_id) VALUES (174,'America/Regina',1);
INSERT INTO app_portfolio.regional_setting (id, data, regional_type_id) VALUES (175,'America/Resolute',1);
INSERT INTO app_portfolio.regional_setting (id, data, regional_type_id) VALUES (176,'America/Rio_Branco',1);
INSERT INTO app_portfolio.regional_setting (id, data, regional_type_id) VALUES (177,'America/Santarem',1);
INSERT INTO app_portfolio.regional_setting (id, data, regional_type_id) VALUES (178,'America/Santiago',1);
INSERT INTO app_portfolio.regional_setting (id, data, regional_type_id) VALUES (179,'America/Santo_Domingo',1);
INSERT INTO app_portfolio.regional_setting (id, data, regional_type_id) VALUES (180,'America/Sao_Paulo',1);
INSERT INTO app_portfolio.regional_setting (id, data, regional_type_id) VALUES (181,'America/Scoresbysund',1);
INSERT INTO app_portfolio.regional_setting (id, data, regional_type_id) VALUES (182,'America/Sitka',1);
INSERT INTO app_portfolio.regional_setting (id, data, regional_type_id) VALUES (183,'America/St_Barthelemy',1);
INSERT INTO app_portfolio.regional_setting (id, data, regional_type_id) VALUES (184,'America/St_Johns',1);
INSERT INTO app_portfolio.regional_setting (id, data, regional_type_id) VALUES (185,'America/St_Kitts',1);
INSERT INTO app_portfolio.regional_setting (id, data, regional_type_id) VALUES (186,'America/St_Lucia',1);
INSERT INTO app_portfolio.regional_setting (id, data, regional_type_id) VALUES (187,'America/St_Thomas',1);
INSERT INTO app_portfolio.regional_setting (id, data, regional_type_id) VALUES (188,'America/St_Vincent',1);
INSERT INTO app_portfolio.regional_setting (id, data, regional_type_id) VALUES (189,'America/Swift_Current',1);
INSERT INTO app_portfolio.regional_setting (id, data, regional_type_id) VALUES (190,'America/Tegucigalpa',1);
INSERT INTO app_portfolio.regional_setting (id, data, regional_type_id) VALUES (191,'America/Thule',1);
INSERT INTO app_portfolio.regional_setting (id, data, regional_type_id) VALUES (192,'America/Thunder_Bay',1);
INSERT INTO app_portfolio.regional_setting (id, data, regional_type_id) VALUES (193,'America/Tijuana',1);
INSERT INTO app_portfolio.regional_setting (id, data, regional_type_id) VALUES (194,'America/Toronto',1);
INSERT INTO app_portfolio.regional_setting (id, data, regional_type_id) VALUES (195,'America/Tortola',1);
INSERT INTO app_portfolio.regional_setting (id, data, regional_type_id) VALUES (196,'America/Vancouver',1);
INSERT INTO app_portfolio.regional_setting (id, data, regional_type_id) VALUES (197,'America/Whitehorse',1);
INSERT INTO app_portfolio.regional_setting (id, data, regional_type_id) VALUES (198,'America/Winnipeg',1);
INSERT INTO app_portfolio.regional_setting (id, data, regional_type_id) VALUES (199,'America/Yakutat',1);
INSERT INTO app_portfolio.regional_setting (id, data, regional_type_id) VALUES (200,'America/Yellowknife',1);
INSERT INTO app_portfolio.regional_setting (id, data, regional_type_id) VALUES (201,'Antarctica/Macquarie',1);
INSERT INTO app_portfolio.regional_setting (id, data, regional_type_id) VALUES (202,'Arctic/Longyearbyen',1);
INSERT INTO app_portfolio.regional_setting (id, data, regional_type_id) VALUES (203,'Asia/Aden',1);
INSERT INTO app_portfolio.regional_setting (id, data, regional_type_id) VALUES (204,'Asia/Almaty',1);
INSERT INTO app_portfolio.regional_setting (id, data, regional_type_id) VALUES (205,'Asia/Amman',1);
INSERT INTO app_portfolio.regional_setting (id, data, regional_type_id) VALUES (206,'Asia/Anadyr',1);
INSERT INTO app_portfolio.regional_setting (id, data, regional_type_id) VALUES (207,'Asia/Aqtau',1);
INSERT INTO app_portfolio.regional_setting (id, data, regional_type_id) VALUES (208,'Asia/Aqtobe',1);
INSERT INTO app_portfolio.regional_setting (id, data, regional_type_id) VALUES (209,'Asia/Ashgabat',1);
INSERT INTO app_portfolio.regional_setting (id, data, regional_type_id) VALUES (210,'Asia/Baghdad',1);
INSERT INTO app_portfolio.regional_setting (id, data, regional_type_id) VALUES (211,'Asia/Bahrain',1);
INSERT INTO app_portfolio.regional_setting (id, data, regional_type_id) VALUES (212,'Asia/Baku',1);
INSERT INTO app_portfolio.regional_setting (id, data, regional_type_id) VALUES (213,'Asia/Bangkok',1);
INSERT INTO app_portfolio.regional_setting (id, data, regional_type_id) VALUES (214,'Asia/Barnaul',1);
INSERT INTO app_portfolio.regional_setting (id, data, regional_type_id) VALUES (215,'Asia/Beirut',1);
INSERT INTO app_portfolio.regional_setting (id, data, regional_type_id) VALUES (216,'Asia/Bishkek',1);
INSERT INTO app_portfolio.regional_setting (id, data, regional_type_id) VALUES (217,'Asia/Brunei',1);
INSERT INTO app_portfolio.regional_setting (id, data, regional_type_id) VALUES (218,'Asia/Chita',1);
INSERT INTO app_portfolio.regional_setting (id, data, regional_type_id) VALUES (219,'Asia/Choibalsan',1);
INSERT INTO app_portfolio.regional_setting (id, data, regional_type_id) VALUES (220,'Asia/Chongqing',1);
INSERT INTO app_portfolio.regional_setting (id, data, regional_type_id) VALUES (221,'Asia/Colombo',1);
INSERT INTO app_portfolio.regional_setting (id, data, regional_type_id) VALUES (222,'Asia/Damascus',1);
INSERT INTO app_portfolio.regional_setting (id, data, regional_type_id) VALUES (223,'Asia/Dhaka',1);
INSERT INTO app_portfolio.regional_setting (id, data, regional_type_id) VALUES (224,'Asia/Dili',1);
INSERT INTO app_portfolio.regional_setting (id, data, regional_type_id) VALUES (225,'Asia/Dubai',1);
INSERT INTO app_portfolio.regional_setting (id, data, regional_type_id) VALUES (226,'Asia/Dushanbe',1);
INSERT INTO app_portfolio.regional_setting (id, data, regional_type_id) VALUES (227,'Asia/Gaza',1);
INSERT INTO app_portfolio.regional_setting (id, data, regional_type_id) VALUES (228,'Asia/Harbin',1);
INSERT INTO app_portfolio.regional_setting (id, data, regional_type_id) VALUES (229,'Asia/Hebron',1);
INSERT INTO app_portfolio.regional_setting (id, data, regional_type_id) VALUES (230,'Asia/Ho_Chi_Minh',1);
INSERT INTO app_portfolio.regional_setting (id, data, regional_type_id) VALUES (231,'Asia/Hong_Kong',1);
INSERT INTO app_portfolio.regional_setting (id, data, regional_type_id) VALUES (232,'Asia/Hovd',1);
INSERT INTO app_portfolio.regional_setting (id, data, regional_type_id) VALUES (233,'Asia/Irkutsk',1);
INSERT INTO app_portfolio.regional_setting (id, data, regional_type_id) VALUES (234,'Asia/Jakarta',1);
INSERT INTO app_portfolio.regional_setting (id, data, regional_type_id) VALUES (235,'Asia/Jayapura',1);
INSERT INTO app_portfolio.regional_setting (id, data, regional_type_id) VALUES (236,'Asia/Jerusalem',1);
INSERT INTO app_portfolio.regional_setting (id, data, regional_type_id) VALUES (237,'Asia/Kabul',1);
INSERT INTO app_portfolio.regional_setting (id, data, regional_type_id) VALUES (238,'Asia/Kamchatka',1);
INSERT INTO app_portfolio.regional_setting (id, data, regional_type_id) VALUES (239,'Asia/Karachi',1);
INSERT INTO app_portfolio.regional_setting (id, data, regional_type_id) VALUES (240,'Asia/Kashgar',1);
INSERT INTO app_portfolio.regional_setting (id, data, regional_type_id) VALUES (241,'Asia/Kathmandu',1);
INSERT INTO app_portfolio.regional_setting (id, data, regional_type_id) VALUES (242,'Asia/Khandyga',1);
INSERT INTO app_portfolio.regional_setting (id, data, regional_type_id) VALUES (243,'Asia/Kolkata',1);
INSERT INTO app_portfolio.regional_setting (id, data, regional_type_id) VALUES (244,'Asia/Krasnoyarsk',1);
INSERT INTO app_portfolio.regional_setting (id, data, regional_type_id) VALUES (245,'Asia/Kuala_Lumpur',1);
INSERT INTO app_portfolio.regional_setting (id, data, regional_type_id) VALUES (246,'Asia/Kuching',1);
INSERT INTO app_portfolio.regional_setting (id, data, regional_type_id) VALUES (247,'Asia/Kuwait',1);
INSERT INTO app_portfolio.regional_setting (id, data, regional_type_id) VALUES (248,'Asia/Macau',1);
INSERT INTO app_portfolio.regional_setting (id, data, regional_type_id) VALUES (249,'Asia/Magadan',1);
INSERT INTO app_portfolio.regional_setting (id, data, regional_type_id) VALUES (250,'Asia/Makassar',1);
INSERT INTO app_portfolio.regional_setting (id, data, regional_type_id) VALUES (251,'Asia/Manila',1);
INSERT INTO app_portfolio.regional_setting (id, data, regional_type_id) VALUES (252,'Asia/Muscat',1);
INSERT INTO app_portfolio.regional_setting (id, data, regional_type_id) VALUES (253,'Asia/Nicosia',1);
INSERT INTO app_portfolio.regional_setting (id, data, regional_type_id) VALUES (254,'Asia/Novokuznetsk',1);
INSERT INTO app_portfolio.regional_setting (id, data, regional_type_id) VALUES (255,'Asia/Novosibirsk',1);
INSERT INTO app_portfolio.regional_setting (id, data, regional_type_id) VALUES (256,'Asia/Omsk',1);
INSERT INTO app_portfolio.regional_setting (id, data, regional_type_id) VALUES (257,'Asia/Oral',1);
INSERT INTO app_portfolio.regional_setting (id, data, regional_type_id) VALUES (258,'Asia/Phnom_Penh',1);
INSERT INTO app_portfolio.regional_setting (id, data, regional_type_id) VALUES (259,'Asia/Pontianak',1);
INSERT INTO app_portfolio.regional_setting (id, data, regional_type_id) VALUES (260,'Asia/Pyongyang',1);
INSERT INTO app_portfolio.regional_setting (id, data, regional_type_id) VALUES (261,'Asia/Qatar',1);
INSERT INTO app_portfolio.regional_setting (id, data, regional_type_id) VALUES (262,'Asia/Qyzylorda',1);
INSERT INTO app_portfolio.regional_setting (id, data, regional_type_id) VALUES (263,'Asia/Rangoon',1);
INSERT INTO app_portfolio.regional_setting (id, data, regional_type_id) VALUES (264,'Asia/Riyadh',1);
INSERT INTO app_portfolio.regional_setting (id, data, regional_type_id) VALUES (265,'Asia/Sakhalin',1);
INSERT INTO app_portfolio.regional_setting (id, data, regional_type_id) VALUES (266,'Asia/Samarkand',1);
INSERT INTO app_portfolio.regional_setting (id, data, regional_type_id) VALUES (267,'Asia/Seoul',1);
INSERT INTO app_portfolio.regional_setting (id, data, regional_type_id) VALUES (268,'Asia/Shanghai',1);
INSERT INTO app_portfolio.regional_setting (id, data, regional_type_id) VALUES (269,'Asia/Singapore',1);
INSERT INTO app_portfolio.regional_setting (id, data, regional_type_id) VALUES (270,'Asia/Srednekolymsk',1);
INSERT INTO app_portfolio.regional_setting (id, data, regional_type_id) VALUES (271,'Asia/Taipei',1);
INSERT INTO app_portfolio.regional_setting (id, data, regional_type_id) VALUES (272,'Asia/Tashkent',1);
INSERT INTO app_portfolio.regional_setting (id, data, regional_type_id) VALUES (273,'Asia/Tbilisi',1);
INSERT INTO app_portfolio.regional_setting (id, data, regional_type_id) VALUES (274,'Asia/Tehran',1);
INSERT INTO app_portfolio.regional_setting (id, data, regional_type_id) VALUES (275,'Asia/Thimphu',1);
INSERT INTO app_portfolio.regional_setting (id, data, regional_type_id) VALUES (276,'Asia/Tokyo',1);
INSERT INTO app_portfolio.regional_setting (id, data, regional_type_id) VALUES (277,'Asia/Tomsk',1);
INSERT INTO app_portfolio.regional_setting (id, data, regional_type_id) VALUES (278,'Asia/Ulaanbaatar',1);
INSERT INTO app_portfolio.regional_setting (id, data, regional_type_id) VALUES (279,'Asia/Urumqi',1);
INSERT INTO app_portfolio.regional_setting (id, data, regional_type_id) VALUES (280,'Asia/Ust-Nera',1);
INSERT INTO app_portfolio.regional_setting (id, data, regional_type_id) VALUES (281,'Asia/Vientiane',1);
INSERT INTO app_portfolio.regional_setting (id, data, regional_type_id) VALUES (282,'Asia/Vladivostok',1);
INSERT INTO app_portfolio.regional_setting (id, data, regional_type_id) VALUES (283,'Asia/Yakutsk',1);
INSERT INTO app_portfolio.regional_setting (id, data, regional_type_id) VALUES (284,'Asia/Yekaterinburg',1);
INSERT INTO app_portfolio.regional_setting (id, data, regional_type_id) VALUES (285,'Asia/Yerevan',1);
INSERT INTO app_portfolio.regional_setting (id, data, regional_type_id) VALUES (286,'Atlantic/Azores',1);
INSERT INTO app_portfolio.regional_setting (id, data, regional_type_id) VALUES (287,'Atlantic/Bermuda',1);
INSERT INTO app_portfolio.regional_setting (id, data, regional_type_id) VALUES (288,'Atlantic/Canary',1);
INSERT INTO app_portfolio.regional_setting (id, data, regional_type_id) VALUES (289,'Atlantic/Cape_Verde',1);
INSERT INTO app_portfolio.regional_setting (id, data, regional_type_id) VALUES (290,'Atlantic/Faroe',1);
INSERT INTO app_portfolio.regional_setting (id, data, regional_type_id) VALUES (291,'Atlantic/Madeira',1);
INSERT INTO app_portfolio.regional_setting (id, data, regional_type_id) VALUES (292,'Atlantic/Reykjavik',1);
INSERT INTO app_portfolio.regional_setting (id, data, regional_type_id) VALUES (293,'Atlantic/South_Georgia',1);
INSERT INTO app_portfolio.regional_setting (id, data, regional_type_id) VALUES (294,'Atlantic/St_Helena',1);
INSERT INTO app_portfolio.regional_setting (id, data, regional_type_id) VALUES (295,'Atlantic/Stanley',1);
INSERT INTO app_portfolio.regional_setting (id, data, regional_type_id) VALUES (296,'Australia/Adelaide',1);
INSERT INTO app_portfolio.regional_setting (id, data, regional_type_id) VALUES (297,'Australia/Brisbane',1);
INSERT INTO app_portfolio.regional_setting (id, data, regional_type_id) VALUES (298,'Australia/Broken_Hill',1);
INSERT INTO app_portfolio.regional_setting (id, data, regional_type_id) VALUES (299,'Australia/Currie',1);
INSERT INTO app_portfolio.regional_setting (id, data, regional_type_id) VALUES (300,'Australia/Darwin',1);
INSERT INTO app_portfolio.regional_setting (id, data, regional_type_id) VALUES (301,'Australia/Eucla',1);
INSERT INTO app_portfolio.regional_setting (id, data, regional_type_id) VALUES (302,'Australia/Hobart',1);
INSERT INTO app_portfolio.regional_setting (id, data, regional_type_id) VALUES (303,'Australia/Lindeman',1);
INSERT INTO app_portfolio.regional_setting (id, data, regional_type_id) VALUES (304,'Australia/Lord_Howe',1);
INSERT INTO app_portfolio.regional_setting (id, data, regional_type_id) VALUES (305,'Australia/Melbourne',1);
INSERT INTO app_portfolio.regional_setting (id, data, regional_type_id) VALUES (306,'Australia/Perth',1);
INSERT INTO app_portfolio.regional_setting (id, data, regional_type_id) VALUES (307,'Australia/Sydney',1);
INSERT INTO app_portfolio.regional_setting (id, data, regional_type_id) VALUES (308,'Europe/Amsterdam',1);
INSERT INTO app_portfolio.regional_setting (id, data, regional_type_id) VALUES (309,'Europe/Andorra',1);
INSERT INTO app_portfolio.regional_setting (id, data, regional_type_id) VALUES (310,'Europe/Astrakhan',1);
INSERT INTO app_portfolio.regional_setting (id, data, regional_type_id) VALUES (311,'Europe/Athens',1);
INSERT INTO app_portfolio.regional_setting (id, data, regional_type_id) VALUES (312,'Europe/Belgrade',1);
INSERT INTO app_portfolio.regional_setting (id, data, regional_type_id) VALUES (313,'Europe/Berlin',1);
INSERT INTO app_portfolio.regional_setting (id, data, regional_type_id) VALUES (314,'Europe/Bratislava',1);
INSERT INTO app_portfolio.regional_setting (id, data, regional_type_id) VALUES (315,'Europe/Brussels',1);
INSERT INTO app_portfolio.regional_setting (id, data, regional_type_id) VALUES (316,'Europe/Bucharest',1);
INSERT INTO app_portfolio.regional_setting (id, data, regional_type_id) VALUES (317,'Europe/Budapest',1);
INSERT INTO app_portfolio.regional_setting (id, data, regional_type_id) VALUES (318,'Europe/Busingen',1);
INSERT INTO app_portfolio.regional_setting (id, data, regional_type_id) VALUES (319,'Europe/Chisinau',1);
INSERT INTO app_portfolio.regional_setting (id, data, regional_type_id) VALUES (320,'Europe/Copenhagen',1);
INSERT INTO app_portfolio.regional_setting (id, data, regional_type_id) VALUES (321,'Europe/Dublin',1);
INSERT INTO app_portfolio.regional_setting (id, data, regional_type_id) VALUES (322,'Europe/Gibraltar',1);
INSERT INTO app_portfolio.regional_setting (id, data, regional_type_id) VALUES (323,'Europe/Guernsey',1);
INSERT INTO app_portfolio.regional_setting (id, data, regional_type_id) VALUES (324,'Europe/Helsinki',1);
INSERT INTO app_portfolio.regional_setting (id, data, regional_type_id) VALUES (325,'Europe/Isle_of_Man',1);
INSERT INTO app_portfolio.regional_setting (id, data, regional_type_id) VALUES (326,'Europe/Istanbul',1);
INSERT INTO app_portfolio.regional_setting (id, data, regional_type_id) VALUES (327,'Europe/Jersey',1);
INSERT INTO app_portfolio.regional_setting (id, data, regional_type_id) VALUES (328,'Europe/Kaliningrad',1);
INSERT INTO app_portfolio.regional_setting (id, data, regional_type_id) VALUES (329,'Europe/Kiev',1);
INSERT INTO app_portfolio.regional_setting (id, data, regional_type_id) VALUES (330,'Europe/Kirov',1);
INSERT INTO app_portfolio.regional_setting (id, data, regional_type_id) VALUES (331,'Europe/Lisbon',1);
INSERT INTO app_portfolio.regional_setting (id, data, regional_type_id) VALUES (332,'Europe/Ljubljana',1);
INSERT INTO app_portfolio.regional_setting (id, data, regional_type_id) VALUES (333,'Europe/London',1);
INSERT INTO app_portfolio.regional_setting (id, data, regional_type_id) VALUES (334,'Europe/Luxembourg',1);
INSERT INTO app_portfolio.regional_setting (id, data, regional_type_id) VALUES (335,'Europe/Madrid',1);
INSERT INTO app_portfolio.regional_setting (id, data, regional_type_id) VALUES (336,'Europe/Malta',1);
INSERT INTO app_portfolio.regional_setting (id, data, regional_type_id) VALUES (337,'Europe/Mariehamn',1);
INSERT INTO app_portfolio.regional_setting (id, data, regional_type_id) VALUES (338,'Europe/Minsk',1);
INSERT INTO app_portfolio.regional_setting (id, data, regional_type_id) VALUES (339,'Europe/Monaco',1);
INSERT INTO app_portfolio.regional_setting (id, data, regional_type_id) VALUES (340,'Europe/Moscow',1);
INSERT INTO app_portfolio.regional_setting (id, data, regional_type_id) VALUES (341,'Europe/Oslo',1);
INSERT INTO app_portfolio.regional_setting (id, data, regional_type_id) VALUES (342,'Europe/Paris',1);
INSERT INTO app_portfolio.regional_setting (id, data, regional_type_id) VALUES (343,'Europe/Podgorica',1);
INSERT INTO app_portfolio.regional_setting (id, data, regional_type_id) VALUES (344,'Europe/Prague',1);
INSERT INTO app_portfolio.regional_setting (id, data, regional_type_id) VALUES (345,'Europe/Riga',1);
INSERT INTO app_portfolio.regional_setting (id, data, regional_type_id) VALUES (346,'Europe/Rome',1);
INSERT INTO app_portfolio.regional_setting (id, data, regional_type_id) VALUES (347,'Europe/Samara',1);
INSERT INTO app_portfolio.regional_setting (id, data, regional_type_id) VALUES (348,'Europe/San_Marino',1);
INSERT INTO app_portfolio.regional_setting (id, data, regional_type_id) VALUES (349,'Europe/Sarajevo',1);
INSERT INTO app_portfolio.regional_setting (id, data, regional_type_id) VALUES (350,'Europe/Simferopol',1);
INSERT INTO app_portfolio.regional_setting (id, data, regional_type_id) VALUES (351,'Europe/Skopje',1);
INSERT INTO app_portfolio.regional_setting (id, data, regional_type_id) VALUES (352,'Europe/Sofia',1);
INSERT INTO app_portfolio.regional_setting (id, data, regional_type_id) VALUES (353,'Europe/Stockholm',1);
INSERT INTO app_portfolio.regional_setting (id, data, regional_type_id) VALUES (354,'Europe/Tallinn',1);
INSERT INTO app_portfolio.regional_setting (id, data, regional_type_id) VALUES (355,'Europe/Tirane',1);
INSERT INTO app_portfolio.regional_setting (id, data, regional_type_id) VALUES (356,'Europe/Ulyanovsk',1);
INSERT INTO app_portfolio.regional_setting (id, data, regional_type_id) VALUES (357,'Europe/Uzhgorod',1);
INSERT INTO app_portfolio.regional_setting (id, data, regional_type_id) VALUES (358,'Europe/Vaduz',1);
INSERT INTO app_portfolio.regional_setting (id, data, regional_type_id) VALUES (359,'Europe/Vatican',1);
INSERT INTO app_portfolio.regional_setting (id, data, regional_type_id) VALUES (360,'Europe/Vienna',1);
INSERT INTO app_portfolio.regional_setting (id, data, regional_type_id) VALUES (361,'Europe/Vilnius',1);
INSERT INTO app_portfolio.regional_setting (id, data, regional_type_id) VALUES (362,'Europe/Volgograd',1);
INSERT INTO app_portfolio.regional_setting (id, data, regional_type_id) VALUES (363,'Europe/Warsaw',1);
INSERT INTO app_portfolio.regional_setting (id, data, regional_type_id) VALUES (364,'Europe/Zagreb',1);
INSERT INTO app_portfolio.regional_setting (id, data, regional_type_id) VALUES (365,'Europe/Zaporozhye',1);
INSERT INTO app_portfolio.regional_setting (id, data, regional_type_id) VALUES (366,'Europe/Zurich',1);
INSERT INTO app_portfolio.regional_setting (id, data, regional_type_id) VALUES (367,'Indian/Antananarivo',1);
INSERT INTO app_portfolio.regional_setting (id, data, regional_type_id) VALUES (368,'Indian/Chagos',1);
INSERT INTO app_portfolio.regional_setting (id, data, regional_type_id) VALUES (369,'Indian/Christmas',1);
INSERT INTO app_portfolio.regional_setting (id, data, regional_type_id) VALUES (370,'Indian/Cocos',1);
INSERT INTO app_portfolio.regional_setting (id, data, regional_type_id) VALUES (371,'Indian/Comoro',1);
INSERT INTO app_portfolio.regional_setting (id, data, regional_type_id) VALUES (372,'Indian/Kerguelen',1);
INSERT INTO app_portfolio.regional_setting (id, data, regional_type_id) VALUES (373,'Indian/Mahe',1);
INSERT INTO app_portfolio.regional_setting (id, data, regional_type_id) VALUES (374,'Indian/Maldives',1);
INSERT INTO app_portfolio.regional_setting (id, data, regional_type_id) VALUES (375,'Indian/Mauritius',1);
INSERT INTO app_portfolio.regional_setting (id, data, regional_type_id) VALUES (376,'Indian/Mayotte',1);
INSERT INTO app_portfolio.regional_setting (id, data, regional_type_id) VALUES (377,'Indian/Reunion',1);
INSERT INTO app_portfolio.regional_setting (id, data, regional_type_id) VALUES (378,'Pacific/Apia',1);
INSERT INTO app_portfolio.regional_setting (id, data, regional_type_id) VALUES (379,'Pacific/Auckland',1);
INSERT INTO app_portfolio.regional_setting (id, data, regional_type_id) VALUES (380,'Pacific/Bougainville',1);
INSERT INTO app_portfolio.regional_setting (id, data, regional_type_id) VALUES (381,'Pacific/Chatham',1);
INSERT INTO app_portfolio.regional_setting (id, data, regional_type_id) VALUES (382,'Pacific/Chuuk',1);
INSERT INTO app_portfolio.regional_setting (id, data, regional_type_id) VALUES (383,'Pacific/Easter',1);
INSERT INTO app_portfolio.regional_setting (id, data, regional_type_id) VALUES (384,'Pacific/Efate',1);
INSERT INTO app_portfolio.regional_setting (id, data, regional_type_id) VALUES (385,'Pacific/Enderbury',1);
INSERT INTO app_portfolio.regional_setting (id, data, regional_type_id) VALUES (386,'Pacific/Fakaofo',1);
INSERT INTO app_portfolio.regional_setting (id, data, regional_type_id) VALUES (387,'Pacific/Fiji',1);
INSERT INTO app_portfolio.regional_setting (id, data, regional_type_id) VALUES (388,'Pacific/Funafuti',1);
INSERT INTO app_portfolio.regional_setting (id, data, regional_type_id) VALUES (389,'Pacific/Galapagos',1);
INSERT INTO app_portfolio.regional_setting (id, data, regional_type_id) VALUES (390,'Pacific/Gambier',1);
INSERT INTO app_portfolio.regional_setting (id, data, regional_type_id) VALUES (391,'Pacific/Guadalcanal',1);
INSERT INTO app_portfolio.regional_setting (id, data, regional_type_id) VALUES (392,'Pacific/Guam',1);
INSERT INTO app_portfolio.regional_setting (id, data, regional_type_id) VALUES (393,'Pacific/Honolulu',1);
INSERT INTO app_portfolio.regional_setting (id, data, regional_type_id) VALUES (394,'Pacific/Johnston',1);
INSERT INTO app_portfolio.regional_setting (id, data, regional_type_id) VALUES (395,'Pacific/Kiritimati',1);
INSERT INTO app_portfolio.regional_setting (id, data, regional_type_id) VALUES (396,'Pacific/Kosrae',1);
INSERT INTO app_portfolio.regional_setting (id, data, regional_type_id) VALUES (397,'Pacific/Kwajalein',1);
INSERT INTO app_portfolio.regional_setting (id, data, regional_type_id) VALUES (398,'Pacific/Majuro',1);
INSERT INTO app_portfolio.regional_setting (id, data, regional_type_id) VALUES (399,'Pacific/Marquesas',1);
INSERT INTO app_portfolio.regional_setting (id, data, regional_type_id) VALUES (400,'Pacific/Midway',1);
INSERT INTO app_portfolio.regional_setting (id, data, regional_type_id) VALUES (401,'Pacific/Nauru',1);
INSERT INTO app_portfolio.regional_setting (id, data, regional_type_id) VALUES (402,'Pacific/Niue',1);
INSERT INTO app_portfolio.regional_setting (id, data, regional_type_id) VALUES (403,'Pacific/Norfolk',1);
INSERT INTO app_portfolio.regional_setting (id, data, regional_type_id) VALUES (404,'Pacific/Noumea',1);
INSERT INTO app_portfolio.regional_setting (id, data, regional_type_id) VALUES (405,'Pacific/Pago_Pago',1);
INSERT INTO app_portfolio.regional_setting (id, data, regional_type_id) VALUES (406,'Pacific/Palau',1);
INSERT INTO app_portfolio.regional_setting (id, data, regional_type_id) VALUES (407,'Pacific/Pitcairn',1);
INSERT INTO app_portfolio.regional_setting (id, data, regional_type_id) VALUES (408,'Pacific/Pohnpei',1);
INSERT INTO app_portfolio.regional_setting (id, data, regional_type_id) VALUES (409,'Pacific/Port_Moresby',1);
INSERT INTO app_portfolio.regional_setting (id, data, regional_type_id) VALUES (410,'Pacific/Rarotonga',1);
INSERT INTO app_portfolio.regional_setting (id, data, regional_type_id) VALUES (411,'Pacific/Saipan',1);
INSERT INTO app_portfolio.regional_setting (id, data, regional_type_id) VALUES (412,'Pacific/Tahiti',1);
INSERT INTO app_portfolio.regional_setting (id, data, regional_type_id) VALUES (413,'Pacific/Tarawa',1);
INSERT INTO app_portfolio.regional_setting (id, data, regional_type_id) VALUES (414,'Pacific/Tongatapu',1);
INSERT INTO app_portfolio.regional_setting (id, data, regional_type_id) VALUES (415,'Pacific/Wake',1);
INSERT INTO app_portfolio.regional_setting (id, data, regional_type_id) VALUES (416,'Pacific/Wallis',1);
INSERT INTO app_portfolio.regional_setting (id, data, regional_type_id) VALUES (417,'Pacific/Yap',1);
INSERT INTO app_portfolio.regional_setting (id, data, regional_type_id) VALUES (418,'uninhabited',1);
INSERT INTO app_portfolio.regional_setting (id, data, regional_type_id) VALUES (419,'UTC',1);
INSERT INTO app_portfolio.regional_setting (id, data, regional_type_id) VALUES (420,'Etc/GMT+12',1);
INSERT INTO app_portfolio.regional_setting (id, data, regional_type_id) VALUES (421,'Etc/GMT+11',1);
INSERT INTO app_portfolio.regional_setting (id, data, regional_type_id) VALUES (422,'Etc/GMT+10',1);
INSERT INTO app_portfolio.regional_setting (id, data, regional_type_id) VALUES (423,'Etc/GMT+9',1);
INSERT INTO app_portfolio.regional_setting (id, data, regional_type_id) VALUES (424,'Etc/GMT+8',1);
INSERT INTO app_portfolio.regional_setting (id, data, regional_type_id) VALUES (425,'Etc/GMT+7',1);
INSERT INTO app_portfolio.regional_setting (id, data, regional_type_id) VALUES (426,'Etc/GMT+6',1);
INSERT INTO app_portfolio.regional_setting (id, data, regional_type_id) VALUES (427,'Etc/GMT+5',1);
INSERT INTO app_portfolio.regional_setting (id, data, regional_type_id) VALUES (428,'Etc/GMT+4',1);
INSERT INTO app_portfolio.regional_setting (id, data, regional_type_id) VALUES (429,'Etc/GMT+3',1);
INSERT INTO app_portfolio.regional_setting (id, data, regional_type_id) VALUES (430,'Etc/GMT+2',1);
INSERT INTO app_portfolio.regional_setting (id, data, regional_type_id) VALUES (431,'Etc/GMT+1',1);
INSERT INTO app_portfolio.regional_setting (id, data, regional_type_id) VALUES (432,'Etc/GMT+0',1);
INSERT INTO app_portfolio.regional_setting (id, data, regional_type_id) VALUES (433,'Etc/GMT0',1);
INSERT INTO app_portfolio.regional_setting (id, data, regional_type_id) VALUES (434,'Etc/GMT-0',1);
INSERT INTO app_portfolio.regional_setting (id, data, regional_type_id) VALUES (435,'Etc/GMT-1',1);
INSERT INTO app_portfolio.regional_setting (id, data, regional_type_id) VALUES (436,'Etc/GMT-2',1);
INSERT INTO app_portfolio.regional_setting (id, data, regional_type_id) VALUES (437,'Etc/GMT-3',1);
INSERT INTO app_portfolio.regional_setting (id, data, regional_type_id) VALUES (438,'Etc/GMT-4',1);
INSERT INTO app_portfolio.regional_setting (id, data, regional_type_id) VALUES (439,'Etc/GMT-5',1);
INSERT INTO app_portfolio.regional_setting (id, data, regional_type_id) VALUES (440,'Etc/GMT-6',1);
INSERT INTO app_portfolio.regional_setting (id, data, regional_type_id) VALUES (441,'Etc/GMT-7',1);
INSERT INTO app_portfolio.regional_setting (id, data, regional_type_id) VALUES (442,'Etc/GMT-8',1);
INSERT INTO app_portfolio.regional_setting (id, data, regional_type_id) VALUES (443,'Etc/GMT-9',1);
INSERT INTO app_portfolio.regional_setting (id, data, regional_type_id) VALUES (444,'Etc/GMT-10',1);
INSERT INTO app_portfolio.regional_setting (id, data, regional_type_id) VALUES (445,'Etc/GMT-11',1);
INSERT INTO app_portfolio.regional_setting (id, data, regional_type_id) VALUES (446,'Etc/GMT-12',1);
INSERT INTO app_portfolio.regional_setting (id, data, regional_type_id) VALUES (447,'Etc/GMT-13',1);
INSERT INTO app_portfolio.regional_setting (id, data, regional_type_id) VALUES (448,'Etc/GMT-14',1);
INSERT INTO app_portfolio.regional_setting (id, data, regional_type_id) VALUES (449,'Etc/GMT',1);
INSERT INTO app_portfolio.regional_setting (id, data, regional_type_id) VALUES (450,'Etc/Greenwich',1);
INSERT INTO app_portfolio.regional_setting (id, data, regional_type_id) VALUES (451,'Etc/UCT',1);
INSERT INTO app_portfolio.regional_setting (id, data, regional_type_id) VALUES (452,'Etc/UTC',1);
INSERT INTO app_portfolio.regional_setting (id, data, regional_type_id) VALUES (453,'Etc/Universal',1);
INSERT INTO app_portfolio.regional_setting (id, data, regional_type_id) VALUES (454,'Etc/Zulu',1);
INSERT INTO app_portfolio.regional_setting (id, data, regional_type_id) VALUES (455,'arab',2);
INSERT INTO app_portfolio.regional_setting (id, data, regional_type_id) VALUES (456,'mymr',2);
INSERT INTO app_portfolio.regional_setting (id, data, regional_type_id) VALUES (457,'arab',2);
INSERT INTO app_portfolio.regional_setting (id, data, regional_type_id) VALUES (458,'arabext',2);
INSERT INTO app_portfolio.regional_setting (id, data, regional_type_id) VALUES (459,'bali',2);
INSERT INTO app_portfolio.regional_setting (id, data, regional_type_id) VALUES (460,'beng',2);
INSERT INTO app_portfolio.regional_setting (id, data, regional_type_id) VALUES (461,'deva',2);
INSERT INTO app_portfolio.regional_setting (id, data, regional_type_id) VALUES (462,'fullwide',2);
INSERT INTO app_portfolio.regional_setting (id, data, regional_type_id) VALUES (463,'gujr',2);
INSERT INTO app_portfolio.regional_setting (id, data, regional_type_id) VALUES (464,'guru',2);
INSERT INTO app_portfolio.regional_setting (id, data, regional_type_id) VALUES (465,'hanidec',2);
INSERT INTO app_portfolio.regional_setting (id, data, regional_type_id) VALUES (466,'khmr',2);
INSERT INTO app_portfolio.regional_setting (id, data, regional_type_id) VALUES (467,'knda',2);
INSERT INTO app_portfolio.regional_setting (id, data, regional_type_id) VALUES (468,'laoo',2);
INSERT INTO app_portfolio.regional_setting (id, data, regional_type_id) VALUES (469,'latn',2);
INSERT INTO app_portfolio.regional_setting (id, data, regional_type_id) VALUES (470,'limb',2);
INSERT INTO app_portfolio.regional_setting (id, data, regional_type_id) VALUES (471,'mlym',2);
INSERT INTO app_portfolio.regional_setting (id, data, regional_type_id) VALUES (472,'mong',2);
INSERT INTO app_portfolio.regional_setting (id, data, regional_type_id) VALUES (473,'mymr',2);
INSERT INTO app_portfolio.regional_setting (id, data, regional_type_id) VALUES (474,'orya',2);
INSERT INTO app_portfolio.regional_setting (id, data, regional_type_id) VALUES (475,'tamldec',2);
INSERT INTO app_portfolio.regional_setting (id, data, regional_type_id) VALUES (476,'telu',2);
INSERT INTO app_portfolio.regional_setting (id, data, regional_type_id) VALUES (477,'thai',2);
INSERT INTO app_portfolio.regional_setting (id, data, regional_type_id) VALUES (478,'tibt',2);
INSERT INTO app_portfolio.regional_setting (id, data, regional_type_id) VALUES (479,'ltr',3);
INSERT INTO app_portfolio.regional_setting (id, data, regional_type_id) VALUES (480,'rtl',3);
INSERT INTO app_portfolio.regional_setting (id, data, regional_type_id) VALUES (481,'0',4);
INSERT INTO app_portfolio.regional_setting (id, data, regional_type_id) VALUES (482,'1',4);
INSERT INTO app_portfolio.regional_setting (id, data, regional_type_id) VALUES (483,'2',4);
INSERT INTO app_portfolio.regional_setting (id, data, regional_type_id) VALUES (484,'3',4);
INSERT INTO app_portfolio.regional_setting (id, data, regional_type_id) VALUES (485,'font_arabic_sans_kufi',5);
INSERT INTO app_portfolio.regional_setting (id, data, regional_type_id) VALUES (486,'font_arabic_kufi',5);
INSERT INTO app_portfolio.regional_setting (id, data, regional_type_id) VALUES (487,'font_arabic_nashk',5);
INSERT INTO app_portfolio.regional_setting (id, data, regional_type_id) VALUES (488,'font_arabic_nastaliq',5);
INSERT INTO app_portfolio.regional_setting (id, data, regional_type_id) VALUES (489,'font_arabic_ui',5);
INSERT INTO app_portfolio.regional_setting (id, data, regional_type_id) VALUES (490,'GREGORIAN',6);
INSERT INTO app_portfolio.regional_setting (id, data, regional_type_id) VALUES (491,'HIJRI',6);
INSERT INTO app_portfolio.regional_setting (id, data, regional_type_id) VALUES (492,'islamic',7);
INSERT INTO app_portfolio.regional_setting (id, data, regional_type_id) VALUES (493,'islamic-umalqura',7);
INSERT INTO app_portfolio.regional_setting (id, data, regional_type_id) VALUES (494,'islamic-tbla',7);
INSERT INTO app_portfolio.regional_setting (id, data, regional_type_id) VALUES (495,'islamic-civil',7);
INSERT INTO app_portfolio.regional_setting (id, data, regional_type_id) VALUES (496,'islamic-rgsa',7);
--
-- Dumping data for table app2_place
--
INSERT INTO app_portfolio.app2_place (id, title, latitude, longitude, timezone, country1_id, country2_id, group_place1_id, group_place2_id) VALUES (40002,'Kaaba, Masjid al-Haram, Makkah','+21.4225','+39.8262','Asia/Riyadh',438,NULL,9,4);
INSERT INTO app_portfolio.app2_place (id, title, latitude, longitude, timezone, country1_id, country2_id, group_place1_id, group_place2_id) VALUES (40003,'Al-Masjid an-Nabawi, Medina','+24.469','+39.611','Asia/Riyadh',438,NULL,9,4);
INSERT INTO app_portfolio.app2_place (id, title, latitude, longitude, timezone, country1_id, country2_id, group_place1_id, group_place2_id) VALUES (40004,'Al-Aqsa, Jerusalem','+31.7765','+35.2356','Asia/Riyadh',420,360,9,4);
--
-- Dumping data for table app2_theme_category
--
INSERT INTO app_portfolio.app2_theme_category (id, title) VALUES (1,'Basic');
--
-- Dumping data for table app2_theme_type
--
INSERT INTO app_portfolio.app2_theme_type (id, title) VALUES (1,'DAY');
INSERT INTO app_portfolio.app2_theme_type (id, title) VALUES (2,'MONTH');
INSERT INTO app_portfolio.app2_theme_type (id, title) VALUES (3,'YEAR');
--
-- Dumping data for table app2_theme
--
INSERT INTO app_portfolio.app2_theme (id, title, author, author_url, premium, image_preview, image_preview_url, image_header, image_header_url, image_footer, image_footer_url, image_background, image_background_url, app2_theme_type_id, app2_theme_category_id) VALUES (10001,'Blue','GF','',NULL,NULL,'/app2/css/images/theme_day_10001.jpg',NULL,NULL,NULL,NULL,NULL,NULL,1,1);
INSERT INTO app_portfolio.app2_theme (id, title, author, author_url, premium, image_preview, image_preview_url, image_header, image_header_url, image_footer, image_footer_url, image_background, image_background_url, app2_theme_type_id, app2_theme_category_id) VALUES (10002,'Green','GF','',NULL,NULL,'/app2/css/images/theme_day_10002.jpg',NULL,NULL,NULL,NULL,NULL,NULL,1,1);
INSERT INTO app_portfolio.app2_theme (id, title, author, author_url, premium, image_preview, image_preview_url, image_header, image_header_url, image_footer, image_footer_url, image_background, image_background_url, app2_theme_type_id, app2_theme_category_id) VALUES (10003,'Green Gold','GF','',NULL,NULL,'/app2/css/images/theme_day_10003.jpg',NULL,NULL,NULL,NULL,NULL,NULL,1,1);
INSERT INTO app_portfolio.app2_theme (id, title, author, author_url, premium, image_preview, image_preview_url, image_header, image_header_url, image_footer, image_footer_url, image_background, image_background_url, app2_theme_type_id, app2_theme_category_id) VALUES (20001,'White','GF','',NULL,NULL,'/app2/css/images/theme_month_20001.jpg',NULL,NULL,NULL,NULL,NULL,NULL,2,1);
INSERT INTO app_portfolio.app2_theme (id, title, author, author_url, premium, image_preview, image_preview_url, image_header, image_header_url, image_footer, image_footer_url, image_background, image_background_url, app2_theme_type_id, app2_theme_category_id) VALUES (20002,'White with lines','GF','',NULL,NULL,'/app2/css/images/theme_month_20002.jpg',NULL,NULL,NULL,NULL,NULL,NULL,2,1);
INSERT INTO app_portfolio.app2_theme (id, title, author, author_url, premium, image_preview, image_preview_url, image_header, image_header_url, image_footer, image_footer_url, image_background, image_background_url, app2_theme_type_id, app2_theme_category_id) VALUES (20003,'Green Gold','GF','',NULL,NULL,'/app2/css/images/theme_month_20003.jpg',NULL,NULL,NULL,NULL,NULL,NULL,2,1);
INSERT INTO app_portfolio.app2_theme (id, title, author, author_url, premium, image_preview, image_preview_url, image_header, image_header_url, image_footer, image_footer_url, image_background, image_background_url, app2_theme_type_id, app2_theme_category_id) VALUES (20004,'Naive','GF','',NULL,NULL,'/app2/css/images/theme_month_20004.jpg',NULL,NULL,NULL,NULL,NULL,NULL,2,1);
INSERT INTO app_portfolio.app2_theme (id, title, author, author_url, premium, image_preview, image_preview_url, image_header, image_header_url, image_footer, image_footer_url, image_background, image_background_url, app2_theme_type_id, app2_theme_category_id) VALUES (20005,'Green vertical','GF','',NULL,NULL,'/app2/css/images/theme_month_20005.jpg',NULL,NULL,NULL,NULL,NULL,NULL,2,1);
INSERT INTO app_portfolio.app2_theme (id, title, author, author_url, premium, image_preview, image_preview_url, image_header, image_header_url, image_footer, image_footer_url, image_background, image_background_url, app2_theme_type_id, app2_theme_category_id) VALUES (20006,'Blue vertical','GF','',NULL,NULL,'/app2/css/images/theme_month_20006.jpg',NULL,NULL,NULL,NULL,NULL,NULL,2,1);
INSERT INTO app_portfolio.app2_theme (id, title, author, author_url, premium, image_preview, image_preview_url, image_header, image_header_url, image_footer, image_footer_url, image_background, image_background_url, app2_theme_type_id, app2_theme_category_id) VALUES (20007,'Beige vertical','GF','',NULL,NULL,'/app2/css/images/theme_month_20007.jpg',NULL,NULL,NULL,NULL,NULL,NULL,2,1);
INSERT INTO app_portfolio.app2_theme (id, title, author, author_url, premium, image_preview, image_preview_url, image_header, image_header_url, image_footer, image_footer_url, image_background, image_background_url, app2_theme_type_id, app2_theme_category_id) VALUES (20008,'Lady','GF','',NULL,NULL,'/app2/css/images/theme_month_20008.jpg',NULL,NULL,NULL,NULL,NULL,NULL,2,1);
INSERT INTO app_portfolio.app2_theme (id, title, author, author_url, premium, image_preview, image_preview_url, image_header, image_header_url, image_footer, image_footer_url, image_background, image_background_url, app2_theme_type_id, app2_theme_category_id) VALUES (20009,'Light blue','GF','',NULL,NULL,'/app2/css/images/theme_month_20009.jpg',NULL,NULL,NULL,NULL,NULL,NULL,2,1);
INSERT INTO app_portfolio.app2_theme (id, title, author, author_url, premium, image_preview, image_preview_url, image_header, image_header_url, image_footer, image_footer_url, image_background, image_background_url, app2_theme_type_id, app2_theme_category_id) VALUES (20010,'Orange blue','GF','',NULL,NULL,'/app2/css/images/theme_month_20010.jpg',NULL,NULL,NULL,NULL,NULL,NULL,2,1);
INSERT INTO app_portfolio.app2_theme (id, title, author, author_url, premium, image_preview, image_preview_url, image_header, image_header_url, image_footer, image_footer_url, image_background, image_background_url, app2_theme_type_id, app2_theme_category_id) VALUES (20011,'Orange grey','GF','',NULL,NULL,'/app2/css/images/theme_month_20011.jpg',NULL,NULL,NULL,NULL,NULL,NULL,2,1);
INSERT INTO app_portfolio.app2_theme (id, title, author, author_url, premium, image_preview, image_preview_url, image_header, image_header_url, image_footer, image_footer_url, image_background, image_background_url, app2_theme_type_id, app2_theme_category_id) VALUES (20012,'Light blue simple','GF','',NULL,NULL,'/app2/css/images/theme_month_20012.jpg',NULL,NULL,NULL,NULL,NULL,NULL,2,1);
INSERT INTO app_portfolio.app2_theme (id, title, author, author_url, premium, image_preview, image_preview_url, image_header, image_header_url, image_footer, image_footer_url, image_background, image_background_url, app2_theme_type_id, app2_theme_category_id) VALUES (20013,'Gradient grey','GF','',NULL,NULL,'/app2/css/images/theme_month_20013.jpg',NULL,NULL,NULL,NULL,NULL,NULL,2,1);
INSERT INTO app_portfolio.app2_theme (id, title, author, author_url, premium, image_preview, image_preview_url, image_header, image_header_url, image_footer, image_footer_url, image_background, image_background_url, app2_theme_type_id, app2_theme_category_id) VALUES (20014,'Red grey','GF','',NULL,NULL,'/app2/css/images/theme_month_20014.jpg',NULL,NULL,NULL,NULL,NULL,NULL,2,1);
INSERT INTO app_portfolio.app2_theme (id, title, author, author_url, premium, image_preview, image_preview_url, image_header, image_header_url, image_footer, image_footer_url, image_background, image_background_url, app2_theme_type_id, app2_theme_category_id) VALUES (20015,'Beige horizontal','GF','',NULL,NULL,'/app2/css/images/theme_month_20015.jpg',NULL,NULL,NULL,NULL,NULL,NULL,2,1);
INSERT INTO app_portfolio.app2_theme (id, title, author, author_url, premium, image_preview, image_preview_url, image_header, image_header_url, image_footer, image_footer_url, image_background, image_background_url, app2_theme_type_id, app2_theme_category_id) VALUES (30001,'White','GF','',NULL,NULL,'/app2/css/images/theme_year_30001.jpg',NULL,NULL,NULL,NULL,NULL,NULL,3,1);